ids,can_cor.mean,can_cor.sd,cor.mean,cor.sd,cov.mean,cov.sd,eigenvalues.mean,eigenvalues.sd,g_mean.mean,g_mean.sd,gravity,h_mean.mean,h_mean.sd,iq_range.mean,iq_range.sd,kurtosis.mean,kurtosis.sd,lh_trace,mad.mean,mad.sd,max.mean,max.sd,mean.mean,mean.sd,median.mean,median.sd,min.mean,min.sd,nr_cor_attr,nr_disc,nr_norm,nr_outliers,p_trace,range.mean,range.sd,roy_root,sd.mean,sd.sd,sd_ratio,skewness.mean,skewness.sd,sparsity.mean,sparsity.sd,t_mean.mean,t_mean.sd,var.mean,var.sd,w_lambda
40981,,,0.07158750180895554,0.09474227714604865,9.768721169290584,80.55120600900077,595.606285582069,1848.2541305914951,6.345317647831368,21.14580191450778,73.84620653452762,2.594507224189607,10.356966416472604,13.807142857142857,35.7062713696915,34.39724430594322,71.40176960882317,,7.5188999999999995,22.43447124007528,,,,,,,,,0.008403361344537816,,0.0,24,,,,,,,,3.7954219462063374,4.734024567636159,0.2082577032582724,0.22064665036610173,9.600276052449965,28.02823265517087,,,
1447,,,0.5297075107427932,0.34149721632820784,2795222.7475838494,56366253.20439069,697131430.7342649,4240333734.917304,318.8639391949125,1654.9773428579217,42662.64807135508,89.5977839953547,406.8100369765542,866.3937837837836,4706.330186714308,22.110764538020568,22.106307502690967,,345.35844681081085,1833.1139845993368,,,,,,,,,0.5645645645645646,,0.0,34,,,,,,,,3.5416377356283895,1.9330829609490208,0.018793773506390325,0.0185137023446261,397.4580820414323,2083.485860317338,,,
1446,,,0.5168224331626314,0.3363684202832608,2103626.7255395753,42870820.71187563,531265739.90821713,3231447837.56626,285.46348181847924,1475.138888455062,39212.05267853406,88.06237551008722,401.1494680796547,657.6006081081081,3527.927727277621,28.92611647404898,35.00607867658328,,303.98749556756746,1607.5211283921747,,,,,,,,,0.5480480480480481,,0.0,34,,,,,,,,3.7748003065654716,2.3807812008879288,0.020884055839553172,0.019737708146147837,344.7808791375645,1796.1776132676873,,,
41430,,,,,,,,,,,,,,,,,,,,,,,,,,,,,0.00902061855670103,,0.0,55,,,,,,,,,,0.460885450032637,0.11558700240930582,2.6475934850240956,11.86126615107411,,,
4340,,,0.1956410147583654,0.2579551526292046,0.4318808374227996,1.3026429292829365,9.326965197406325,20.58915207640436,70.59724850572458,120.28929157407971,9.410956486481052,70.57913452148735,120.25559735474353,1.779921100000005,2.948528363242563,0.7128919219245813,1.8436200866949675,,1.2908760983999936,2.2696444576250285,,,,,,,,,0.2,,0.0,3,,,,,,,,0.014491086367527228,0.7106818878700404,0.001972942187928807,0.0036476901309581223,70.38636728571429,119.85595903512598,,,
1448,,,0.5235744430240002,0.3420168149562978,502356.8114889068,9080493.063666567,106327736.61257395,663986959.0302773,293.65635320824185,1560.6091333470874,35400.723610548244,119.88095509481604,590.3601436652361,771.5287179487178,4290.331158243194,8.846271371253314,11.180903874805137,,289.9881966153846,1588.7941018133472,,,,,,,,,0.5492577597840755,,0.0,36,,,,,,,,2.2302712246109992,1.4303159274845674,0.03307137294155124,0.04554297731355802,362.8697131681878,1955.978581259422,,,
1441,,,0.5058053127836843,0.34496051603355243,188923.5638592676,3263552.9134842562,37440164.03489248,233796606.97673407,222.3279238189166,1167.504424028816,37029.858201187446,101.13014140458642,493.450962228425,484.62987179487175,2649.153191162296,5.693977288523586,4.119505851554332,,196.31334692307692,1065.112122443694,,,,,,,,,0.5195681511470985,,0.0,36,,,,,,,,2.0125112931438247,1.0693064511940482,0.04484209654263528,0.06317520854137838,262.3808136752137,1397.8391756538535,,,
40496,,,0.16609306124554818,0.1120850416236146,0.03559786239144958,0.025312118804108746,0.2102754079587747,0.11911768466626883,0.0,0.0,1.38396870034112,0.0,0.0,0.8571428571428571,0.37796447300922725,-1.125711597259018,0.890515374085885,,0.0,0.0,,,,,,,,,0.0,,0.0,1,,,,,,,,-0.7220590526428595,0.6437015236147848,0.498997995991984,1.199177923332954e-16,0.7566666666666667,0.2193002339091151,,,
1449,,,0.43394870437022376,0.3196655273006377,56705.67000201271,890666.6996677506,10047191.271350313,61104479.6281135,133.0930588400858,644.9025736453048,9661.80206364076,54.902430071131334,232.49669837194358,334.82891891891893,1759.5099335970165,7.789177704496756,13.442846544026791,,139.78834345945947,702.1266359352297,,,,,,,,,0.45945945945945943,,0.0,36,,,,,,,,2.1019229311122345,1.5697391558771607,0.04239455313711973,0.08677022395221076,169.07908143437558,834.2773043344138,,,
1442,,,0.43394870437022376,0.3196655273006377,56705.67000201271,890666.6996677506,10047191.271350313,61104479.6281135,133.0930588400858,644.9025736453048,9661.80206364076,54.902430071131334,232.49669837194358,334.82891891891893,1759.5099335970165,7.789177704496756,13.442846544026791,,139.78834345945947,702.1266359352297,,,,,,,,,0.45945945945945943,,0.0,36,,,,,,,,2.1019229311122345,1.5697391558771607,0.04239455313711973,0.08677022395221076,169.07908143437558,834.2773043344138,,,
1450,,,0.5425738211608792,0.31239993265579863,2327670.276171504,49319550.648943074,611400756.5350868,3818134297.815994,315.86635805467006,1710.1757283787445,109285.90941510547,33.92500224286301,128.2201256387892,1506.8605128205127,8571.527153115698,7.031866627388246,4.882965681736694,,489.54387569230767,2715.467069619219,,,,,,,,,0.5263157894736842,,0.0,35,,,,,,,,2.2715114189512224,1.1064219673304607,0.02345548742997011,0.02836471000186087,558.5964034188034,3101.6457527181583,,,
43974,,,0.8071216442856441,0.30884496162840575,2846.322310397201,3509.8315582914656,70163461.02701479,496011147.1434517,,,869.9027612480851,,,30.005694508300003,109.32325808859764,1809.7839807041753,10272.79125605835,,19.52488296625356,65.68190554789382,,,,,,,,,0.8081632653061225,,0.0,50,,,,,,,,-11.679987312966489,41.25857134614614,5.4726750194870594e-06,1.5067527215170426e-05,37.130834126525535,137.89223872099032,,,
45548,,,0.07062037696543713,0.09274107880373521,0.32261268585186675,0.7179524946219041,5.723552801896978,9.801859593653148,0.0,0.0,9.995156845593169,0.0,0.0,0.40860215053763443,0.7552218093379407,263.28047334527037,364.56783458460797,,0.06376774193548387,0.30242215712811055,,,,,,,,,0.007713884992987378,,0.0,93,,,,,,,,10.901006082602395,7.259459685560084,0.029290781355995076,0.015168385773805549,0.11783965033490651,0.2692019234007136,,,
4534,,,0.10071806313388103,0.1555160191270583,0.01570124103314379,0.02471642235439035,0.16296737362387959,0.19399811273270354,0.0,0.0,1.2444631483453146,0.0,0.0,0.38461538461538464,0.49286405809014416,3.097834097886029,12.715935405292079,,0.0,0.0,,,,,,,,,0.04048582995951417,,1.0,24,,,,,,,,-0.05610250113782961,2.2865847213375727,0.45550630239430673,0.07496952235507244,0.5353148785984607,0.41436634503114167,,,
1451,,,0.4538475782760579,0.32443379017622315,4478644.976027326,97966816.45392257,1224512769.1957748,7448234546.702409,239.59746549251935,1246.8999464161643,93770.11379949437,69.31480123702678,318.14757270947655,682.1440540540541,3707.5711880252243,55.9266005736182,60.07342987378755,,260.4174878918917,1381.1151458340607,,,,,,,,,0.4624624624624625,,0.0,34,,,,,,,,5.3226288532958685,3.2868547953051044,0.017764310744223275,0.02397552277165996,309.0828413519903,1626.958145455759,,,
1452,,,0.4947338803771943,0.35631148111546934,354895.87754837575,6037026.472813323,72141976.69127007,432819681.5597659,71.39974597754957,342.6091285998661,33403.905995766334,24.563410761412005,97.70545935507995,180.7902777777778,942.4762132913067,132.59292199526806,121.84248777828678,,75.75509433333333,378.3717454807334,,,,,,,,,0.5158730158730159,,0.0,35,,,,,,,,8.312763557607276,5.526720454226255,0.03570105807287147,0.081793623796373,90.53960104399701,432.43034261046955,,,
1453,,,0.38395279535377463,0.31524067709282916,18439177.34138016,402976252.6064263,5028721586.605629,30588018637.15627,205.03586725116912,1055.4805305642674,11913.302622378733,63.72805378014574,289.7137267653039,531.8867567567568,2863.543862401054,175.58086641392757,191.64870005460196,,230.52506627027026,1215.0195492225587,,,,,,,,,0.33183183183183185,,0.0,34,,,,,,,,9.110348869694267,6.99225612680506,0.01679064741143633,0.02186484457664372,255.7186536613893,1329.8127121027328,,,
1443,,,0.4693167761111682,0.33725121300685706,2035396.7422753654,40911166.35412504,505286432.74142057,3073474194.886047,217.07380068568872,1125.1502392425402,104677.2069510631,66.70231798928921,305.7364762967108,603.2083783783785,3270.9860243761314,61.989033809260995,62.64074320086077,,240.2473159459459,1274.5339060340382,,,,,,,,,0.46996996996997,,0.0,34,,,,,,,,5.636523896333531,3.4711660358972343,0.018675131911574,0.024063536450611846,280.08608005990885,1469.6691944700024,,,
1444,,,0.38238185908087596,0.3180447385184203,17064238.751613785,369632265.4094182,4606873842.340762,28022079428.742153,196.2950533256829,1008.6426724321764,7428.178648447478,62.29614115245023,282.8719907500023,526.327027027027,2835.5611058661098,188.0060490792763,220.34909939416625,,218.9094963243243,1152.8020843083239,,,,,,,,,0.32732732732732733,,0.0,34,,,,,,,,9.431521473222892,7.604304277307821,0.017156546341957117,0.021889543832655754,246.506703306177,1280.6287500084152,,,
1100,,,0.14868749692840585,0.15707025410784356,0.05167664357657972,0.09336262826197014,0.39618255659938745,0.6198950392583837,1.2889235048667769,2.615841713550164,0.7178711342366525,1.2304967641093874,2.582004381754018,0.6842105263157895,0.7492686492653552,2.4068427050179024,5.368293780626266,,0.46818947368421054,0.7080407347782071,,,,,,,,,0.03508771929824561,,0.0,11,,,,,,,,1.0324571785665142,1.797203645208178,0.2929652923363616,0.12735799440605217,1.4872076023391811,2.623595234911484,,,
45558,,,0.43223223801988314,0.2783779075684917,170.51127170043824,307.1889670834954,1669.685564706475,4043.925850886375,,,125.97771550367509,,,20.39603093390625,34.95622534196253,10.167752551477328,9.984868113829767,,14.488796742313426,25.736424268636117,,,,,,,,,0.39285714285714285,,0.0,8,,,,,,,,2.0402488781614587,2.1874670743749327,1.443109661811175e-05,2.6706927734869875e-05,34.760616302509895,43.62051111229012,,,
40922,,,0.12561629284372883,0.14497776468772805,13.996475281168422,20.33635597664827,126.76363184517568,134.84514220233297,,,6.111078670809849,,,6.9569833333333335,10.675777110703308,2.989315152023304,3.8363792522535416,,4.08290743,7.991187871218192,,,,,,,,,0.06666666666666667,,0.0,6,,,,,,,,-0.7595989411031022,1.2579375227631493,2.1222881651076016e-05,1.1838761756894843e-05,-0.31353893184583165,0.8040270121020281,,,
336,,,0.20137944759474544,0.1681159519533938,0.04205121321311895,0.038237850793204124,0.20809840918857955,0.27512639126577826,0.0,0.0,1.2297285392493877,0.0,0.0,0.6956521739130435,0.4704719688969648,-0.9679802329629754,1.2713751048607758,,0.0,0.0,,,,,,,,,0.06324110671936758,,0.0,7,,,,,,,,0.8363891777147984,0.5927322836658229,0.49812030075187985,1.7045242408169924e-16,0.21550094517958407,0.16144110326312106,,,
40900,,,0.6376841666882178,0.229454762334919,133.17912528170055,58.03421446674346,205.6346004267999,872.8234616284925,84.46924200524036,10.234373298837115,132.667405096356,83.14773351889485,10.060051210982403,23.166666666666668,3.3509060608395793,-0.4649213481197701,0.38951599490392086,,16.143866666666668,2.955181408306434,,,,,,,,,0.734920634920635,,0.0,18,,,,,,,,-0.10955284279535206,0.18202626594540602,0.015113712568022516,0.003255429649477806,86.12518155410314,10.810260932558574,,,
41946,,,,,31.557702056585935,282.24549615144895,968.7669737588865,3120.5829531949457,0.0,0.0,48.769512366662674,0.0,0.0,20.620689655172413,55.3452887355525,,,,11.707427586206897,29.913859181357207,,,,,,,,,0.027093596059113302,,2.0,22,,,,,,,,,,0.41629076376019003,0.2586459154184438,16.70640916290971,36.75077756852914,,,
4153,,,0.6007601987981105,0.36031390276558983,0.0727886570941474,0.0666334007686857,0.11099556566343827,0.8052343687327277,,,1.4185679650519902,,,0.48867515232873765,0.30013397863294183,0.8613270469906257,6.043674237957192,,0.25253273698329815,0.18418340088934976,,,,,,,,,0.5641025641025641,,0.0,25,,,,,,,,0.47814531894568624,0.8603600950526139,0.0,0.0,-0.5274348479203217,0.3512069907352524,,,
1455,,,0.314649601580511,0.27528530162677617,0.11646558623449377,0.14039483273551637,0.6635953381352542,1.2602176211339098,5.525985190156216,14.620382561779317,2.948180220448699,5.519967867782903,14.60446222322103,1.0714285714285714,1.1700630833624397,-1.4391656032625597,0.6121005507630874,,0.32829000000000014,0.8685736979093949,,,,,,,,,0.2857142857142857,,0.0,2,,,,,,,,-0.07937899509242678,0.7659983784476447,0.41558441558441556,0.1964831344478485,5.98968253968254,14.410718257792267,,,
46279,,,,,50.70813178622102,107.26476006468388,248.5357329314905,747.0539567000299,174.45234922286798,552.6137757230688,61.17591011366285,172.24653029448575,553.2565479500197,12.842307692307692,15.001108933367865,,,,8.564866153846154,9.484614861400136,,,,,,,,,0.3205128205128205,,1.0,9,,,,,,,,,,0.10959320998951338,0.2755793923491286,176.78477237048668,551.9442647873252,,,
458,,,0.14842389025036848,0.11554627164169456,5.460666436075887,13.537410787282724,50.91796848584859,174.72117591653264,4.390547753420648,13.163716628685128,61.45022808972294,4.016060453824013,12.316659200292655,7.1571428571428575,6.868613163578967,2.3253142913452103,3.630128984082674,,4.998479999999997,4.579578569485074,,,,,,,,,0.007867494824016562,,1.0,68,,,,,,,,1.110728918783191,0.680273120614929,0.0488234358962868,0.028408731203384656,9.431145685997171,12.958362044555528,,,
452,,,,,,,,,,,,,,,,,,,,,,,,,,,,,0.0,,0.0,96,,,,,,,,,,0.17701090462072241,0.2042369367229998,0.8485408488048604,7.872190779123146,,,
461,,,0.11125865301320662,0.15490333101023163,7.127554126170798,29.806479388888757,7876.773338650127,26103.069509985336,3.113771209971205,9.353946589303394,258.95873835320697,3.0150293674247552,9.099043171724272,24.310000000000002,75.85196566338938,25.023735703358728,35.23428522788716,,11.870234727272726,36.13518446984496,,,,,,,,,0.01818181818181818,,0.0,9,,,,,,,,3.872720755130046,3.4674368533048763,0.1968413261371685,0.23799686450016405,12.714939393939396,31.86175903800604,,,
1014,,,0.0811637567265797,0.07945683896820646,0.009329579808737718,0.015613391481684665,0.12302240324724147,0.10176304105248428,0.0,0.0,0.14586741063911288,0.0,0.0,0.16666666666666666,0.38348249442368526,5.027174551839524,7.599685081887994,,0.0,0.0,,,,,,,,,0.006535947712418301,,0.0,15,,,,,,,,2.2868367738758897,1.377173491122749,0.2709106046103534,0.18125114258159375,0.07341684064022269,0.16835281458197315,,,
984,,,,,,,,,,,,,,,,,,,,,,,,,,,,,0.0,,0.0,23,,,,,,,,,,0.04041095890410959,0.04666255600299715,14.68,50.80884929484889,,,
1025,,,0.05494505494505506,0.11264207778728932,0.009419152276295143,0.01965760540756405,0.18116720372359454,0.08726051814262029,0.0,0.0,0.7392902127227949,0.0,0.0,0.21428571428571427,0.35160542320387156,-0.34665,0.815018949215064,,0.1059,0.26919310198042995,,,,,,,,,0.0,,0.0,12,,,,,,,,1.1826086151431,0.5246893994179556,0.3283208020050125,0.1569170510526168,0.09523809523809523,0.17558553707603833,,,
852,,,,,,,,,,,,,,,,,,,,,,,,,,,,,0.022222222222222223,,0.0,6,,,,,,,,,,0.29547405243607777,0.23942441704550863,2326.717525773196,7338.1183678000425,,,
966,,,,,,,,,,,,,,,,,,,,,,,,,,,,,0.26406926406926406,,0.0,20,,,,,,,,,,0.01460488967651313,0.036832955551290694,408.8642542401629,959.345410909852,,,
450,,,0.3769009133839519,0.26312445304711607,6.5082939624380725,11.446277078701257,52.87457082814835,75.63388582747577,12.30934798364344,13.752084619082838,27.02261556802045,10.304221346148221,11.996394183369844,7.473499999999999,7.171469863284653,-0.49833550575949853,1.26487479999633,,4.8866496,5.758489781174471,,,,,,,,,0.2,,0.0,2,,,,,,,,-0.042246995914974474,0.7782006079154083,0.13627959481881372,0.24151853094520243,13.8565875,15.030502513222904,,,
728,,,0.056602725082585514,0.06794045122069188,0.09293034574929057,0.22758480557691457,14.028685321591265,36.611501913433415,281.7605515383281,745.4683486388137,16.230901213467906,281.7570339192685,745.459041893575,2.7142857142857144,6.317021600783229,17.00918039201662,30.397097477972714,,1.6944,4.482961021467842,,,,,,,,,0.0,,0.0,4,,,,,,,,2.7459525656682273,3.2475571036326647,0.37524264046110506,0.213872086143419,281.93967340225566,745.5872711487747,,,
748,,,0.4673818524828465,0.2536980269597974,264.06983530495614,920.3206757144019,7353.571714419283,17862.128443802634,22.449719990240364,52.72517638710096,176.93993416907628,10.524931652994377,23.652277004487228,59.577551666666665,136.2653326916499,0.7908937534871529,4.844406199222637,,30.137037531999997,70.25324227714728,,,,,,,,,0.3333333333333333,,0.0,2,,,,,,,,0.47584046350711146,1.3368007483656579,0.202439893928105,0.2688804258848387,32.894380420875414,74.60128130117586,,,
1059,,,0.524517777293334,0.32098301417489095,11329.894768880344,117248.19963137944,1217228.0538572972,6552403.234635063,27.606721283402095,100.08330618767886,6590.815896791772,5.67680256591097,10.68183604048637,136.79275862068965,598.8045103483664,7.514310749288656,9.655508967821447,,51.831696000000015,210.75788941000525,,,,,,,,,0.5147783251231527,,0.0,26,,,,,,,,2.1927148655498967,1.3301063483082756,0.056183819052108314,0.07521988056473199,54.83379310344827,221.28147846591716,,,
1061,,,0.5368821252930691,0.34861291321792237,370222.3068153743,4602336.8315436505,53755738.56523402,289470056.4745741,135.33293916590065,573.8550345218075,43347.42984025096,32.405161953164345,100.7132409357359,394.51597586206896,1815.017033610791,17.093036118427904,13.192074632022639,,221.79372639827585,1004.9798378110661,,,,,,,,,0.5615763546798029,,1.0,29,,,,,,,,3.2638718048034217,1.8029919954333693,0.030492073631717218,0.05539653431426797,209.81371483342176,922.2150894137693,,,
1064,,,0.433527795219747,0.32509787649687233,9607.511418044627,72974.09015863232,691267.0400601426,3073981.934978219,30.15079807398173,111.17330790408407,2190.2586755418056,8.02347662832473,19.058275508887977,123.9151724137931,542.0372081628759,11.547024447344876,17.104955045689586,,48.35474337931034,192.57029934225028,,,,,,,,,0.4458128078817734,,1.0,27,,,,,,,,2.69830914952945,2.150997561019475,0.04594872285418544,0.05596949613242167,52.55183719615603,210.99001690544262,,,
949,,,0.028290019421245136,0.03723733003089628,7276.2554296786775,224046.75973345755,711808591.9955271,4827710772.611167,8.816916203540663,52.930559677473006,102233.12732648621,4.807941850814638,26.665089746335198,19.206521739130434,88.40968876561466,37.649632702196996,13.003068506373305,,13.440091304347822,61.56105777934196,,,,,,,,,0.000966183574879227,,0.0,44,,,,,,,,6.116774785718561,1.3626632751131051,0.030488823429089214,0.03169490510044519,15.133498903367308,67.15851349970411,,,
950,,,0.028290019421245136,0.03723733003089628,7276.2554296786775,224046.75973345755,711808591.9955271,4827710772.611167,8.816916203540663,52.930559677473006,676647.9105955781,4.807941850814638,26.665089746335198,19.206521739130434,88.40968876561466,37.649632702196996,13.003068506373305,,13.440091304347822,61.56105777934196,,,,,,,,,0.000966183574879227,,0.0,44,,,,,,,,6.116774785718561,1.3626632751131051,0.030488823429089214,0.03169490510044519,15.133498903367308,67.15851349970411,,,
947,,,0.028276882829682853,0.03709363715168686,8319.064683562194,255900.93538017044,944344664.2101763,6404847143.361595,8.839490465606833,53.082247268453266,611734.0016947633,4.41910699000837,24.119702675265682,21.02173913043478,96.55821252382992,37.61140681089893,12.800329361329904,,14.245852173913041,65.24299421649205,,,,,,,,,0.000966183574879227,,0.0,44,,,,,,,,6.115665764552845,1.3597619457655608,0.03047751811533895,0.03170911989510808,15.430686363049928,68.7492413167626,,,
951,,,0.028276882829682853,0.03709363715168686,8319.064683562194,255900.93538017044,944344664.2101763,6404847143.361595,8.839490465606833,53.082247268453266,1129514.5580962268,4.41910699000837,24.119702675265682,21.02173913043478,96.55821252382992,37.61140681089893,12.800329361329904,,14.245852173913041,65.24299421649205,,,,,,,,,0.000966183574879227,,0.0,44,,,,,,,,6.115665764552845,1.3597619457655608,0.03047751811533895,0.03170911989510808,15.430686363049928,68.7492413167626,,,
756,,,0.38066193795976494,0.2779756947485269,1091.5284023024783,5939.320319827939,30173.437897723106,82349.47159754855,,,834.635533717315,,,108.38100000000001,249.86830112652777,0.8381147422263726,1.5992496889852954,,69.98662719999999,162.3778470749485,,,,,,,,,0.37142857142857144,,0.0,12,,,,,,,,0.6156078212194331,0.8067405609790934,0.031728248709190034,0.03728360200508671,553.0297250859106,1399.8377821827048,,,
1547,,,0.039626417298428834,0.06030182809937566,0.009229403087297822,0.012962196231160291,0.23664914914914914,0.07500853675554277,0.0,0.0,0.34623249805005535,0.0,0.0,0.95,0.22360679774997902,-1.7216515800213137,0.5284566299955253,,0.0,0.0,,,,,,,,,0.005263157894736842,,0.0,1,,,,,,,,0.14937754385795804,0.5208832801367016,0.4994994994994995,0.0,0.44666666666666666,0.191664759715914,,,
1555,,,0.028584418481144094,0.043047363054489994,40406.49530089783,1078697.2127594906,25116700.54216955,113960628.69879527,3450.9874301707596,11961.020461513399,1779.6943728035671,3174.2871637018757,11073.695362893694,2131.2004047619043,8882.27132793344,-0.9225521897341751,0.6626761177673942,,1629.2902972499996,6972.150448263699,,,,,,,,,0.0023228803716608595,,0.0,6,,,,,,,,-0.008629129843592825,0.5169541507164304,0.04050284726050209,0.11864326658636494,3673.963492063493,12707.749081094536,,,
1551,,,0.03935654554213021,0.04712926702551767,19077.35114126063,337282.29905786004,25978645.31077746,117234254.21804763,3389.7540905782885,11768.802888443995,3277.751171425613,3111.0825755305677,10892.876368256611,2173.572875,9081.488063476681,-0.8952436637316862,0.7209764708630747,,1767.0630908499998,7557.21401480899,,,,,,,,,0.0011614401858304297,,0.0,6,,,,,,,,-0.0033526967668046797,0.530399951998182,0.040078951943929034,0.11849337874579945,3608.1489691468255,12493.515006565274,,,
1549,,,0.03280054696367478,0.043736769955825726,30296.859204277014,583265.7156622678,24662724.6799406,111191987.2227018,3399.6746161355236,11803.182074173526,2362.6760082516075,3128.981897127936,10945.67224762145,2102.721505952381,8687.239979388345,-0.8968575785841407,0.6843747632093224,,1677.1191673999997,7101.951738285695,,,,,,,,,0.0023228803716608595,,0.0,8,,,,,,,,0.012127644925043085,0.5343501391960893,0.04040861537466667,0.1186100621415204,3613.0276925925928,12511.54048408512,,,
1552,,,0.05115662310356534,0.10496638011944552,25.776878105065244,232.88019112821132,150283.6619078773,572460.5125507166,551.067257666282,1488.6460818324429,118.2745296316648,536.4458395369965,1442.928941806664,211.60416666666666,721.6882480384762,-0.9547453336690747,1.296393366031105,,138.7871744,490.34597069095514,,,,,,,,,0.009523809523809525,,0.0,2,,,,,,,,0.47214048999721886,0.7416240473471555,0.2241040163609517,0.20232530845455252,562.5922050505051,1525.6612958734402,,,
1554,,,0.05684633463188814,0.10874613152260937,85.92669967938927,822.8316790671503,152904.99368456606,581770.3483889276,544.9332167356555,1468.8139234546281,145.77126529319906,530.3066475147658,1423.4249963248071,220238,750.3418460508517,-0.30590629559572563,3.1382985379938733,,139.6297854,485.66768242714863,,,,,,,,,0.009523809523809525,,0.0,2,,,,,,,,0.5566850274455974,1.065355750076134,0.22362134108117115,0.2021088811110894,554.1476777777776,1497.7849244849826,,,
1553,,,0.06266994157539948,0.13914997263893453,18.26805067318717,139.28852045118754,138284.14032664505,527219.6376972834,548.3321590480344,1481.458270545017,132.4183480179167,535.5539171902478,1441.4774942969066,192.76566666666668,659.0788946077557,-0.3680647140727411,3.307116894633191,,106.4709422,389.00704230756554,,,,,,,,,0.028571428571428574,,0.0,3,,,,,,,,0.5403115567440441,1.0565718408492721,0.2238796852951601,0.2022157729220839,551.9671984126984,1494.7941153657227,,,
463,,,0.08051543686318406,0.07813428772483492,0.10879622528450236,2.7730873879433844,5.161338874891984,30.11939955794575,3.114642739760517,13.037308627492447,2.8291064431366704,3.0702315785177854,12.862492821742807,0.817107843137255,2.8594700720828072,22.612177327919127,43.22198173918555,,0.5043747058823531,2.06513033122789,,,,,,,,,0.002352941176470588,,1.0,44,,,,,,,,3.6417585779657693,3.3458556616301087,0.3784943126583912,0.19384568415464626,3.1453050108932463,13.036589058055771,,,
1121,,,0.20483685491301545,0.27790986201773704,0.22068491982582675,0.7076266024713891,1.3659962974454467,3.4925959298737608,2.713662833695463,4.3965292108222185,1.5354949346853748,2.6364893720058413,4.291726105814353,0.933409090909091,1.2036518769599003,0.7717970872775503,2.4343800039771857,,0.5566489090909091,0.9908242229947202,,,,,,,,,0.12727272727272726,,0.0,8,,,,,,,,0.826372268077937,1.0261314560484738,0.275730944254835,0.19307791423397305,2.894570990806946,4.337917957611027,,,
11,,,0.0,0.0,0.0,0.0,2.003205128205128,0.0,2.6051710846973517,0.0,1.2190676701606842,2.1897810218978107,5.127900497022837e-16,2.0,0.0,-1.3054356480000002,0.0,,1.4826,0.0,,,,,,,,,0.0,,0.0,0,,,,,,,,0.0,0.0,0.1987179487179487,0.0,3.0,0.0,,,
481,,,,,,,,,,,,,,,,,,,,,,,,,,,,,0.02197802197802198,,0.0,9,,,,,,,,,,0.026491531685916,0.04703438352532392,4870.7924071991,17818.417935135716,,,
1463,,,0.18239453048872256,0.1508927067609212,0.03272543617998164,0.03476410725930584,0.16971533516988072,0.1696019564348585,0.0,0.0,0.5294372951360423,0.0,0.0,0.45454545454545453,0.5222329678670934,0.8891204088333052,3.2523935593818085,,0.0,0.0,,,,,,,,,0.03636363636363636,,0.0,6,,,,,,,,0.8849419678918473,1.5187128464688593,0.36700336700336705,0.12909285867125125,0.2833333333333333,0.35885620766231396,,,
1464,,,0.4659982618308535,0.34524252286320806,5568.266569844441,8964.729360935109,532947.0217505487,1065615.4081046765,234.43798669735784,450.5080166328373,749.0272768600212,159.36293555602893,308.3459053249692,325.0625,616.7509078158432,10.11314442351075,7.549084686237917,,193.10864999999998,365.53908149549477,,,,,,,,,0.5,,0.0,3,,,,,,,,2.2540426334608235,1.183456051730015,0.025117841091412796,0.009126015932186244,267.44944444444445,506.6477343453575,,,
778,,,0.5240776681119774,0.25890402338814317,20.680348996668133,45.481119626521455,95.06186093165766,293.1551322138847,58.60873211411348,45.998581392549106,36.00232189428085,58.18122413080889,45.57040009555647,8.316357142857143,10.062241664965905,6.548216711758984,15.140517418693639,,6.072205394999999,7.4817684423556,,,,,,,,,0.6043956043956045,,2.0,13,,,,,,,,0.25368329942976003,1.7237076567149139,0.0074165721274960005,0.006292515877127808,58.65050977443611,45.88942884427656,,,
853,,,0.35319107041884185,0.23643521463043662,200.9163613852246,779.6459808768176,2738.101874149072,8269.670662200042,57.52290107355667,123.55256640809696,149.3431834860449,36.95205033193314,92.56106552436405,37.33634196428572,101.5068704363259,4.624172641015773,9.978047564875753,,12.095961540000001,28.722885642912797,,,,,,,,,0.27472527472527475,,0.0,9,,,,,,,,0.580691700885293,2.207393093762384,0.054009549365231675,0.1369869587104336,64.58654121475561,136.70689143328872,,,
825,,,0.040292240802596024,0.08036106580360983,63.87593493014003,2536.435466191313,16652.691142906893,177460.79388260058,,,1471.060249807763,,,27.54702425847458,227.7071732860858,148.84176052112358,163.3282884651701,,13.198896129406778,108.9912930700899,,,,,,,,,0.006229175720701144,,0.0,110,,,,,,,,10.15404638848468,6.8959482688604,0.03629550365518377,0.11166927954007612,34.59464039390053,270.2548122014511,,,
15,,,,,,,,,,,,,,,,,,,,,,,,,,,,,0.5555555555555556,,0.0,5,,,,,,,,,,0.09893539019613519,0.005077371625575981,2.2583795196621796,0.8609917075553902,,,
45717,,,0.05755758555895803,0.10619572584769998,158852.19110233,2514189.71482066,28062178.159937195,160362647.41332698,,,2388.9217724803157,,,254.55017991734096,1203.401357233796,119.85506727541227,173.1442232077319,,56.3463310497337,223.63528435013293,,,,,,,,,0.015151515151515152,,0.0,31,,,,,,,,7.903925916539012,7.60509556652707,0.04655551469972301,0.13676231056633148,92.39284472941642,383.96195463943735,,,
40663,,,0.13949791088926108,0.14716222145761412,0.3527096392929317,4.422898162952671,15.253953935448815,91.428152144609,0.0,0.0,17.142666424614447,0.0,0.0,1.4107142857142858,5.577550838770844,24.333040957571313,56.55869207663246,,0.3309375,2.046139191241014,,,,,,,,,0.033944658944658944,,0.0,89,,,,,,,,3.0789140343512256,4.096915324481874,0.14969543028796722,0.1324581713441267,3.217471843509188,11.191703703949427,,,
820,,,0.7487009972293168,0.2689866929985822,1436.1083916331897,450.9430582632253,2110.2411948536114,5271.866170427359,155.3971516512453,538.3115240228854,201.18511752190253,155.2942624272147,537.9551052957409,63225,17.246626811166188,0.6500205924544434,0.8089270970440576,,46.022375000000004,13.156763501221096,,,,,,,,,0.8333333333333334,,0.0,11,,,,,,,,0.9747052051933672,0.3350888175135991,0.000545517152785959,0.0001990564141884727,195.21773049645387,526.1607461753571,,,
909,,,0.03825920103592745,0.03083423288334674,1.064336373590876,1.7674717341357677,43.25071147410298,61.12304397991326,19.115820858338658,0.7844377608549179,1.5468749058970017,18.141404476512047,2.262680192762959,5.923785714285715,4.368434037116378,4.45709107921398,4.965777422801656,,4.180593119999999,2.9806702810546457,,,,,,,,,0.0,,0.0,7,,,,,,,,1.3089904230825042,0.8898083978980623,2.9745377022069276e-05,4.8588950205826636e-05,19.2385719047619,0.4850751583777757,,,
908,,,0.03389160658414296,0.0253607409097746,0.00029959522799260157,0.0003575740071438621,0.015223914651485855,0.02088076933299754,4.2312280441812735,0.012195119777318351,0.03600888009705619,4.229369741610491,0.014614321334764644,0.12418571428571454,0.09281224422764221,0.262768012384539,0.6009266300189801,,0.09256719000000013,0.06964488466825704,,,,,,,,,0.0,,6.0,6,,,,,,,,-0.03933125510302254,0.21925029607774696,0.0002898857899757159,0.00024582175434751123,4.234273511904762,0.00692130375791467,,,
907,,,0.035684220996546036,0.02718596045456657,0.6691703626658161,1.0068520907402312,33.88808874284236,43.90753251648362,17.354555800022414,0.6977035594914311,2.0717029931760527,16.360117299084187,1.7695317591848676,5.586767857142858,4.031566426488651,3.3083879397468885,6.003883250616766,,4.0759851,2.9229941260002055,,,,,,,,,0.0,,0.0,7,,,,,,,,0.9974617467359742,0.8611183895025931,0.00011029240638308964,0.00016151291945749822,17.558858333333333,0.8106388599547935,,,
906,,,0.035250240100660676,0.024408996963921712,0.000326426227285476,0.00041081518035590933,0.017237492884971353,0.02337493946294769,4.237001843957024,0.01726322973993182,0.03253754200810114,4.234750591866399,0.01825218858264989,0.13628214285714257,0.09529014979949144,1.1631000220224028,2.9928788342256927,,0.10243707000000006,0.07201988522490665,,,,,,,,,0.0,,1.0,6,,,,,,,,-0.10276381083014222,0.6063254660779546,0.0003203153093031928,0.00027032103146367847,4.24032125,0.01680531900028664,,,
900,,,0.03591684448393757,0.03853370266195755,1.1152152156754385,1.0338298226681943,47.667850319208064,34.361625882097094,9.38971174547933,2.711437702269138,1.6151982849635356,8.090728105781736,4.221370068148517,5.0669208333333335,2.6104883809077117,21.097150312869864,16.1024299587197,,3.4568548700000004,1.6318318927834083,,,,,,,,,0.0,,0.0,6,,,,,,,,3.58873295055832,1.4609691547169963,9.474858309157512e-06,1.113154331231842e-05,9.56584861111111,1.7305055824001951,,,
939,,,,,,,,,,,,,,,,,,,,,,,,,,,,,0.10714285714285714,,0.0,2,,,,,,,,,,0.0805454637875954,0.16974386442631653,76.96376811594203,107.04545977661627,,,
1467,,,0.017047217966758673,0.07339950355918777,2.8371663394640336,34.68215701240989,1352.6006486091596,5447.659157695589,13.787685860122332,46.35420971193221,168.8121215987972,5.6698666912214595,18.51180935122327,18.473585749999998,62.33325309389152,-1.2216459825483912,0.0668271781100416,,13.73244002214,46.308186273109335,,,,,,,,,0.005263157894736842,,0.0,0,,,,,,,,2.8869604681607572e-05,0.0006582741232405597,0.016790696713834798,0.07421990339718375,18.575005609567903,62.60491549744428,,,
890,,,0.3645494840173612,0.36048599142192894,2.2967195229441724,4.030847505589629,425.771162482693,1200.5047998920493,9.325390443727011,24.824442764049394,4.712593256379499,3.3619224762024067,8.702940742737592,10.973749999999999,26.884951479804247,1.1719757337732508,3.406241303276139,,9.792572999999999,24.800229208348256,,,,,,,,,0.39285714285714285,,0.0,5,,,,,,,,0.8900760441743556,0.8549500300332816,0.07158135545997595,0.18685537461545418,13.552821969696968,35.0990536336459,,,
897,,,,,,,,,,,,,,,,,,,,,,,,,,,,,0.007023705004389816,,0.0,60,,,,,,,,,,0.019995056396924563,0.06363495090433345,97.91948687652967,354.13999100827886,,,
987,,,0.14603321824883098,0.1284050209154671,1.8319434418780418,16.10524594006333,597.714791678397,3529.598967491624,6.937160618428961,31.49999755793305,100.18635234671419,3.649345753187039,13.224981698114648,7.881857142857145,42.067269689987825,10.077316661069917,16.048252282850513,,5.8245000000000005,31.25101431603848,,,,,,,,,0.020168067226890758,,0.0,33,,,,,,,,2.437845460563885,2.096447104381429,0.051413149104074685,0.21228823871162622,8.901914285714286,42.37419065394733,,,
41538,,,0.09170791098002894,0.08697661090310076,0.010804949157363292,0.01431048866639849,0.12297913358142333,0.11154520585098736,0.0,0.0,0.36478913736626745,0.0,0.0,0.19047619047619047,0.40237390808147827,12.02754880798755,26.714811371350013,,0.0,0.0,,,,,,,,,0.0,,0.0,17,,,,,,,,2.799432195499369,2.5394636283947363,0.3003304178814383,0.16827784949004812,0.07175032175032175,0.15319336666392971,,,
40669,,,0.0941787528856955,0.22323098425951338,0.02365977837675951,0.05614435367378683,0.25137017070979334,0.1579030446923924,0.0,0.0,0.9869340407066054,0.0,0.0,1.0,0.0,-2.009268748737317,0.008445737604034276,,0.6354,0.28018506384174013,,,,,,,,,0.047619047619047616,,0.0,0,,,,,,,,0.021287949585609544,0.05632262052600337,0.49685534591194974,6.080941944488117e-17,0.49107142857142855,0.023622779563076703,,,
796,,,0.05517915352883853,0.08612738960373095,58060.98173201071,1374647.1061254223,4239640.784032122,24419155.892700695,255.11579570355485,1268.779641099435,20472.600101508517,122.15211956340983,589.6670626521286,429.52777777777777,2055.209902190891,52.280531240138984,60.5001126456007,,239.56344999999996,1143.838693032801,,,,,,,,,0.014285714285714285,,0.0,36,,,,,,,,6.3658132581422695,3.614187359528311,0.03507707784268093,0.015354896099393306,298.984251968504,1494.4206365376208,,,
31,,,0.06036152314504996,0.07807047665179567,23.010917110988533,621.9003183350386,162614.8266821106,1138270.8398705916,50.46030328077259,344.6026043721546,952.6891996087951,38.0356474783544,258.3584828198198,54.11734693877551,372.2686890247839,10.439848878906174,22.3500999816837,,33.66107142857143,232.39242263653415,,,,,,,,,0.006802721088435374,,0.0,34,,,,,,,,2.0820779229909214,2.842685765675651,0.24926209865672716,0.1455995922440853,52.316088435374155,356.282562979881,,,
1075,,,0.5191124768824315,0.3535853390962477,86969.12699335547,201668.35701607753,249894.32813059032,699853.3944334603,212.2354003564315,255.44735891547435,773.1228675602325,87.64162436506824,106.3297688667742,380.0625,454.64518642092133,3.2156784157535214,2.8145065323759932,,260.47428749999995,310.7109451493482,,,,,,,,,0.5357142857142857,,0.0,7,,,,,,,,1.494132212226325,0.6024303633846452,0.06565744925516069,0.17400449237143956,285.150641025641,336.9707033893405,,,
35,,,,,,,,,,,,,,,,,,,,,,,,,,,,,0.007574163686092993,,0.0,84,,,,,,,,,,0.25081251678753697,0.06169335196346012,0.418692022263451,3.6972770032721693,,,
37,,,0.17165678897092662,0.13243386555206996,109.35023488509573,266.09287378284057,1893.0594716960877,4682.5922519433525,3.9807001879224595,11.105207416322994,45.24310842710197,3.786169797298347,10.58269832128959,31.2728125,41.090233272933695,2.7345612250230227,2.913385829403486,,15.6168744375,15.086466992445496,,,,,,,,,0.03571428571428571,,0.0,8,,,,,,,,0.5271805558363709,1.321603237158665,0.015922964296627953,0.018549250712783114,40.20920779220779,38.843545867894534,,,
818,,,0.30003555668419535,0.2781594039682447,256.76040883479874,1628.4735169331361,2171.5712615645975,8340.178157196282,68.19232098772154,150.65913417764554,274.23110639063725,63.583692978818995,144.92808371431772,36.1852484375,75.99425545657627,2.373361352584582,4.043431811630085,,25.88955964875,53.80927601492463,,,,,,,,,0.15,,0.0,10,,,,,,,,1.4654127723298596,1.382983363296565,0.017988364445269477,0.03689136441760394,72.22188047715055,156.0981614421826,,,
45712,,,0.0572049022806336,0.10696810621431484,129529.45427183903,2100321.1734412056,22970118.392404914,131249844.69728076,,,3863.204203563412,,,235.20184932122342,1122.0309949680195,151.74642979377478,233.70367603466323,,56.56650811749017,234.17345331662528,,,,,,,,,0.015151515151515152,,0.0,31,,,,,,,,8.64171870919091,8.81650736090347,0.04423028742967654,0.1373869054095245,85.76921417948911,361.08450107723553,,,
45604,,,0.03263630090341168,0.01944919906080618,32.74993806857689,19.81073107709682,1004.9162291137878,99.75178412207093,,,55.47292274445885,,,55.06494435225856,2.084666282252277,-1.2060282868112129,0.049363657105516566,,40.964341615230204,1.5942853772634353,,,,,,,,,0.0,,0.0,0,,,,,,,,-0.019771991349697923,0.044737996608515594,0.0,0.0,45.61369417616845,1.1378495827546273,,,
1011,,,0.18400046669721376,0.19036021628066044,0.005298356051375774,0.00844597761071597,0.0248265004061326,0.03165133041102464,0.27418359042625007,0.2569806927273146,0.4773443412997459,0.2613619698658967,0.24736162560050667,0.19749999999999998,0.16143239038887663,50.86592215732834,123.12242680368827,,0.130257,0.10376939209130984,,,,,,,,,0.047619047619047616,,0.0,4,,,,,,,,3.5733729485778545,6.731407139349201,0.15044654082495054,0.2377771314887205,0.4885219236209335,0.01194965929343662,,,
1472,,,0.0486927994770042,0.08803699995343771,5.04025290529532,112.86623616136184,254.56739896854845,1425.2010752479605,25.237474447896098,109.81825014792415,68.43605166620054,24.900383262975033,108.6938549225787,5.89288043478261,23.72105466532605,81.9707878015314,138.85521825846646,,4.471328217391304,18.411536660367986,,,,,,,,,0.005797101449275362,,0.0,38,,,,,,,,7.0940426713503335,5.843614891917314,0.1936730134767601,0.14116883767603755,25.71928383210992,111.14148773839803,,,
188,,,,,,,,,,,,,,,,,,,,,,,,,,,,,0.018978882651697407,,0.0,73,,,,,,,,,,0.08283901764867664,0.12352132253184932,62.495011442242685,327.05680992632165,,,
1473,,,0.12304286152407265,0.09384476420562474,0.01898923625140292,0.02059813044187078,0.2576842368125701,0.260632493696287,,,0.5853834007685192,,,0.7377777777777779,0.6363720959033672,-0.369573758859723,1.506300360838232,,0.17873566666666665,0.3238989966980447,,,,,,,,,0.0,,0.0,3,,,,,,,,-0.042550403890209906,0.9349274425347552,0.297828371902446,0.1773110322951986,0.3598148148148148,0.49498742579739424,,,
285,,,0.0716959069202826,0.08139401072597675,23.89278505439663,1550.2608348609253,49698.822894357334,483763.80050734023,0.0,0.0,360.9257118084613,0.0,0.0,5.136842105263158,47.4202405447913,49.94476649789043,71.30715959352322,,1.7947263157894737,16.888871669101043,,,,,,,,,0.003807390817469205,,0.0,83,,,,,,,,5.354366565039412,4.799622546119169,0.3119583455143715,0.19028791081562837,1.9685994647636038,18.088428601305438,,,
904,,,0.025075968177834678,0.019186135249509535,0.025075969629674864,0.019186136344468016,1.0000000582051476,0.2232276399228952,,,1.4723698499209683,,,1.7345182049999996,0.03953863226551698,-1.2002943283227925,0.0397839529171456,,1.283278470222,0.028595878138861275,,,,,,,,,0.0,,0.0,0,,,,,,,,-0.009624481634779834,0.047386932451647705,1.403205810017498e-07,4.0556458798509297e-07,0.002792871233333327,0.012556772422078574,,,
888,,,0.03722288187973574,0.028742094301690297,0.03722288420885254,0.028742096103902395,1.0000000622760206,0.3324888587097218,,,1.584970949845384,,,1.7213881600000003,0.0594197998287668,-1.1959257914525667,0.06587578207751026,,1.2775710680879997,0.044012899636016824,,,,,,,,,0.0,,0.0,0,,,,,,,,0.007935133191051552,0.06385082064554169,1.6064192513282203e-07,7.949713604449245e-07,-0.0016161725333333349,0.018148877801337553,,,
837,,,0.02673382782533151,0.03350389002685193,0.026733829444242362,0.03350389202453166,1.0000000603450188,0.3030092475663132,,,1.03567710391407,,,1.72275791,0.04668220368693263,-1.189809560693213,0.0716332283788505,,1.2775527134999998,0.03608057532307041,,,,,,,,,0.0008163265306122449,,0.0,0,,,,,,,,5.090021713278943e-05,0.044285170743028617,6.012018024030567e-08,2.4037845401168576e-07,-7.381573333332791e-05,0.012381002273035341,,,
766,,,0.03624463244864945,0.03769006521614364,0.0362446345957059,0.03769006780086167,1.0000000587923494,0.36966573565395355,,,1.0604638206162345,,,1.7141491350000002,0.0564610231673371,-1.187147315387287,0.06207074455905807,,1.2713437329600001,0.038798123220677196,,,,,,,,,0.0008163265306122449,,0.0,0,,,,,,,,-0.00735066616858652,0.06978782035297282,1.6064192513282203e-07,7.949713604449245e-07,0.0021954059333333413,0.019097557145747443,,,
866,,,0.027756559261658792,0.04131801409569908,0.027756560858604513,0.04131801642805282,1.0000000578643102,0.3518672716493598,,,1.2931227874934514,,,1.720448685,0.06782971427786919,-1.1672003393787131,0.19405858587664468,,1.2736142310779999,0.05728660258803862,,,,,,,,,0.0032653061224489797,,0.0,1,,,,,,,,0.021678688072991052,0.1132656729416655,1.603606410818517e-07,4.2287585983209457e-07,-0.005076083033333335,0.023031396658180787,,,
920,,,0.03881732061115697,0.04554851500089118,0.03881732307238106,0.0455485179771233,1.0000000634180664,0.4230696428664986,,,1.4724743635179727,,,1.713752505,0.08705666546093568,-1.166568867122992,0.23886402582488045,,1.268274498918,0.0670197436280492,,,,,,,,,0.0032653061224489797,,0.0,1,,,,,,,,0.027006171184327063,0.13694397664488187,1.6064192513282203e-07,7.949713604449245e-07,-0.006058456600000004,0.028364681930025445,,,
806,,,0.028617336750938492,0.055446886022384435,0.028617338386875614,0.05544688922825171,1.0000000573635424,0.44106688278687656,,,1.0051333163345495,,,1.7049197199999997,0.11533563062793505,-1.102682123051628,0.4849783793840377,,1.2607074864299999,0.09781159531952875,,,,,,,,,0.005714285714285714,,0.0,2,,,,,,,,0.04136591316754558,0.231865400781344,1.0020030040050944e-07,3.0365276524341156e-07,-0.006821533233333333,0.039936225346472544,,,
937,,,0.04009447281596462,0.05833393629920475,0.04009447489298731,0.058333937944619337,1.0000000543139336,0.5003817241722062,,,1.031070726696384,,,1.7118965549999998,0.13540974272693876,-1.071486660437307,0.7219185600617398,,1.2652553026259998,0.11192925715216505,,,,,,,,,0.005714285714285714,,0.0,2,,,,,,,,0.07827861646394003,0.2775581506585086,8.032096256641101e-08,5.679549730214005e-07,-0.014961485533333329,0.04049236076910135,,,
797,,,0.029974658898338984,0.06049499615137271,0.02997466077813249,0.06049499972209905,1.0000000634171096,0.47723881939977425,,,0.9416928543332398,,,1.6920066399999998,0.1071272277123542,-1.0692080032856708,0.4810959695662409,,1.251884266962,0.09354246023322926,,,,,,,,,0.006530612244897959,,0.0,3,,,,,,,,0.04588548825353301,0.23082818850833786,1.2024036048061132e-07,3.289182302015177e-07,-0.007020404033333332,0.03895080568684546,,,
805,,,0.041824096606547116,0.06481899441496716,0.04182409918528366,0.06481899848716141,1.0000000620802236,0.5453131228719397,,,0.9508711903131895,,,1.7017578299999996,0.11085351596130484,-1.104482064661178,0.3806507427311263,,1.2548407641,0.09988115750038735,,,,,,,,,0.007346938775510205,,0.0,2,,,,,,,,0.05681294079993636,0.21402760860275288,1.6064192513282203e-07,7.949713604449245e-07,-0.010819776733333333,0.04124781427944922,,,
714,,,0.32694350370552305,0.23550319931217367,0.5751410138248846,1.017697934991363,44.220672678341025,116.57154667826272,7.891373986284492,20.52054154314387,0.764851013905578,7.38434681638791,19.18096788333556,3.8742857142857146,8.887667217635265,-0.8736582208192097,0.9558371848754578,,2.550072,6.7207420717274955,,,,,,,,,0.14285714285714285,,1.0,2,,,,,,,,0.505711775645786,0.76144458028727,0.18342600013357374,0.16813817674362122,8.467314285714286,21.596720230480617,,,
1005,,,0.22769842938237211,0.18299207857609354,0.1128639403128184,0.17878186869411528,0.7004470770184149,1.0172597067643343,10.862900927816515,23.657160832679832,0.7322774710662149,10.838965482294338,23.661443372868103,0.5747372222222225,0.5046039377268519,9.532684737023255,16.631806755353363,,0.29590472099999976,0.275539848952288,,,,,,,,,0.05555555555555555,,0.0,8,,,,,,,,1.6294993485603526,2.281160831772149,0.008961343715966666,0.009965682017666592,11.259923982905983,23.50082963043042,,,
1026,,,0.09512313788116537,0.10295906599433331,0.015593647948165151,0.05515395010576807,0.33865024697732876,1.5115521455057677,0.09886684878005023,0.6483132829666418,0.8852826130200028,0.07275124884056182,0.47706184183818123,0.2558139534883721,0.9781669751270667,10.206786914208491,10.80740072368224,,0.10343720930232558,0.5007243748160097,,,,,,,,,0.018826135105204873,,0.0,38,,,,,,,,2.99763111252442,1.7837980425977227,0.17823000412286127,0.10144119107542258,0.2110527631907977,0.8490994034744903,,,
329,,,0.03178967019476418,0.02036356649391041,0.02557651991614256,0.015269770206237102,0.8345911949685538,0.1076850049098082,1.7318971920289425,0.06340823486058811,1.8807450657524227,1.551335628695727,0.05262866043927805,2.0,0.0,-0.7845161210959383,0.47624615686677296,,1.4826,0.0,,,,,,,,,0.0,,0.0,0,,,,,,,,0.563313552347617,0.15307869453783293,0.2662473794549266,0.0419287211740042,1.7942708333333335,0.05729166666666674,,,
1512,,,0.12468761166310988,0.14516562734208996,5.120189086457931,19.26750669950863,123.4088074990335,271.6437528090819,8.731479704238232,16.10960868652631,15.693958850072057,6.6970754414205675,15.659444298814662,11.403846153846153,17.834756113864458,9.020447212200976,26.75815561640948,,6.899792307692308,10.992692581472896,,,,,,,,,0.0641025641025641,,0.0,5,,,,,,,,0.4982132604044877,3.2954493927947057,0.21865980694834158,0.17953648137610204,11.000641025641027,17.163206724388733,,,
53,,,0.15752563963874355,0.12068846008311303,6.945217858693693,23.63808292899519,278.38014557451373,742.7174537124818,44.998661777784555,79.17267404290226,24.137723968119097,44.258075552895335,77.85016388827115,11.2,19.45901676173114,0.06803056493599358,1.8737065383303537,,7.73232923076923,14.15952162426781,,,,,,,,,0.01282051282051282,,0.0,7,,,,,,,,0.42223077005134496,0.863717988805393,0.23480930043688855,0.19991442921684124,45.7863722697056,79.70482722415079,,,
1513,,,0.13082332225903603,0.09453329530401554,1.5324163263987338,3.507315336271394,59.38326891465638,136.2956176035378,9.689373508677779,15.972704098207817,8.346086075387536,8.070036764950357,14.956401245223006,7.0,11.88773240858751,2.7233217089174553,7.906607289951123,,4.8184499999999995,8.830780888409071,,,,,,,,,0.015151515151515152,,1.0,4,,,,,,,,0.14701761463928134,2.024020659053054,0.21168508017591914,0.15693830773990086,11.087777777777779,17.3849510757357,,,
41945,,,0.17991428487945604,0.21013701271697327,1364.1437196918237,6452.164500396598,17615.36310266432,36955.490296877855,39.157272735064836,74.5772212392393,153.77823662894474,33.33526667766436,66.42251350469046,25.29,40.12988495705746,26.63811884581289,46.45140438883037,,14.819022291359996,23.762462161838883,,,,,,,,,0.08888888888888889,,0.0,8,,,,,,,,2.827332161050367,3.699269253246371,0.05916586795337967,0.15471847401169808,36.84546958860399,68.5488606473686,,,
59,,,,,0.06388193661829542,0.06059302957946943,0.2725296655418529,0.5197015860196876,,,1.3938808280643042,,,0.6018913235294118,0.2679445485043411,,,,0.3887721686470589,0.19159807883584645,,,,,,,,,0.0926916221033868,,1.0,20,,,,,,,,,,0.04511218394896291,0.1890503478331077,0.3006294814608308,0.3079774820343841,,,
61,,,0.5898157206151018,0.341914693261242,0.5943226696495154,0.5603071918597575,1.1423228187919459,2.057108218368661,3.221721558753249,2.0245680790555647,3.205174566228804,2.9762900261362306,2.1489374656636855,1.7000000000000002,1.2754084313139324,-0.7953739972959732,0.7583578194103905,,1.074885,0.6067802009789046,,,,,,,,,0.5,,1.0,1,,,,,,,,0.06603417597803579,0.2988639370617243,0.0287147773948895,0.011032357470087495,3.469722222222222,1.905054004829488,,,
1056,,,0.4609974695045662,0.29123920235628864,17050552.57411518,436495765.7807514,5497766074.4788885,33890465643.081413,0.4141092402714142,1.0121156847176893,73483.95240957437,0.30010816959257525,0.6989533289786486,18.58967105263158,79.24536247444665,825.9139691791615,1161.823092854648,,2.609766157894737,9.210329081666805,,,,,,,,,0.411095305832148,,0.0,34,,,,,,,,17.764435863943135,17.09564891253555,0.06957658360664723,0.150608804889975,7.0220211267605634,25.77398892243813,,,
1054,,,0.5186486951755821,0.3102888060694492,2104555.2926872103,44014466.34632028,544037687.610808,3397446220.6686296,6.417389910765016,15.933831294474757,89452.20471660855,3.078901199847348,6.8225927760929395,871.9305128205128,4902.29559725417,8.70929430355247,5.722267619713857,,266.4026916923077,1432.8466528811566,,,,,,,,,0.524966261808367,,0.0,35,,,,,,,,2.447211458004134,1.3216889176354143,0.024017410953004095,0.02855877365486749,340.1322125297383,1861.8744556976624,,,
1488,,,0.5017544881250771,0.3035765369036403,13.301180491697231,124.0045471607571,545.4066874330942,1917.3701561738658,,,63.82499491965249,,,9.949752613636365,25.068796450137853,5.262564439965855,6.23089181837817,,6.891130595618182,17.45254195988986,,,,,,,,,0.5108225108225108,,1.0,19,,,,,,,,1.6318606079752804,1.3147981715621226,0.0024540135492048284,0.010126558817018906,20.61773423038073,51.78438746529126,,,
750,,,0.17900503869280543,0.14828910664409026,11.302329987269035,37.96553691068803,1058.0472609149863,2759.7511355875813,,,1.300990639866894,,,24.293637857142862,53.614436235174715,0.46813241153688523,1.9227734084822865,,14.893570553999998,31.410028470023175,,,,,,,,,0.047619047619047616,,0.0,5,,,,,,,,-0.04534969572139171,0.5589909482673512,0.010679349054730352,0.013822552618843822,22.6367218,48.14819249112547,,,
722,,,,,6.058224406729557,24.509668473701538,110.57964828182988,277.14457649890977,17.131014564937008,36.4907257886937,24.883622964829282,16.80129552531707,36.030541080634904,3.7708333333333335,9.172668892417795,,,,1.0810625,5.041578307946785,,,,,,,,,0.008865248226950354,,22.0,26,,,,,,,,,,0.4654285905616316,0.4969543746362866,17.516377314814815,36.01227700625985,,,
871,,,0.29651630400682355,0.2526843687656593,13.00202345982932,16.5301889753935,48.120982424610744,57.528882325906174,,,0.2925332223636724,,,9.04659,3.6556244153957476,-0.09954981556492948,0.18642836949385214,,6.6982533659999985,2.7104094099096803,,,,,,,,,0.2,,0.0,5,,,,,,,,0.02060141177243191,0.10862334247479397,2.6512523978370968e-06,1.0749536294125632e-06,-0.03142565367965362,0.14854083398808648,,,
446,,,0.5743553954575197,0.4240576860276082,19.259421356783918,27.788130604230286,44.12687914572864,117.98085380841779,15.936610774997128,12.855715365465656,6.973566662763025,14.509368873732026,12.496075393844688,7.637500000000001,7.874495448689304,-1.0018632004995622,0.6700037075118694,,5.670945,5.828522810781475,,,,,,,,,0.5714285714285714,,5.0,1,,,,,,,,-0.014091126734710104,0.044958200416818056,0.07593450341214388,0.18594169473961286,17.196666666666665,13.418660743561322,,,
952,,,0.227698429382372,0.18299207857609337,0.11286394031281843,0.1787818686941153,0.7004470770184152,1.0172597067643343,10.862900927816515,23.657160832679832,2.4427436375601044,10.838965482294338,23.661443372868103,0.5747372222222225,0.5046039377268519,9.53268473702325,16.631806755353345,,0.29590472099999976,0.275539848952288,,,,,,,,,0.05555555555555555,,0.0,8,,,,,,,,1.6294993485603522,2.2811608317721475,0.008961343715966666,0.009965682017666592,11.259923982905981,23.500829630430417,,,
752,,,0.008512023459613067,0.006705687034761161,0.34032386895085304,2.059483939500235,294.4555959803697,692.8650500608992,,,25.471356202614956,,,13.106559257812503,27.013727993965063,-1.1972908461104357,0.01450046008980052,,9.710204284462499,20.011827727595232,,,,,,,,,0.0,,0.0,0,,,,,,,,-0.002686314643917048,0.013202991011402649,1.4134091795205266e-07,9.057557456088877e-08,0.6697136207981591,0.7038304469009032,,,
816,,,0.006737053219724431,0.00477570283889021,0.005525277871737272,0.0049889423725719435,0.9161039468249736,0.4923568355604538,,,1.2265315119143985,,,1.55764271875,0.5914307908457107,-1.1950360713857107,0.00672852645542393,,1.1558370912374998,0.4387705438143062,,,,,,,,,0.0,,0.0,0,,,,,,,,-0.005738214934025709,0.014217542467633397,2.0163671642277267e-07,1.2649948823161467e-07,0.003992924455858434,0.014678284805325867,,,
721,,,0.05900434063938928,0.04907674481187613,0.042183696259073145,0.037201691876185904,0.7074924623115584,0.20723992365242186,,,1.5909240839372525,,,2.0,0.0,-1.5586521368047117,0.16869272658338416,,1.3343399999999999,0.46883928589656393,,,,,,,,,0.0,,0.0,0,,,,,,,,0.02025969129924233,0.13753651255045488,0.34673366834170855,0.052969475044696464,-0.01833333333333333,0.12327826598471253,,,
1495,,,0.24424501729667147,0.18807580971082957,0.05562475543198436,0.04421466467688285,0.2252072907012671,0.2565949425397268,0.0,0.0,1.8480644244114182,0.0,0.0,0.8461538461538461,0.37553380809940534,-1.505963263537448,0.5067842063014747,,0.0,0.0,,,,,,,,,0.15384615384615385,,0.0,2,,,,,,,,0.6098587613043728,0.372503275388393,0.3306559571619812,0.0,0.2651282051282052,0.13250167982593714,,,
717,,,0.38765643583860965,0.23534939586966397,21.281306655087743,25.716645877918914,76.56929610508004,129.76524219656798,47.201407184797006,52.99230607136692,24.638920982138224,46.41338370717718,52.98810146135868,9.9225,6.4570186834000864,1.6762946801810823,3.8735871430923905,,7.142425500000002,4.607738903354282,,,,,,,,,0.26666666666666666,,0.0,9,,,,,,,,0.811757180444556,0.8403208892487386,0.0004150681937305934,0.0004625926265777918,47.4435816993464,52.68688871002993,,,
1519,,,0.18826210281494868,0.19914046052705728,6019.632475670516,30596.8601488736,60896.85887284276,326627.7440661308,,,3398.188082879207,,,12.588888888888889,11.313603668373915,24.44238380260938,12.054848584389761,,8.35198,6.100581155815947,,,,,,,,,0.09188514357053683,,0.0,90,,,,,,,,-1.2200365412751812,3.5236721964432074,0.014255333886302455,0.007260489402358974,-0.5195618153364632,2.2889303912744725,,,
1520,,,0.1791218422839311,0.19118763963799223,4645.61469035694,23557.988071188105,45782.941579380546,250377.98709008584,,,3589.0186265371804,,,22.877777777777776,25.972361185846,31.724877214787156,15.488321742742386,,12.709176666666668,11.693853480403062,,,,,,,,,0.07915106117353309,,0.0,90,,,,,,,,-1.4237920756236488,3.8823697928659358,0.012282612057190166,0.006188595252924901,1.4470000000000003,8.114665797877073,,,
1498,,,0.20199741821460665,0.1966434639609905,13.470961143341274,23.463535800121065,143.33925452648583,224.6653478962574,28.287586990767842,42.5588786221743,15.558264245897325,27.449922866486293,42.06661013485152,11.13025,9.594135249231979,1.380507063470692,2.970893038800741,,7.2817899,6.711554465768724,,,,,,,,,0.06666666666666667,,0.0,6,,,,,,,,0.6803601276342841,1.0190037347775538,0.06149473327045026,0.16419943354957525,30.14486330935252,41.372875423978115,,,
182,,,0.4957905897621941,0.3230389395268951,0.4958111163287574,0.3230559265899008,1.000044019764808,3.5497905582667273,,,4.388852950096111,,,1.4318091666666668,0.16515623546647323,-0.1558149127988007,0.8449292386493931,,1.0300095808333332,0.13037893372596365,,,,,,,,,0.4857142857142857,,0.0,9,,,,,,,,0.04044135856068928,0.5655168143030828,0.013552850002041726,0.003797144677820704,0.01826032534128218,0.0748208170254773,,,
466,,,,,,,,,,,,,,,,,,,,,,,,,,,,,0.016666666666666666,,0.0,2,,,,,,,,,,0.060192449535168176,0.1538443386714866,,,,,
1499,,,0.6115307553914445,0.3356029436206928,0.5321531311453309,0.8562473071626118,1.8590925565126122,4.017513879681056,6.792813189639899,5.518782315559497,4.670450642080292,6.686388419693096,5.486920107447797,1.6721964285714286,1.7014363966237327,-0.764292695287068,0.4335291914474822,,1.12199991,1.148771319098698,,,,,,,,,0.6190476190476191,,0.0,2,,,,,,,,0.26361082262248103,0.37523823839428455,0.0007820550746615981,0.0006242293961254164,6.8016014739229025,5.467065470476401,,,
36,,,,,189.53910914311984,420.1662939332443,1184.9900527038255,2510.358067786874,,,86.24217319696156,,,27.380688407894738,35.62624914861224,,,,18.216463326710524,24.876632583199815,,,,,,,,,0.2222222222222222,,1.0,15,,,,,,,,,,0.08461444235129945,0.24005678431458097,20.994659390863525,38.59168329264506,,,
1500,,,0.6115307553914445,0.3356029436206928,0.5321531311453309,0.8562473071626118,1.8590925565126122,4.017513879681056,6.792813189639899,5.518782315559497,4.670450642080292,6.686388419693096,5.486920107447797,1.6721964285714286,1.7014363966237327,-0.764292695287068,0.4335291914474822,,1.12199991,1.148771319098698,,,,,,,,,0.6190476190476191,,0.0,2,,,,,,,,0.26361082262248103,0.37523823839428455,0.0007820550746615981,0.0006242293961254164,6.8016014739229025,5.467065470476401,,,
826,,,0.04050872952879061,0.13568946731011844,0.008197993311036789,0.03132795491046919,0.1958528428093646,0.16902993463231034,0.0,0.0,0.3861622566590204,0.0,0.0,0.46153846153846156,0.4104406637524339,-0.7003135572471509,1.0746242608050753,,0.1425576923076923,0.29794216643244964,,,,,,,,,0.012307692307692308,,0.0,17,,,,,,,,0.9831689234438087,0.5896125674518006,0.3473517786561265,0.12834049916423915,0.16907514450867053,0.17766881180771246,,,
747,,,0.0982018199816049,0.15048291224243027,0.01481645143448043,0.021618600521501097,0.15532789842002742,0.11016452588647799,0.0,0.0,0.7581997494469698,0.0,0.0,125,0.3415650255319866,0.7118268796948525,1.3576518090189575,,0.0,0.0,,,,,,,,,0.016666666666666666,,0.0,14,,,,,,,,1.5802483594961914,0.47359303037180595,0.20775602409638555,0.025150602409638553,0.039603960396039604,0.0870686861932206,,,
902,,,0.22041273138892525,0.21613492004100357,2.2223819730109917,7.765850078292767,35.76933317358255,76.08150051714011,8.06433318004671,21.33622008397026,12.822192706576493,7.983765645674347,21.123058424275342,4.714285714285714,7.4097747539828696,-0.9843200019057424,0.6255847956063622,,2.9652,5.34559032100291,,,,,,,,,0.047619047619047616,,0.0,2,,,,,,,,0.028471343309649715,0.9233970387400331,0.3387488190836088,0.24452243953000377,12.903691813804175,22.90885763173526,,,
40,,,0.22939566425480037,0.1733386295524635,0.005587204758068456,0.009220263354074137,0.029133141824186335,0.08741516181803666,0.2240835728364815,0.21501248046104454,0.44494157189484707,0.17313292903625482,0.17203301401381427,0.20288250000000002,0.15483609043250782,2.1438860417640337,4.1554780251266585,,0.14163030699999998,0.1062061302009558,,,,,,,,,0.07514124293785311,,0.0,39,,,,,,,,0.9533140778336299,0.9395120998777189,0.0006894288579850998,0.0011220386865203916,0.27199238095238093,0.23565218990776363,,,
737,,,0.5717853398136804,0.35609798154357974,1042050.6574456056,1691631.186685851,21948578712473.34,53762818424869.3,,,2797835.4166321177,,,2442627.295100167,5983187.187886563,1.950799688086217,3.1675360807632518,,1799277.5102131625,4407309.389766181,,,,,,,,,0.4,,0.0,6,,,,,,,,0.03343831825093715,0.7135944085581123,1.0971693061914676e-05,1.2968752953564378e-05,-15062206.114277685,36894738.20089493,,,
44,,,0.060853842705061174,0.10267951019901933,40.02508021853806,1410.6090282787297,7134.779356552077,50011.95083201696,1.9559089135609302,12.458804746744406,321.02410795999555,0.6529518164638969,3.9120529750334487,4.85180701754386,30.880655182167846,240.8006984306971,296.788555243399,,2.3560074631578947,15.229057799878484,,,,,,,,,0.019423558897243107,,0.0,57,,,,,,,,11.179346104377071,6.954062957514436,0.00608379711806254,0.004603863990873242,2.5357078798045456,16.10753587969775,,,
46,,,0.05125855390049637,0.1535158104172624,0.0037895816928218947,0.006968397439341436,0.14926023599623134,0.14298231251520488,0.0,0.0,1.672514235706137,0.0,0.0,0.42872807017543857,0.4951497399125505,584.582792068545,1196.7196272753226,,0.0,0.0,,,,,,,,,0.029291289898755696,,0.0,130,,,,,,,,11.771153163122374,21.208780054038833,0.21114159785373332,0.023274285365476672,0.07648856990962255,0.0784477897269255,,,
40982,,,0.24536863607275167,0.2259642513822067,9021000703.347754,168087348346.3158,242991510502.35718,1211220382472665,,,1235066.6003517515,,,129639.66117037035,456248.3446043244,109.18517338767076,344.8947290346772,,90501.99069904222,323210.9997280625,,,,,,,,,0.1396011396011396,,0.0,15,,,,,,,,3.7354669165996084,8.630697218613285,0.05272271463058277,0.14375808130793996,95119.95278837068,337599.6540870525,,,
841,,,0.42826172070131724,0.2661338142328834,22.98582504335127,29.53716271025423,65.78922168223627,130.68126925718423,40.23509750069664,17.21200674085347,15.667889191687058,39.42020540786033,17.06969308156731,11.472249999999999,6.647246617491335,-0.7852374703357705,0.43603769184205926,,7.683245033333334,4.928645845266141,,,,,,,,,0.41666666666666663,,0.0,2,,,,,,,,-0.01870449821921233,0.4709957009341844,0.004820215849299539,0.0029495165059992383,41.064294541910336,17.04217321384999,,,
770,,,0.11712913484128497,0.12713406833220553,81.80080156974363,138.35494397181606,52445.287829588175,128302.34526297543,,,236.82944708716607,,,65.71666666666667,134.49751546651956,10.094882808985078,24.65899556435317,,36.71905999999999,71.49008444326695,,,,,,,,,0.0,,0.0,4,,,,,,,,1.4146674797486156,2.512677659935076,0.01644303093013646,0.02060719325675591,364.4590666666666,787.7641521678958,,,
41146,,,0.05121971051684464,0.12473846063707798,6772.343785988877,57826.83058242198,539434.9683735592,987699.8880102923,,,593.5733546135128,,,601.0,882.9060382443995,0.9279251342789625,1.5262303401801398,,420.53949,626.1057254306755,,,,,,,,,0.031578947368421054,,0.0,17,,,,,,,,0.1081835194892963,1.0061250535177753,0.004262772296618538,0.0048205197523149305,805.3798114434329,1042.0268479753602,,,
1004,,,0.45564968657712573,0.27301578628400514,55.664093774093885,56.50556476230215,109.3203416601977,618.8679826355242,,,34.769913506144974,,,15.669395833333333,7.760117655741885,-0.5708726801133933,0.5960082098268036,,11.591077995,5.7271524831322855,,,,,,,,,0.43333333333333335,,7.0,26,,,,,,,,0.033834864913517566,0.2897093619494241,3.5879448952356275e-06,4.029997436180879e-06,30.076544106481478,0.5950707709066212,,,
48,,,0.23137192840727985,0.22463195316368773,1.5729300956585728,2.8598775634860156,43.769668874172204,64.88767277681869,6.883304565917197,9.808502500709047,3.0804023315925266,5.402871404864373,8.274488491648393,7.0,7.974960814950754,0.05551585943227414,1.000150754048227,,4.4478,5.626071430758766,,,,,,,,,0.06666666666666667,,0.0,4,,,,,,,,-0.09712129681147315,1.3691814385563694,0.21484040133779264,0.25737199682554673,8.131868131868131,10.434312156762434,,,
1115,,,0.053985001689440926,0.09376987294350163,0.10150961907803091,2.5410557852586004,38.53839424413377,261.49886839408214,1.5093579550129317,8.372463460137212,35.420250528061004,0.8891389908736977,4.612487341606075,1.7407407407407407,10.44877023581964,50.57187969364471,51.8587532454882,,1.290411111111111,7.845426529614077,,,,,,,,,0.009783368273934312,,0.0,52,,,,,,,,6.152458485263338,3.8229765595002925,0.17903366778149388,0.24634327433036618,1.9415954415954417,10.89084012112684,,,
41526,,,,,,,,,,,,,,,,,,,,,,,,,,,,,0.0,,0.0,40,,,,,,,,,,0.05753395995776891,0.04571287148064866,0.04308627940472363,0.02294108191907338,,,
40499,,,0.7428268121641491,0.1553952120330907,0.04027753725018433,0.016376390221846185,0.0573896456490097,0.2763817269550164,,,0.4086168519726023,,,0.31258749999999996,0.0977724423381621,1.1944297488292175,3.5579356570201965,,0.22192668749999997,0.07348946519069208,,,,,,,,,0.8923076923076924,,0.0,36,,,,,,,,0.285158030816213,0.944008196153359,0.0008607299458208772,0.00018265649692015512,-0.6033732348484848,0.228495935666433,,,
4329,,,0.05765138254672977,0.07929604542480038,0.0836592043384899,0.7032664496371035,8.676818560268558,31.18707982078269,2.708923252672274,12.35605006176019,1.7355405050938522,2.6638569954121567,12.213353447163213,0.7331,2.391622235359645,58.54162171518757,112.6266786966635,,0.42224448,1.7802167859285456,,,,,,,,,0.01,,0.0,21,,,,,,,,4.980967290048957,6.073616708442652,0.3588375950551008,0.2035254276863306,2.883029787234043,12.414157548910305,,,
40690,,,0.022222222222222223,0.14907119849998599,0.005566427484235703,0.0373407307397225,0.25048923679060664,0.11808175863258719,0.0,0.0,0.68760673688618,0.0,0.0,1.0,0.0,-2.0039024353027344,0.0,,0.7413,0.0,,,,,,,,,0.022222222222222223,,0.0,0,,,,,,,,0.0,0.0,0.4990215264187866,5.887846720064156e-17,0.5,0.0,,,
40474,,,0.0640013964950298,0.12995773938985564,3.7552688118378295,46.257640647361704,110.05515214582637,383.91466336676774,9.648659635237024,28.84085685330561,12.361654248521269,8.457323369439063,25.652699389093325,3.6252777777777774,9.812015111325081,146.1134075252792,533.5336714396577,,2.6174546324888888,7.28426599942125,,,,,,,,,0.025641025641025644,,0.0,25,,,,,,,,5.725287886761371,10.662723385519746,0.3861790127332317,0.21160015125129084,10.273027133333308,29.61894729585489,,,
50,,,0.1259233330531781,0.14112888272999816,0.029371076266264003,0.032979362099479,0.23176027483057055,0.19299199582141638,0.0,0.0,0.6211205309456388,0.0,0.0,0.9473684210526315,0.22941573387056174,-1.653716548398157,0.41590768031383196,,0.0,0.0,,,,,,,,,0.05263157894736842,,0.0,1,,,,,,,,0.5245405846645472,0.2773293225339279,0.3326367119470568,0.0,0.2940423976608187,0.09586102485875192,,,
40705,,,,,6467058355.32565,103540045239.7594,350459522746.5903,1894288060934.1655,59548.40069471546,225629.74429611312,3882221.9158497094,12455.520520489086,47314.47305103033,123529.18278881398,483840.70545312937,,,,61583.56808048321,251506.1537691296,,,,,,,,,0.15725359911406422,,1.0,39,,,,,,,,,,0.07927289720184987,0.22727142622451577,86527.892489888,323948.05145082786,,,
788,,,,,0.007918091799962893,0.011930320619890583,0.038466891387193634,0.11542006068690534,0.1554568519556942,0.0722343652289284,0.48186273955647824,0.12963964822935722,0.05123894065255025,0.15580833333333333,0.24161652085426094,,,,0.03427276999999999,0.09727157235632775,,,,,,,,,0.08305084745762713,,2.0,43,,,,,,,,,,0.34601437151437153,0.1731214970652658,0.16190729166666668,0.10259288783448647,,,
1507,,,0.1663625845723579,0.010891601780615877,0.19858350255358054,0.013064134842820756,1.1938067282093805,0.8902220954770221,,,3.989084361118147,,,1.48519375,0.020420228095212975,-0.06544161685574804,0.0452941088313361,,1.1012419215,0.014230713874782553,,,,,,,,,0.0,,17.0,20,,,,,,,,0.01156590096779964,0.02589442418742953,1.2923207864725413e-05,5.100372081288905e-07,0.0010194121621621582,0.011732673847021601,,,
1508,,,0.11190584397121597,0.05706777038343182,0.006439303618384504,0.0033817331402234935,0.05795124186017801,0.019935272349929554,0.0,0.0,0.2326376822826657,0.0,0.0,363,0.06320601237224195,-0.7838443381666211,0.46034120433116477,,0.2550072,0.052835504210710434,,,,,,,,,0.0,,0.0,1,,,,,,,,0.3895570005283498,0.2822977940569413,0.007790792491773413,0.0009262404019401592,0.3913481481481481,0.06185966177361508,,,
1047,,,0.031339735234145794,0.08717027612734778,0.0285305670712322,0.8951008574869993,182.41606776591618,3557.3313604760674,0.9962188977910478,19.42767620122573,230.3092925540925,0.7940769067025659,15.531760509637648,1.272264631043257,24.16460705016689,121.48755320957326,78.49801768074839,,0.7695938931297709,15.032598603190888,,,,,,,,,0.008178844056706651,,0.0,381,,,,,,,,10.179307098409637,4.390693125345926,0.07205227115613146,0.08894029884179543,1.1471689526055566,22.22812959451142,,,
54,,,0.40705653491911936,0.34247694047500554,278.4461546507245,851.9534342935543,2025.588978648801,8224.542093947211,113.83867084854721,101.74809481733129,159.43085579722046,111.36287191706428,96.84180561070296,34.56944444444444,61.11337135600303,5.0964765381202675,15.12629136474275,,21.168233333333333,31.898934062460086,,,,,,,,,0.39215686274509803,,0.0,8,,,,,,,,1.0378871009079125,1.6937191094945223,0.024529774191604656,0.018416543403109928,114.9032152230971,100.6629073063975,,,
44153,,,0.40705653491911936,0.34247694047500554,278.4461546507245,851.9534342935543,2025.588978648801,8224.542093947211,113.83867084854721,101.74809481733129,159.43085579722046,111.36287191706428,96.84180561070296,34.56944444444444,61.11337135600303,5.0964765381202675,15.12629136474275,,21.168233333333333,31.898934062460086,,,,,,,,,0.39215686274509803,,0.0,8,,,,,,,,1.0378871009079125,1.6937191094945223,0.024529774191604656,0.018416543403109928,114.9032152230971,100.6629073063975,,,
719,,,0.12362546411864243,0.16460008762256295,1.6563129144601882,6.45123829880393,62.66504937741515,129.50456792982118,11.733379441832287,23.29503106285403,15.146545779147377,10.906483655554217,22.01737248699082,6.2,11.222992272810115,2.547749558911631,8.02453942287772,,4.2995399999999995,9.388499383607583,,,,,,,,,0.022222222222222223,,0.0,4,,,,,,,,0.41640173570785455,1.9158170290759529,0.2652148359343738,0.2285518218824595,12.89156626506024,24.98503027565097,,,
925,,,0.2557548584256169,0.3288968030473431,109.21309927168902,119.38042149827912,700.3418387438069,634.4453862922156,,,41.92774415731765,,,31.60886875,11.87575220885205,-0.6330379385014264,0.33629205279436575,,23.252941985699998,8.616677305566675,,,,,,,,,0.16666666666666666,,1.0,1,,,,,,,,-0.14894702491582693,0.3083036241312733,0.03510004949030839,0.07006350599097486,21.936746064102564,43.700636800869134,,,
923,,,0.1658590662319118,0.310504250323477,0.6430143966912227,1.3463433229516144,166.3604820770733,371.01418609666507,,,1.6223260559304526,,,8.817440000000001,18.242462254120195,-0.6912125990394751,0.5004986052402078,,6.17829072,12.721364422789106,,,,,,,,,0.1,,0.0,3,,,,,,,,0.15350170625802803,0.8868597040986363,0.12501925249503465,0.2499485851148025,10.389660516875615,21.219526834151765,,,
1016,,,0.12115003784045526,0.101956837793733,0.02849474001722444,0.05207527328974927,0.24774844376407784,0.4288213647246304,,,2.5075763252837304,,,0.4229711538461539,0.5360933282877296,5.56475620225098,5.346473489700482,,0.28115228076923077,0.38723466035672377,,,,,,,,,0.00923076923076923,,1.0,20,,,,,,,,2.0312293802040724,1.71586548849976,0.04729238422297014,0.14364600447474982,-0.024264763014763265,0.7841119172938231,,,
1497,,,0.17213448136854798,0.12133501249999441,0.26791740354064836,0.21159722519448018,1.6148359860575539,1.7636519820375876,1.7480217434180811,0.7342731764678583,4.829027032994679,1.5362247297804164,0.6730462305572147,1.426760416666667,0.9685296579126221,2.363586003938769,4.654139061494861,,0.8468117,0.5407901813193045,,,,,,,,,0.021739130434782608,,0.0,14,,,,,,,,1.521420721585599,1.0854695211550245,0.00046096017060357164,0.00015935048561201777,1.747510664834046,0.8264562238374003,,,
60,,,0.08854228249069311,0.17330924867060116,0.2270780621271947,0.5153966092334009,1.7362321302364474,3.6954522840678137,,,5.578119144836963,,,1.7982500000000001,0.5931170918253702,-0.19854181030404142,0.2628599639880134,,1.326927,0.4338590605582203,,,,,,,,,0.06794871794871794,,22.0,38,,,,,,,,0.03544699549755459,0.11948681415717044,0.0014585049278915605,0.00029543655281226335,0.8872826666666667,1.1686103534831105,,,
1510,,,0.39489663070391806,0.2638053656327699,676.4651048491819,9367.754876816349,15063.218541913271,80983.16589235152,54.205967045723625,168.8528853807651,1009.1627866986585,48.40541217985295,148.47946832600834,35.21501196666667,120.48750179568795,7.698004290153014,12.717419171316568,,20.797861403199995,70.00092902515408,,,,,,,,,0.3333333333333333,,0.0,29,,,,,,,,1.7312412463356572,1.2719951569968126,0.0002087540337474961,0.00015182160995835746,53.29460552322644,165.81689209219886,,,
1511,,,0.19734996639818128,0.27682698920919313,4283961.185215136,10552920.329991605,35898828.615796745,63603303.43130804,1734.2249920388372,2226.6097302199564,16520.97969196312,392.9402444746582,563.0324801946541,3585725,4590.664209158626,30.074450225069484,51.17774453501819,,2062.37073,2856.37802295594,,,,,,,,,0.15555555555555556,,0.0,8,,,,,,,,3.2684090546273077,3.50503153258099,0.08302896275906299,0.15355391853804393,2282.3329545454544,3034.6253586787275,,,
40983,,,0.23769029410650733,0.2647741307760802,894.1250639962303,1333.288944010573,6532.042199796891,10800.272126292633,167.24523036203055,208.56175823748788,93.80464491119827,160.16996646659476,197.46981154269142,61.7854866,88.75931397421938,47.93602967111754,55.390224681905764,,45.18215286395999,65.48401923872898,,,,,,,,,0.1,,0.0,5,,,,,,,,3.3713382173505115,3.9198393283820363,1.5400852136066938e-05,1.5552526804190023e-05,199.20327630857145,193.58864753489726,,,
847,,,0.48740339642755515,0.36879437330479803,10.895584026044126,8.447549593809601,26.464210285631314,53.93215209965601,10.421440152431535,17.660007229270782,18.131693409629275,9.271211131366753,17.686878377059198,7.338571428571428,2.4559906575331487,-0.03165643143080553,0.6906120970253414,,5.437964999999999,2.019881550998131,,,,,,,,,0.5934065934065934,,0.0,11,,,,,,,,0.4862326123059555,0.28578744033942227,0.013486172148632463,0.025580824338296757,13.887127651871696,16.224507162773843,,,
187,,,0.30495748135034906,0.19084648578991892,40.57076594677672,208.4038717518871,7645.500383967169,27509.281976938077,64.21452561911116,188.5902292675184,110.61064078790011,59.77978348302762,173.51459718488854,39.92980769230769,133.66988409129698,-0.060275728926490475,0.8985753453755337,,25.07988969230769,82.76359274596284,,,,,,,,,0.1794871794871795,,1.0,7,,,,,,,,0.3442888859609402,0.46544348499246346,0.006196757204043295,0.005509299527695418,65.07110826210827,191.5711233559107,,,
753,,,0.2977461950618499,0.260518050931537,567.6734464285187,8634.506670952085,14783.05195608068,80614.19821869563,81.50273210253835,273.64911480153745,248.37330542177344,76.06810469116583,254.040659219539,44.031695484375,155.87669284603714,2.6712604423846185,4.512927134513288,,32.365979151909364,114.90723615498858,,,,,,,,,0.23387096774193547,,2.0,32,,,,,,,,1.1218309562343374,0.7650081366779823,0.0021502257391248477,0.007870273212131232,83.27785005852755,279.5866234618141,,,
40693,,,0.027468964828931415,0.14830603855270802,0.006874053960828989,0.03711368335119841,0.25023938521140787,0.1180706868841674,0.0,0.0,0.6754244474922005,0.0,0.0,1.0,0.0,-2.0017702050231536,0.0003767498556140073,,0.0,0.0,,,,,,,,,0.022222222222222223,,0.0,0,,,,,,,,-0.004514939419712414,0.0171127101643274,0.4994855967078189,5.887846720064156e-17,0.5018803418803419,0.0071259251058067045,,,
181,,,0.08927313518065981,0.1174591103817611,0.0010782703832369473,0.0019403455948508283,0.010407774277617132,0.009108793978443053,0.24510121173336774,0.2621021960924396,0.6716503674144975,0.2393417986058381,0.25613938894363075,0.08625,0.06696214282285604,28.517842925653746,46.13597267869401,,0.05745074999999999,0.05341917637421976,,,,,,,,,0.03571428571428571,,0.0,8,,,,,,,,2.906941484070356,4.660584050454403,0.1150993173930919,0.19118252997541488,0.37107903587443947,0.1912986749194283,,,
62,,,0.27980455249667696,0.22024355182306488,0.07825276645311592,0.08884508598114303,0.42750145602795603,1.0737493012417891,0.0,0.0,2.454486053057135,0.0,0.0,0.6470588235294118,0.6063390625908325,-0.2787629106010407,2.4290816143239478,,0.1744235294117647,0.7191666353577345,,,,,,,,,0.13970588235294118,,0.0,8,,,,,,,,0.3487633230200026,1.2728422455802642,0.4739583333333333,0.08416666666666667,0.5747348119575699,0.6966603297380637,,,
