c-1,c0,c1,c2,cls_coef,density,f1.mean,f1.sd,f1v.mean,f1v.sd,f2.mean,f2.sd,f3.mean,f3.sd,f4.mean,f4.sd,hubs.mean,hubs.sd,l1.mean,l1.sd,l2.mean,l2.sd,l3.mean,l3.sd,lsc,n1,n2.mean,n2.sd,n3.mean,n3.sd,n4.mean,n4.sd,t1.mean,t1.sd,t2,t3,t4
40981,Australian_40981.csv,0.9912308989033523,0.023972972299927786,0.7545968499672033,0.9986832418333649,0.8880513324118047,0.1398753444549872,0.14093800956751446,,0.35121605002846756,,0.9666666666666667,,0.9333333333333333,,0.993827536192721,0.03759287437649319,0.12658189817324383,,0.14492753623188404,,0.1376811594202898,,0.9821214030665827,0.27246376811594203,0.40489429177603803,0.11793234063335069,0.19420289855072465,0.395872777928824,0.1318840579710145,0.3386101335343202,0.002531645569620253,0.015729386383521723,0.020289855072463767,0.007246376811594203,0.35714285714285715
1447,CastMetal1_1447.csv,0.5531453183526465,0.7115280338358095,0.9618487227010403,0.776908500778597,0.9720465773895034,0.01944496238629984,0.2731229411810261,,2.2604529433500976e-06,,0.7584097859327217,,0.12232415902140673,,0.958518493220899,0.03662637014228431,0.09753091604810282,,0.11620795107033643,,0.11926605504587151,,0.9688671922490625,0.3211009174311927,0.39417376475984467,0.13746415306265414,0.2324159021406728,0.4230200775424435,0.14067278287461774,0.3482165428274102,0.07692307692307693,0.26540644737509717,0.11314984709480122,0.0030581039755351682,0.02702702702702703
1446,CostaMadre1_1446.csv,0.5529740500544369,0.7116809787083873,0.9630580050598885,0.760879523591388,0.9705449006587564,0.021858792340517103,0.2545962626647888,,9.07344338312516e-11,,0.7331081081081081,,0.0,,0.9558888715474665,0.03791362487561669,0.09560460961003014,,0.1216216216216216,,0.1250,,0.9641389700511322,0.32432432432432434,0.3899025730874404,0.1387219206456683,0.2195945945945946,0.41467304396887356,0.16216216216216217,0.36922372169883627,1.0,,0.1250,0.0033783783783783786,0.02702702702702703
41430,DiabeticMellitus_41430.csv,0.9361169611318012,0.1604892253931276,200000001.0,1.0035714285714286,,,,,,,0.0,,0.0,,,,,,,,,,1.0,0.0,,,,,,,1.0,,0.34519572953736655,,
4340,Engine1_4340.csv,0.5904568093904341,0.40636294971938847,0.8268347399585874,0.9613549683539978,0.8511753244953304,0.17696085226817637,0.2420893902474505,0.021979240031776152,0.0634253922638667,0.10985600189100314,0.2857874050495504,0.48477265209720793,0.2181500872600349,0.37784703480996445,0.9773065203648675,0.045841671842231015,0.03147951892814679,0.04441118594057764,0.03535110487503035,0.05104040035063355,0.03273330382790992,0.04651017417928153,0.9370504945837793,0.12010443864229765,0.27246478405644964,0.13534603017469757,0.05221932114882506,0.2227600167685892,0.0783289817232376,0.26904003550097066,0.005780346820809248,0.011555615866688839,0.013054830287206266,0.0026109660574412533,0.2
46116,German-Credit-Risk-with-Target_46116.csv,error,,,,,,,,,,,,,,,,,,,,,,,,,,,,,,,,,,
1448,KnuggetChase3_1448.csv,0.6921053253628725,0.5667936024371669,0.8614601128609393,0.9310934244965546,0.9594043374341805,0.02582412943784025,0.2175058697245789,,7.59029722032838e-05,,0.8969072164948454,,0.010309278350515464,,0.9582580310412134,0.05856558067688837,0.10030512781419099,,0.12371134020618557,,0.1649484536082474,,0.9603836752045913,0.36597938144329895,0.3976281126052628,0.15334354868942904,0.25257731958762886,0.43561469486748033,0.1958762886597938,0.3979005853324625,0.017543859649122806,0.07996730501810023,0.20103092783505155,0.005154639175257732,0.02564102564102564
1441,KungChi3_1441.csv,0.5576611106650715,0.7074754378470739,0.7136183392494091,0.9342929494868719,0.9158478230525058,0.06612714531602729,0.08059057075795426,,1.2780278425082031e-06,,0.5934959349593496,,0.0,,0.9481191652343157,0.07404753762379296,0.05611414140196558,,0.04878048780487809,,0.08943089430894313,,0.8945733359772622,0.22764227642276422,0.3582458619234768,0.1532075859985209,0.15447154471544716,0.3628783006310873,0.04878048780487805,0.21628982288819323,0.021739130434782615,0.06682411064231639,0.3170731707317073,0.008130081300813009,0.02564102564102564
40496,LED-display-domain-7digit_40496.csv,0.9971039733174889,0.0015608448499618843,0.870686126095678,0.9750541082164329,0.4318341587381029,0.08097072128600412,0.05129734977451638,0.03564199560013334,1.0,0.0,5.02998664063081,0.4036827779271718,1.0,0.0,0.9980,0.044721359549995794,0.03590003017578481,0.034627617385291354,0.039485309638786804,0.03834162223826361,0.035924707947417964,0.040208444285785745,0.995116,0.66,,,0.3580,0.47989227248036903,0.3560,0.47929473906333214,0.01818181818181818,0.04996187098366667,0.0140,0.0140,1.0
43595,Loan-Predication_43595.csv,error,,,,,,,,,,,,,,,,,,,,,,,,,,,,,,,,,,
45557,Mammographic-Mass-Data-Set_45557.csv,0.9960589654112921,0.010857648708433087,200000001.0,1.0010416666666666,,,,,,,0.0,,0.0,,,,,,,,,,1.0,0.0,,,,,,,1.0,,0.004162330905306972,,
1449,MeanWhile1_1449.csv,0.4899405783929423,0.7644242833703311,0.8732402379888474,0.8957902001380262,0.9404502656812502,0.046137604505847966,0.2060066141219583,,1.7926708761995682e-06,,0.7628458498023716,,0.0,,0.9591122358532341,0.04785196492950401,0.07227871692365373,,0.08695652173913049,,0.09881422924901184,,0.9592869752691028,0.2490118577075099,0.4041535963407004,0.12511539988724737,0.1857707509881423,0.38969246474317204,0.11462450592885376,0.3191997019336588,0.05555555555555555,0.21893292961638827,0.14624505928853754,0.003952569169960474,0.02702702702702703
1442,MegaWatt1_1442.csv,0.4899405783929423,0.7644242833703311,0.8732402379888474,0.8957902001380262,0.9404502656812502,0.046137604505847966,0.2060066141219583,,1.7926708761995682e-06,,0.7628458498023716,,0.0,,0.9591122358532341,0.04785196492950401,0.07218267189040084,,0.09090909090909094,,0.08695652173913049,,0.9592869752691028,0.2490118577075099,0.4041535963407004,0.12511539988724737,0.1857707509881423,0.38969246474317204,0.11462450592885376,0.3191997019336589,0.05555555555555555,0.21893292961638827,0.14624505928853754,0.003952569169960474,0.02702702702702703
1450,MindCave2_1450.csv,0.9358415530325216,0.16111568788984332,0.8783024503602094,0.9180645161290323,0.9125867627550636,0.04678750315628724,0.22888849680547724,,1.9541948543730757e-09,,0.8480,,0.0,,0.9475449629159247,0.0727378542994844,0.0977293294430217,,0.16800000000000004,,0.19199999999999995,,0.971904,0.5040,0.43056249661468554,0.1333445938311315,0.3040,0.4618336524990846,0.3040,0.46183365249908453,0.1,0.28535202430993506,0.3120,0.0080,0.02564102564102564
4534,PhishingWebsites_4534.csv,0.9906239227414301,0.025607516160222943,0.6594074803947373,0.9989678889792039,0.9631104860530102,0.09081561227297204,0.13803695773377977,,0.0,,0.8674807779285392,,0.8674807779285392,,0.9985992789891734,0.009407592317092593,0.08131685374947395,,0.09326096788783356,,0.06277702397105378,,0.9979275204095471,0.16463138851198553,,,0.04206241519674356,0.20074066241208052,0.13242876526458616,0.3389716522709542,0.0023529411764705876,0.04556923940552655,0.0027137042062415195,0.0018091361374943465,0.6666666666666666
1451,PieChart1_1451.csv,0.42476250104906466,0.8122435519061696,0.975300077434651,0.7373186653771759,0.9576974285123516,0.0353170689300923,0.208649692957712,,1.3762867869307279e-10,,0.6283687943262412,,0.19290780141843972,,0.9708459925193096,0.023859821231320865,0.0611152421764205,,0.075177304964539,,0.11914893617021272,,0.9615753734721594,0.1574468085106383,0.32404906369886916,0.14608336895723772,0.10354609929078014,0.3048871222565155,0.10070921985815603,0.3011569674106629,1.0,,0.0524822695035461,0.0014184397163120568,0.02702702702702703
1452,PieChart2_1452.csv,0.1496523493705478,0.9561253872036141,0.9845778719277783,0.5091073103846431,0.9896338148820912,0.005751044009329203,0.10857391379772717,,5.029197070949894e-16,,0.35838926174496644,,0.0,,0.9678794926835609,0.017634406749713415,0.019270828155343533,,0.018791946308724827,,0.02684563758389258,,0.890249988739246,0.06174496644295302,0.2505715935168783,0.1396496996603383,0.042953020134228186,0.2028874342140702,0.02953020134228188,0.1694009669237973,1.0,,0.04832214765100671,0.0013422818791946308,0.027777777777777776
1453,PieChart3_1453.csv,0.541933067099493,0.7214256976096913,0.9791987238799851,0.7790882701155972,0.9848085419315664,0.025703392981832777,0.28359075476155327,,8.918047656788478e-21,,0.7715877437325905,,0.5441039925719592,,0.977287874790252,0.020323582174535875,0.10579809037529586,,0.12349117920148556,,0.12999071494893222,,0.9777598456457248,0.23676880222841226,0.3564273455051206,0.14432730465690347,0.15041782729805014,0.3576465722067808,0.1467038068709378,0.3539747729475418,0.5,0.7057936766718093,0.034354688950789226,0.0009285051067780873,0.02702702702702703
1443,PizzaCutter1_1443.csv,0.3974707552319077,0.8304642852362916,0.9679971631391996,0.7268968046577728,0.9503167866553334,0.038833361965892065,0.18365554387953995,,1.2290104958386693e-12,,0.6111951588502269,,0.14826021180030258,,0.969846782922584,0.02458774927226941,0.05624462863620738,,0.06656580937972767,,0.07866868381240544,,0.9571455709384534,0.15128593040847202,0.31905532679581755,0.1437038627922705,0.09228441754916793,0.2896462066810096,0.08623298033282904,0.28092034922308373,1.0,,0.05597579425113464,0.0015128593040847202,0.02702702702702703
1444,PizzaCutter3_1444.csv,0.5344106667605463,0.7279372299560913,0.9769441660709921,0.7726236329206868,0.9843941090939413,0.027083958804757283,0.2896458711917705,,1.715561574748347e-20,,0.7641418983700863,,0.5378715244487057,,0.9767729906000742,0.020486121743287507,0.10529009612241935,,0.12080536912751683,,0.12655800575263665,,0.9770538006653497,0.2339405560882071,0.3570090573304876,0.1425046144529979,0.14669223394055608,0.3539685730097998,0.1457334611697028,0.35300806880748653,0.1250,0.3504543295725627,0.03547459252157239,0.0009587727708533077,0.02702702702702703
1100,PopularKids_1100.csv,0.9245155026558803,0.12771449490965736,0.7883077644527783,0.9978333903493768,0.9749724941479755,0.023664946565054343,0.5838969301395855,0.1012224485762779,0.6388888888888888,0.1272937693043289,1.5607071598766051,0.43295671363904364,0.9929636629290948,0.005268202395505364,0.9949857648679419,0.045510886554580736,0.21814116858360802,0.04516713939503311,0.3068358888130065,0.05031729581654252,0.28663386861098633,0.06909362038414718,0.9963673605153971,0.6820083682008368,,,0.5355648535564853,0.4992560450415854,0.502092050209205,0.5005194533334143,0.00478468899521531,0.025357615200104894,0.02092050209205021,0.012552301255230125,0.6
45558,Pulsar-Dataset-HTRU2_45558.csv,,,,,,,,,,,,,,,,,,,,,,,,,,,,,,,,,,,
336,SPECT_336.csv,0.7337524087989602,0.5138526965331776,0.9322204389878224,0.9941708203092,0.9494484765644661,0.0263838235393197,0.29592398735387154,,0.0,,0.8576779026217228,,0.7902621722846442,,0.9962546816479401,0.06119900613621046,0.10455852358138029,,0.1235955056179775,,0.09363295880149813,,0.9741755390032123,0.36704119850187267,,,0.27715355805243447,0.4484335170216657,0.17228464419475656,0.37833681520671025,0.03571428571428571,0.16916387462397997,0.08239700374531835,0.06741573033707865,0.8181818181818182
40900,Satellite_40900.csv,0.1105808447698871,0.9701559020044543,0.9835007367072661,0.8783277766882396,0.9672390675361116,0.03140113511503812,0.014778633869915144,,4.025621342639714e-06,,0.5447058823529412,,0.266078431372549,,0.9909405334196127,0.010678335771936975,0.003199033980767596,,0.004117647058823559,,0.018039215686274535,,0.8318374086889657,0.013137254901960785,0.26257498398671886,0.07149248904480689,0.006274509803921568,0.07897064737575211,0.007058823529411765,0.08372795902424351,0.016393442622950827,0.1257667259503026,0.007058823529411765,0.001176470588235294,0.16666666666666666
41946,Sick_numeric_41946.csv,0.33235055553211046,0.8700812783184808,0.8795658779745896,0.976869439235017,,,0.1773031561338899,,,,0.9247083775185578,,0.8382820784729587,,0.9936926293039902,0.015012933578460915,0.03290047622273273,,0.04056203605514319,,0.11055143160127257,,0.9790327990247951,0.09968186638388123,0.2600565282742594,0.14461196338476623,0.05885471898197243,0.23538379228424924,0.059915164369035,0.23736106229446222,0.012195121951219513,0.10764604093264431,0.0076882290562036056,0.0010604453870625664,0.13793103448275862
4153,Smartphone-Based_Recognition_of_Human_Activities_4153.csv,1.0,0.0,0.8693608518120617,0.9090006207324643,0.26210993614380423,0.27088994628980273,0.0003102052975351401,0.0007679694522469642,4.1241805596135774e-14,1.59728825107306e-13,0.05999999999999999,0.161441915447916,0.0,0.0,0.9708012283203459,0.0687696223630371,0.0,0.0,0.0,0.0,0.0,0.0,0.939320987654321,0.17222222222222222,0.399893503581851,0.07942950023687176,0.06111111111111111,0.24020217017632825,0.027777777777777776,0.1647939480486765,0.041666666666666664,0.17690759253434066,0.36666666666666664,0.016666666666666666,0.045454545454545456
183,abalone_183.csv,error,,,,,,,,,,,,,,,,,,,,,,,,,,,,,,,,,,
1455,acute-inflammations_1455.csv,0.9798687566511527,0.05405405405405406,0.8411612503277711,0.8908963585434173,0.7203622262937176,0.2444659693744144,0.020059121462303705,,0.0,,0.5,,0.0,,0.9632028744188152,0.08389251756357946,0.0,,0.0,,0.008333333333333304,,0.6847222222222222,0.016666666666666666,0.010105748291226862,0.009300481614687817,0.0,0.0,0.041666666666666664,0.20066416332413978,0.0101010101010101,0.003997009807926275,0.05,0.03333333333333333,0.6666666666666666
46279,algerian_forest_fires_46279.csv,0.9882282914687799,0.03202799533411094,0.6845091650769313,0.9797299595279393,,,0.09103960794834494,,,,0.04526748971193416,,0.0,,0.9811237143992846,0.06143651092245439,0.004017528341043963,,0.012345679012345734,,0.008230452674897082,,0.9311419329709225,0.19753086419753085,0.33622163028619473,0.11573740933521645,0.10699588477366255,0.3097460102924424,0.037037037037037035,0.18924236358783028,0.016393442622950817,0.04911617484330108,0.053497942386831275,0.012345679012345678,0.23076923076923078
458,analcatdata_authorship_458.csv,0.8937080246130829,0.09729227392955708,1.0,1.0,0.7514616171037936,0.1378370402918357,0.011447038796278253,0.006145561859310324,2.8227912986977255e-13,5.746606543736055e-13,0.5509909993014181,0.2220566792202512,0.0,0.0,0.9988109393579072,0.034482758620689655,0.0,0.0,0.0,0.0,0.0,0.0,0.9320213606756014,0.014268727705112961,0.4391946400890664,0.02459989832984503,0.0035671819262782403,0.05965474529304084,0.0,0.0,0.006451612903225809,0.06551824728027515,0.08323424494649227,0.039239001189060645,0.4714285714285714
452,analcatdata_broadwaymult_452.csv,0.8817066162513727,0.14167097890119396,200000001.0,1.0035211267605635,,,,,,,1.7750604032541513,1.9189612331047061,0.26363446825020526,0.31412447021794737,,,,,,,,,1.0,0.0,,,,,,,1.0,,0.02456140350877193,,
461,analcatdata_creditscore_461.csv,0.8414646362081756,0.349290194783757,0.8336436995344253,0.8765656565656565,0.9320510367275728,0.07985581226185057,0.2650640374066408,,0.0,,0.28,,0.0,,0.9381263532186698,0.07895563153755476,0.034119782387091235,,0.06999999999999995,,0.050000000000000044,,0.9339,0.36,0.39121610657612654,0.14281561020771827,0.21,0.40936018074033237,0.13,0.33799766898963113,0.03333333333333333,0.08945556914231058,0.06,0.01,0.16666666666666666
1014,analcatdata_dmft_1014.csv,0.7107483185701137,0.5437298969024895,0.9393918593073923,0.9703158200034048,0.9980652451733201,0.0022573671775430893,0.9432513446784268,,1.0,,1.0,,1.0,,0.9872458112201139,0.03306671615303864,0.16281512605044135,,0.19447929736511915,,0.19447929736511915,,0.9971647127166019,0.4015056461731493,,,0.2396486825595985,0.4271371062981765,0.21580928481806774,0.411640917535005,0.007042253521126761,0.011442963011320993,0.005018820577164366,0.0037641154328732747,0.75
984,analcatdata_draft_984.csv,0.4278385440590877,0.81012613252798,200000001.0,1.0027397260273974,,,,,,,0.0,,0.0,,,,,,,,,,1.0,0.0,,,,,,,1.0,,0.01092896174863388,,
1025,analcatdata_germangss_1025.csv,0.7691928290130138,0.46449136276391556,0.7263571429723634,0.990764411027569,0.9807240143369175,0.013369803813544431,0.6216261099950032,,1.0,,1.0,,1.0,,0.9842372852999884,0.04750978609426532,0.18367346938777762,,0.22499999999999998,,0.22499999999999998,,0.985175,0.2750,0.43397246945904144,0.07214441962691706,0.1450,0.3525417908358019,0.1725,0.3782875939802923,0.0030959752321981426,0.004313608672072858,0.0125,0.01,0.8
852,analcatdata_gsssexsurvey_852.csv,0.7603971182966424,0.477139931329438,200000001.0,1.0063291139240507,,,,,,,0.0,,0.0,,,,,,,,,,1.0,0.0,,,,,,,1.0,,0.05660377358490566,,
966,analcatdata_halloffame_966.csv,0.44733604448548564,0.7963937393169555,200000001.0,1.0007468259895445,,,,,,,0.0,,0.0,,,,,,,,,,1.0,0.0,,,,,,,1.0,,0.011940298507462687,,
450,analcatdata_lawsuit_450.csv,0.37323155189232515,0.8458251912694996,0.8936078421940354,0.8870549602488766,0.878499254321667,0.09427045173256143,0.1380152574771412,,0.10036954466388553,,0.26515151515151514,,0.07954545454545454,,0.9591282690744506,0.04610239988406471,0.0059431702326673275,,0.022727272727272707,,0.011363636363636354,,0.6693784435261708,0.056818181818181816,0.14362309006724908,0.1439135549412317,0.041666666666666664,0.2002058509709223,0.003787878787878788,0.06154574548966637,0.020833333333333332,0.058358134009677994,0.015151515151515152,0.011363636363636364,0.75
986,analcatdata_marketing_986.csv,0.8999049782658519,0.23869406854013242,200000001.0,1.002754820936639,,,,,,,0.0,,0.0,,,,,,,,,,1.0,0.0,,,,,,,1.0,,0.08791208791208792,,
1008,analcatdata_reviewer_1008.csv,0.9858472054350103,0.038361215431888085,200000001.0,1.0026455026455026,,,,,,,0.0,,0.0,,,,,,,,,,1.0,0.0,,,,,,,1.0,,0.018469656992084433,,
728,analcatdata_supreme_728.csv,0.794432350758128,0.42663425903477414,0.9867053902131693,0.9251264053602842,0.9252648177753772,0.18523046203581742,0.15412135640519145,,0.44155844155844154,,0.5419545903257651,,0.5412142152023692,,0.9930252954478873,0.0140781432324699,0.024960158303048763,,0.008884501480750262,,0.00518262586377094,,0.9437789974166049,0.07329713721618954,,,0.014807502467917079,0.12079669483913656,0.009871668311944718,0.09887684900021271,0.006849315068493152,0.024390705474700222,0.0017275419545903258,0.00024679170779861795,0.14285714285714285
748,analcatdata_wildcat_748.csv,0.8665718875829345,0.3039259495691031,0.9385648326806996,0.8932060895251079,0.8730403810423131,0.07337995375974335,0.332576554601245,,0.49167786060294505,,0.8282208588957055,,0.803680981595092,,0.9635528512921578,0.06954311533338561,0.15034636449868222,,0.2024539877300614,,0.17791411042944782,,0.9254017840340246,0.4049079754601227,0.2960316129491149,0.2734003366967186,0.25766871165644173,0.43869837011427626,0.25766871165644173,0.4386983701142762,0.02040816326530612,0.038687369736915306,0.03067484662576687,0.006134969325153374,0.2
45613,appendicitis_test_edsa_45613.csv,,,,,,,,,,,,,,,,,,,,,,,,,,,,,,,,,,,
1059,ar1_1059.csv,0.3820609539404418,0.8403168316831683,0.8122935323868702,0.8790633608815427,0.9549051330569576,0.0339843322508009,0.12918712537744365,,0.0,,0.49586776859504134,,0.01652892561983471,,0.9393518762400207,0.06800357926926247,0.04287804652585392,,0.04958677685950408,,0.06611570247933884,,0.8303394576873164,0.17355371900826447,0.2579354619085928,0.23302908675858697,0.09917355371900827,0.30013770944034873,0.11570247933884298,0.321197827011851,0.045454545454545456,0.15820616515832844,0.2396694214876033,0.008264462809917356,0.034482758620689655
1061,ar4_1061.csv,0.6949749673676273,0.5633078177939516,0.8928589285227352,0.7832833715394111,0.8502892592526536,0.09040237336025682,0.13941580343656826,,3.764015249392124e-08,,0.5607476635514018,,0.0,,0.927726211958496,0.06450723618529208,0.09169926348131996,,0.10280373831775702,,0.11214953271028039,,0.9364136605817102,0.3364485981308411,0.4156663520595123,0.13574676143246178,0.2336448598130841,0.42514013787989563,0.14953271028037382,0.3582909726601479,0.14285714285714285,0.3532378252422684,0.27102803738317754,0.009345794392523364,0.034482758620689655
1064,ar6_1064.csv,0.6061112071230007,0.6614617504264533,0.8054109464087948,0.9003960396039604,0.935607850488413,0.053056293692878675,0.1249208309634563,,1.964511907787316e-16,,0.7821782178217822,,0.0,,0.936690739205673,0.07714827848145824,0.07443358332431294,,0.07920792079207917,,0.07920792079207917,,0.9415743554553475,0.26732673267326734,0.34362902627110214,0.1923270714061081,0.15841584158415842,0.3669515844720318,0.15841584158415842,0.36695158447203174,1.0,,0.2871287128712871,0.019801980198019802,0.06896551724137931
949,arsenic-female-bladder_949.csv,0.5923330028993273,0.6750352992058208,0.9761127180926239,0.8819769044825309,0.9709703043697534,0.03577682700234291,0.40088779675249775,,0.6520199227900382,,0.9230769230769231,,0.9194991055456172,,0.9674552501100386,0.027038043797652806,0.11988470870594226,,0.13416815742397137,,0.14490161001788904,,0.952288299128587,0.2826475849731664,0.29354499600706274,0.21211183069505063,0.2003577817531306,0.4006265890795416,0.19141323792486584,0.39376589924557037,0.0080,0.01826820842379977,0.007155635062611807,0.0017889087656529517,0.25
950,arsenic-female-lung_950.csv,0.21401923999367883,0.9297166402361959,0.9702152350433921,0.8564320567321317,0.8752376815529254,0.22377924446785197,0.03383878125330848,,0.0008260156126042382,,0.7441860465116279,,0.29338103756708406,,0.9654933138398522,0.02447997986531197,0.010698332611336459,,0.012522361359570633,,0.007155635062611854,,0.8035880581539357,0.03577817531305903,0.11525213696800003,0.11032076196798692,0.016100178890876567,0.12597361610024915,0.023255813953488372,0.15084988870473373,0.005405405405405407,0.019030035556105118,0.007155635062611807,0.0017889087656529517,0.25
947,arsenic-male-bladder_947.csv,0.2555855667489857,0.9104605632476874,0.9684435682438368,0.8592276274196754,0.8987774805939777,0.16935482376680114,0.06367819537583887,,0.0009008598628730706,,0.9338103756708408,,0.4186046511627907,,0.9652685224267222,0.024159415903649905,0.019934488121936544,,0.02146690518783545,,0.01610017889087656,,0.9007875678841274,0.0626118067978533,0.16863069193084723,0.14557583315805736,0.04830053667262969,0.21459257683333208,0.025044722719141325,0.15640090637847084,0.007936507936507936,0.02952815620853338,0.007155635062611807,0.0017889087656529517,0.25
951,arsenic-male-lung_951.csv,0.15935006268563445,0.9524079320113314,0.9673739909338537,0.8539442552945928,0.8072503958984322,0.31826804175013396,0.010780905676919894,,0.0,,0.0,,0.0,,0.9650611960636163,0.023858059530225715,0.0005717923241338463,,0.0017889087656529634,,0.0,,0.413026712024091,0.007155635062611807,0.054420062338929986,0.06020768502603879,0.0035778175313059034,0.05976123887546847,0.0017889087656529517,0.04229549344378135,0.034482758620689655,0.13154423428558104,0.007155635062611807,0.0017889087656529517,0.25
756,autoPrice_756.csv,0.9244571409964927,0.18657198192382185,0.632719543543371,0.9580447416606958,0.684799310378077,0.25345059108177104,0.058231849090655714,,2.473502455335197e-07,,0.27044025157232704,,0.0,,0.9634855929715394,0.07062133801946582,0.0028724201762209134,,0.012578616352201255,,0.0,,0.8166211779597325,0.08176100628930817,0.1934746883609864,0.18204969268279658,0.0440251572327044,0.20579921238625828,0.012578616352201259,0.11179894836849429,0.027777777777777776,0.08669701903243696,0.09433962264150944,0.012578616352201259,0.13333333333333333
1547,autoUniv-au1-1000_1547.csv,0.8252336065126468,0.3770501913457823,0.99400000003,0.999993993993994,0.9948553915398619,0.007523215423264537,0.6441892626108853,,1.0,,1.0,,1.0,,0.9990,0.03162277660168379,0.20571882446384926,,0.2590,,0.2590,,0.997448,0.4850,0.4736619491663631,0.07005709383593672,0.3160,0.46514552600273423,0.1950,0.39639895576569334,0.0029498525073746312,0.035846159932841404,0.02,0.0180,0.9
1555,autoUniv-au6-1000_1555.csv,0.9738675539122701,0.02303453947514944,1.0,1.0,0.9922178087115061,0.005432660486779585,0.5276925286451027,0.08225092174456682,0.5145861270042017,0.05557953811284754,3.935948352817347,0.7551190281205686,0.45798288303973667,0.18359623323302743,0.9990,0.03162277660168379,0.1920034202126537,0.012619036235309905,0.2857958243867869,0.028338242571021334,0.2785871858419408,0.03095632317574217,0.998829,0.9190,0.5220681719366979,0.021273263004686554,0.86,0.3471606552023436,0.0850,0.27902124086322333,0.0027777777777777783,0.03288768013705552,0.04,0.0020,0.05
1551,autoUniv-au6-400_1551.csv,0.9229902096616575,0.06274813216412478,1.0,1.0,0.9805676333464604,0.010912494202964649,0.20426470267256963,0.08864471913506689,0.08305625052137518,0.05332106031993568,3.6493467255718675,1.3093991789271329,0.0,0.0,0.9975,0.05,0.09070511564492037,0.0634241609405109,0.07691525945994317,0.06361035564629403,0.15822715859701636,0.050298329218555586,0.99693125,0.9025,0.5212003804050022,0.02348711146309126,0.8250,0.38044295512634113,0.0350,0.1840099158274005,0.008474576271186437,0.06490051056183178,0.1,0.0050,0.05
1549,autoUniv-au6-750_1549.csv,0.964551127746318,0.027427588317061824,1.0,1.0,0.9906246072175898,0.005223314122191331,0.47126019954703935,0.05675045334394743,0.3404023794670667,0.12293136790220201,3.94932042576709,0.9717253555530333,0.15471659723559728,0.2072253805104469,0.9986666666666667,0.03651483716701107,0.1878035097064909,0.012645955235803651,0.25220554841437604,0.028749632394222697,0.2550507678664265,0.04059270098526418,0.998384,0.8973333333333333,0.5213080414029646,0.022356902734105084,0.8386666666666667,0.3680835995675208,0.08666666666666667,0.2815337230336047,0.004098360655737703,0.04319110749736359,0.05333333333333334,0.0026666666666666666,0.05
1552,autoUniv-au7-1100_1552.csv,0.9822265899807243,0.01827030390490403,0.958787878989899,0.9999602944825875,0.9753985731933755,0.02717138365511079,0.5733875264542252,0.1451363282494171,0.9655206793960878,0.020035029185075676,2.4971908975198662,0.38243653895576124,0.9703667901128661,0.009800820122855821,0.9990909090909091,0.03015113445777636,0.2041514310569228,0.0406520240233557,0.32417587037264306,0.05370706581476442,0.29711508353880556,0.07921730539465668,0.9986735537190082,0.8409090909090909,0.5348494151471732,0.0872545364818817,0.6981818181818182,0.4592556025736935,0.5463636363636364,0.49807222046812794,0.0012987012987012987,0.0020066015961536267,0.01090909090909091,0.0009090909090909091,0.08333333333333333
1554,autoUniv-au7-500_1554.csv,0.9251686937663535,0.08529536443742491,0.9800000001,0.9999599198396794,0.9822866889635292,0.019237106873284525,0.613438481309019,0.09482651655128004,0.9107266196992173,0.027257494466096044,2.6491132567335502,0.8719183599617815,0.9204584143185146,0.02300854555905283,0.9980,0.044721359549995794,0.19733480615724597,0.030768883702531682,0.2943330499486275,0.047804212845274335,0.2689313374038596,0.05767021095663933,0.996788,0.7920,0.5279252089191285,0.09040135820811623,0.6480,0.4780722813680216,0.4720,0.4997153498360075,0.00303951367781155,0.01645248946265784,0.0240,0.0020,0.08333333333333333
1553,autoUniv-au7-700_1553.csv,0.9983933532467404,0.002556927229726891,0.9492857145069444,0.9998937257306356,0.9865985470580868,0.024493778178495948,0.7261621230559722,0.15861920846543803,0.8671460356660581,0.07971342787377589,1.3221955322173187,0.08822682754948867,0.8896689286667501,0.09538949845361291,0.9971951593829174,0.03771918316714665,0.19004251280071346,0.018493766648437143,0.37116229207732476,0.0543861304732149,0.341731374411113,0.04790675169961686,0.9976326530612245,0.7957142857142857,0.5216735463705784,0.085172704722927,0.6171428571428571,0.4864314682130812,0.45571428571428574,0.49839103477474206,0.0022371364653243847,0.014470268988437791,0.017142857142857144,0.0014285714285714286,0.08333333333333333
463,backache_463.csv,0.5813214987637029,0.6855983772819473,0.943280909959211,0.9745499689633768,0.9825895093535317,0.025068863600448205,0.19723772928855213,,0.0,,0.9277777777777778,,0.7055555555555556,,0.9674903702497448,0.06725928796031606,0.0880463089803567,,0.08333333333333337,,0.1166666666666667,,0.8829012345679013,0.3,0.39106199433848404,0.14500595816740877,0.22777777777777777,0.4205683246566857,0.1,0.300836821709194,0.030303030303030304,0.14216341903048657,0.17222222222222222,0.022222222222222223,0.12903225806451613
1121,badges2_1121.csv,0.8631205685666311,0.31034482758620685,0.8723685173606969,0.887673840867405,0.8756777247183596,0.312531719565307,0.38290002953158836,,0.0,,0.0,,0.0,,0.9697765044150234,0.04996390685338422,0.0,,0.0,,0.0,,0.7285621731685872,0.013605442176870748,0.05224010378250042,0.1009218649821613,0.0,0.0,0.0,0.0,0.022727272727272728,0.04951788920791923,0.034013605442176874,0.01020408163265306,0.3
11,balance-scale_11.csv,0.8316387585459218,0.16400460537082706,0.7833244444957878,0.9920,0.8306725056689338,1.4332917616497527e-16,0.22925287129025404,0.10604409446870668,1.0,0.0,1.5980894191669412,0.44428833075853297,1.0,0.0,0.9843993031792615,0.03686180036880569,0.06557545760794099,0.04492665208921057,0.0711101494669744,0.010463640820810161,0.09328119848334981,0.03390782357962203,0.96631296,0.2848,0.4231673543192321,0.094666298154454,0.2080,0.406201920231798,0.1664,0.37273761995984966,0.006944444444444444,0.023374727185956012,0.0064,0.0064,1.0
481,biomed_481.csv,0.9417258626620666,0.1476188456808446,200000001.0,1.0048076923076923,,,,,,,0.0,,0.0,,,,,,,,,,1.0,0.0,,,,,,,1.0,,0.03827751196172249,,
1463,blogger_1463.csv,0.9043814577244939,0.22946175637393773,0.5574463446974112,0.9543434343434344,0.9758767933793946,0.045385904362086386,0.626530405669242,,1.0,,1.0,,1.0,,0.9858578643762691,0.09949366763261822,0.14553976253343126,,0.28,,0.29000000000000004,,0.9618,0.53,,,0.15,0.3588702812826367,0.23,0.4229525846816507,0.038461538461538464,0.06576882590968507,0.05,0.04,0.8
1464,blood-transfusion-service-center_1464.csv,0.7916446298452328,0.43093352477957514,0.9850081161503261,0.7602889275461919,0.9561966786773218,0.03178874867831526,0.551026863812425,,0.2705741976879003,,0.9906417112299465,,0.9866310160427807,,0.9724174013576441,0.02401811533515255,0.19221907582278086,,0.23796791443850263,,0.23796791443850263,,0.9938159512711259,0.4732620320855615,,,0.29411764705882354,0.4559499808857223,0.3155080213903743,0.46502883409021367,0.0053475935828877,0.01873915360543755,0.0053475935828877,0.001336898395721925,0.25
778,bodyfat_778.csv,0.9998182469603429,0.0005037783375314575,0.9524563048710994,0.8533168911654967,0.7906445214263261,0.1784421730132697,0.10065016859681604,,0.0,,0.0,,0.0,,0.9610526122848287,0.04960968970709348,0.0030239307460757647,,0.007936507936507908,,0.0,,0.9563492063492064,0.20634920634920634,0.42906946113075206,0.07019311762086675,0.15079365079365079,0.35855976441971593,0.05555555555555555,0.22951726772544212,0.1250,0.34232947343158254,0.05555555555555555,0.007936507936507936,0.14285714285714285
853,boston_853.csv,0.978070970973496,0.05871559633027523,0.8762983204562181,0.9588541462841936,0.8402653072050993,0.10632688994481919,0.17591894768523877,,0.017553621094276085,,0.8517786561264822,,0.6146245059288538,,0.9840161908370043,0.04152360725159579,0.0886772730979073,,0.11462450592885376,,0.08300395256916993,,0.9797958099642238,0.25889328063241107,0.34479013788241414,0.15180396539823424,0.14624505928853754,0.35370140568208325,0.16798418972332016,0.3742222135257003,0.005780346820809248,0.02152605506567041,0.025691699604743084,0.003952569169960474,0.15384615384615385
15,breast-w_15.csv,0.9293179372497983,0.17580690324628045,200000001.0,1.001432664756447,,,,,,,0.0,,0.0,,,,,,,,,,1.0,0.0,,,,,,,1.0,,0.012875536480686695,,
844,breastTumor_844.csv,0.9812579903566702,0.050433787777671935,200000001.0,1.0035087719298246,,,,,,,0.0,,0.0,,,,,,,,,,1.0,0.0,,,,,,,1.0,,0.03146853146853147,,
327,bridges_327.csv,0.8965711538038202,0.13150266630089913,200000001.0,1.0096153846153846,,,,,,,0.0,0.0,0.0,0.0,,,,,,,,,1.0,0.0,,,,,,,1.0,,0.10476190476190476,,
45717,bwin_amlb_45717.csv,0.9170328332061364,0.20272310802856186,0.9157560987877941,0.9621143488961016,0.9940656215100281,0.010769816885809604,0.7634934407049698,,0.009645323853869146,,0.9641509433962264,,0.8773584905660378,,0.9793587943108112,0.038255645213457326,0.24929016078580157,,0.33207547169811324,,0.33207547169811324,,0.9947561409754361,0.6283018867924528,0.488827885093677,0.08385772682106282,0.42452830188679247,0.4947381581536002,0.28867924528301886,0.4535765775111476,0.011235955056179773,0.058715545648898526,0.024528301886792454,0.0018867924528301887,0.07692307692307693
40663,calendarDOW_40663.csv,0.98040326952562,0.016251953814808817,0.8275063070815375,0.9895341368496618,0.9441616179551207,0.03610291533213647,0.15146675262042464,0.04651614647938561,0.009177492173528996,0.010387845011630105,2.2841380389676114,0.2737723112118979,0.4412517553452995,0.21157289021989317,0.9913887645053246,0.04937836694655515,0.09137522470918305,0.0300017418617737,0.10561411605688682,0.042914333265424334,0.21044073345640166,0.03827132487658905,0.9838443225859134,0.7268170426065163,,,0.39097744360902253,0.48858198778343565,0.37593984962406013,0.48497273030208693,0.014084507042253518,0.07161628364350828,0.08020050125313283,0.015037593984962405,0.1875
820,chatfield_4_820.csv,0.9684069022981412,0.0833304411203275,0.8916420102218668,0.8689579923622477,0.5715701539007957,0.14516616443925465,0.14209540428560363,,4.745098322262748e-05,,0.3702127659574468,,0.10638297872340426,,0.9560279213860858,0.0482876544120876,0.06069573961671926,,0.06808510638297871,,0.025531914893617058,,0.9043186962426437,0.2553191489361702,0.3699907480546379,0.12828648936759948,0.1574468085106383,0.3649989350476583,0.09361702127659574,0.29191692949558784,0.07142857142857142,0.22035043853189107,0.05106382978723404,0.01702127659574468,0.3333333333333333
798,cholesterol_798.csv,0.9933820990862128,0.018154344306529957,200000001.0,1.0033112582781456,,,,,,,0.0,,0.0,,,,,,,,,,1.0,0.0,,,,,,,1.0,,0.0429042904290429,,
909,chscase_census2_909.csv,0.9998376907209824,0.000449898772776236,0.8298661756812095,0.9922305764411028,0.9976978399868924,0.0032087487959624127,0.9377584525686524,,0.3678393132297736,,0.9825,,0.9250,,0.9833794963308062,0.047215804432975086,0.1475878012865388,,0.4525,,0.44499999999999995,,0.994925,0.6675,0.4992548204327322,0.07199121024986059,0.48,0.500225513053637,0.3975,0.489993862168095,0.0038910505836575876,0.00762178452087092,0.0175,0.01,0.5714285714285714
908,chscase_census3_908.csv,0.9988455359952018,0.0031948881789137795,0.805589286398447,0.9987218045112782,0.9976174426490749,0.002307972378189692,0.9345427295903489,,0.4906936461106806,,0.9875,,0.9450,,0.994483635797721,0.049757000751625945,0.17159000231466892,,0.44499999999999995,,0.44999999999999996,,0.9951125,0.69,0.5037280223185807,0.05985628490840813,0.5125,0.500469704190004,0.4025,0.49101577492792453,0.0035087719298245615,0.004015256148396695,0.0175,0.01,0.5714285714285714
907,chscase_census4_907.csv,0.9993506898146104,0.001798381456688869,0.8291839801938039,0.9960025062656641,0.9982823629191537,0.003353925421144053,0.9568458669050703,,0.2036191218815243,,0.9875,,0.94,,0.9875431894819623,0.0484840657670224,0.1944657072159346,,0.45999999999999996,,0.44999999999999996,,0.99521875,0.7275,0.5041461731881843,0.06748930387726872,0.5250,0.49999999999999994,0.45,0.4981167541368989,0.003816793893129771,0.010412140369594099,0.0175,0.01,0.5714285714285714
906,chscase_census5_906.csv,0.9991161687869753,0.0024470024220329956,0.8096477279180481,0.9983458646616541,0.9989767661095769,0.0012168696491864307,0.9722855573916648,,0.3505934008127944,,0.9850,,0.9525,,0.9933314963185491,0.049615373341637306,0.17337634695222115,,0.4525,,0.47750000000000004,,0.99494375,0.67,0.501233497930844,0.0646753731969862,0.4750,0.49999999999999994,0.3825,0.4866063237214599,0.003875968992248062,0.004970352181523288,0.0175,0.01,0.5714285714285714
900,chscase_census6_900.csv,0.9777945702913884,0.05942995755003044,0.9463790680313706,0.8389598997493735,0.9984758927639654,0.0017701032056733742,0.9610410156655438,,0.16318067624742857,,0.9850,,0.94,,0.9685221701079925,0.03889638217953545,0.2920353981801034,,0.4125,,0.4125,,0.99465,0.6825,0.4984672785102127,0.08001002239068929,0.49,0.500526039072368,0.37,0.4834089475033698,0.011764705882352936,0.07696901774010599,0.0150,0.0125,0.8333333333333334
939,chscase_whale_939.csv,0.9995003941817587,0.0013840830449824981,200000001.0,1.0044052863436124,,,,,,,0.0,,0.0,,,,,,,,,,1.0,0.0,,,,,,,1.0,,0.03508771929824561,,
786,cleveland_786.csv,0.9950837594929732,0.013523162472683148,200000001.0,1.0033112582781456,,,,,,,0.0,,0.0,,,,,,,,,,1.0,0.0,,,,,,,1.0,,0.0429042904290429,,
1467,climate-model-simulation-crashes_1467.csv,0.4201910370851764,0.8153661152458643,1.0,1.0,0.9857917873713256,0.028392591399428988,0.25240112602431636,,0.3449172415551227,,0.7944444444444444,,0.4444444444444444,,0.9981481481481481,0.04303314829119352,0.07843018905116339,,0.08518518518518514,,0.08518518518518514,,0.9566323731138546,0.2037037037037037,0.4518645304008236,0.043832421295239364,0.1388888888888889,0.34615120328397136,0.040740740740740744,0.19787227990155457,0.0035460992907801413,0.02592591591039191,0.037037037037037035,0.003703703703703704,0.1
890,cloud_890.csv,0.876716288999464,0.28470588235294114,0.8770719154367844,0.9524056767047421,0.9965597783156903,0.005359810298099224,0.7745724490799243,,0.1684066470780289,,0.8518518518518519,,0.5092592592592593,,0.9568929874655052,0.08643039611122327,0.22853904189487317,,0.2962962962962963,,0.2962962962962963,,0.9811385459533608,0.6851851851851852,0.5059205250602408,0.12719320636122586,0.4722222222222222,0.5015552137090731,0.24074074074074073,0.42952637185517767,0.037037037037037035,0.14065824542828703,0.06481481481481481,0.009259259259259259,0.14285714285714285
27,colic_27.csv,0.9503376699710266,0.12743362831858396,200000001.0,1.002724795640327,,,,,,,0.0,,0.0,,,,,,,,,,1.0,0.0,,,,,,,1.0,,0.059782608695652176,,
897,colleges_aaup_897.csv,0.8809748061658637,0.27647674833423475,200000001.0,1.0008620689655172,,,,,,,0.0,,0.0,,,,,,,,,,1.0,0.0,,,,,,,1.0,,0.012919896640826873,,
987,collins_987.csv,0.6343095546405662,0.6323851203501094,0.9158666670234,0.9997194388777555,,,0.0957090308394886,,,,0.16,,0.0,,0.9947310700702761,0.04445436715232244,0.02129978948125566,,0.026000000000000023,,0.04600000000000004,,0.890424,0.1140,0.39234673534715103,0.07563548237120549,0.07,0.2554025468194154,0.05,0.21816321958744903,0.010309278350515464,0.05323559289155578,0.0440,0.0020,0.045454545454545456
41538,conference_attendance_41538_copy.csv,0.5464106505273411,0.7175009536726995,0.7416077469868158,0.9709971793595487,0.9963593623013759,0.004384698804420665,0.8259141738024462,,1.0,,1.0,,1.0,,0.971136211101391,0.05696590085815823,0.11191335740072617,,0.1260162601626016,,0.1260162601626016,,0.9665212505783595,0.2886178861788618,,,0.23577235772357724,0.42534597323481443,0.22764227642276422,0.42016533441756626,0.009259259259259257,0.011969306270957157,0.024390243902439025,0.016260162601626018,0.6666666666666666
40669,corral_40669.csv,0.9886994082884974,0.030769230769230882,0.5000000009166667,0.9861635220125786,0.8637757358687589,0.07844173594711495,0.1307173320423134,,1.0,,1.0,,1.0,,0.99375,0.07905694150420949,0.08571639973359757,,0.09375,,0.09375,,0.966484375,0.21875,0.07339150429449552,0.17560154584038995,0.05,0.2186292344092271,0.15,0.35819252754971426,0.015625000000000003,0.008333333333333333,0.0375,0.0375,1.0
796,cpu_796.csv,0.8169164036868143,0.3908270399705286,0.878616678499285,0.8220463746779536,0.7064770554427139,0.20201698742838348,0.08203763827962897,,8.190200936361676e-05,,0.5550239234449761,,0.0,,0.9502443866408351,0.048168134929796415,0.004375263719316402,,0.004784688995215336,,0.004784688995215336,,0.7822623108445319,0.10047846889952153,0.17557205891286573,0.16405827886710173,0.03827751196172249,0.1923260940772486,0.004784688995215311,0.06917144638660745,0.03448275862068966,0.15078213266816035,0.03349282296650718,0.004784688995215311,0.14285714285714285
31,credit-g_31.csv,0.8812908992306927,0.27586206896551724,0.9131000003760056,0.9998678678678679,0.9821323130448404,0.029190637782942962,0.39978655694170767,,0.6619207603807451,,0.9860,,0.9760,,0.9973005445931413,0.03152311290392394,0.13972576838484252,,0.22599999999999998,,0.20899999999999996,,0.993532,0.4330,0.4560059359254176,0.08440327373851315,0.2930,0.45536618051668964,0.2190,0.41377555535605315,0.0034602076124567475,0.04146960870071093,0.02,0.0010,0.05
1075,datatrieve_1075.csv,0.41823656965418116,0.8166923400084022,0.880717761238944,0.818366129994037,0.9525822676551211,0.026730963989616618,0.2675358964188749,,0.12523868312471498,,0.7923076923076923,,0.07692307692307693,,0.9436374275961356,0.06745793154545573,0.07799547091491654,,0.08461538461538465,,0.08461538461538465,,0.7172189349112426,0.17692307692307693,0.22375206609626544,0.19865981942377745,0.1076923076923077,0.31119060801061,0.09230769230769231,0.29057958245344645,0.017857142857142856,0.03632105783558851,0.06153846153846154,0.007692307692307693,0.1250
35,dermatology_35.csv,0.9410570842752876,0.05050185759866821,200000001.0,1.0027397260273974,,,,,,,0.0,0.0,0.0,0.0,,,,,,,,,1.0,0.0,,,,,,,1.0,,0.09289617486338798,,
37,diabetes_37.csv,0.9331343166407832,0.16724669384508295,0.854683153101263,0.9712183561495003,0.9416866191212752,0.07013607469522976,0.34355907828141763,,0.2515956493264203,,0.9934895833333334,,0.9778645833333334,,0.9824156535879024,0.031530439022278936,0.14731990264255512,,0.2265625,,0.17578125,,0.9894120958116319,0.4375,0.4540678904712488,0.0959937367834512,0.2942708333333333,0.45601126450934193,0.24348958333333334,0.4294677703067953,0.005076142131979698,0.0381319833314038,0.010416666666666666,0.0026041666666666665,0.25
818,diggle_table_a2_818.csv,0.9969954265557697,0.008290155440414448,0.9520754604543603,0.8917423530639942,0.5132924781179851,0.20644971093580042,0.06475277903374409,,0.0,,0.0,,0.0,,0.9678390364438125,0.046888922352659075,0.0017567950174235403,,0.006451612903225823,,0.016129032258064502,,0.8544432882414152,0.05161290322580645,0.10448485471647943,0.11556127382365755,0.01935483870967742,0.13799149835148472,0.08387096774193549,0.2776423792221943,0.02,0.06998238675574069,0.025806451612903226,0.0032258064516129032,0.1250
45712,doa_bwin_balanced_45712.csv,1.0,0.0,0.9039615411319923,0.9614348844085377,0.991625695268984,0.013648566953293285,0.7414986249030904,,0.010082220053654415,,0.9731638418079096,,0.902542372881356,,0.9840081218892098,0.03403417790480345,0.17811431533769073,,0.3587570621468926,,0.3587570621468926,,0.9956390245459479,0.5466101694915254,0.3954367915211476,0.15428370141398087,0.2598870056497175,0.4388824546463392,0.3644067796610169,0.4816036548933032,0.0044444444444444444,0.028060715049462906,0.018361581920903956,0.0014124293785310734,0.07692307692307693
45604,dummy_45604-copy.csv,0.8457365854914222,0.3417847039588232,0.48104603344779373,0.9984164164164164,0.8984981793958928,0.05615104840907601,0.1258291366074285,,0.9497598569042242,,0.9850,,0.9540,,0.9952208430662013,0.0312751945925029,0.0013157726119221724,,0.006000000000000005,,0.050000000000000044,,0.957817,0.1450,0.35903054877251417,0.09550122001511173,0.0750,0.26352313834736496,0.0680,0.2518718710762268,0.0035587188612099642,0.02838380330014624,0.0060,0.0060,1.0
944,echoMonths_944.csv,0.9998292601233935,0.0004732607666824151,200000001.0,1.0077519379844961,,,,,,,0.0,,0.0,,,,,,,,,,1.0,0.0,,,,,,,1.0,,0.06923076923076923,,
1011,ecoli_1011.csv,0.9839667997071854,0.043329058199590875,0.8882732859645083,0.9055614783226723,0.7834663498892807,0.20084135770993386,0.06568896808393929,,0.0,,0.4880952380952381,,0.22321428571428573,,0.9685920695918598,0.04467294352648633,0.030540321651922775,,0.029761904761904767,,0.029761904761904767,,0.9004659155328798,0.08035714285714286,0.2994850665872465,0.1167405303848757,0.05357142857142857,0.22550582800632615,0.026785714285714284,0.16169741938911766,0.033333333333333326,0.1219459381467022,0.020833333333333332,0.01488095238095238,0.7142857142857143
1472,energy-efficiency_1472.csv,0.8963605787443216,0.022941793425955703,0.9360815683704566,0.9932536125597566,0.3994995641334371,0.33919422430051116,0.039513361605900174,0.09479891356942331,,,0.7651656817330674,1.5387725879117389,0.015646405175457734,0.09639416002683394,0.9913101194949792,0.035045234880941516,0.006068119403026329,0.02582380849461666,0.008902149790917694,0.037766655146905526,0.015295815780851325,0.042475516180052096,0.9970499674479166,0.6705729166666666,0.5001732180605865,0.11689303660900803,0.4401041666666667,0.49672301845409467,0.4388020833333333,0.4965640717328842,0.0014903129657228018,0.0007776425530793896,0.01171875,0.0026041666666666665,0.2222222222222222
188,eucalyptus_188.csv,0.974226387720249,0.027038952244606285,200000001.0,1.0013605442176872,,,,,,,0.0,0.0,0.0,0.0,,,,,,,,,1.0,0.0,,,,,,,1.0,,0.025815217391304348,,
1473,fertility_1473.csv,0.5293608652873644,0.7322515212981744,0.7616666675069445,0.9947474747474747,0.9874257707864841,0.012225393720896465,0.4439552078525072,,0.3838297872340426,,0.98,,0.95,,0.98008629914712,0.09849085748650108,0.10713397610138808,,0.12,,0.12,,0.8987,0.27,0.3689593757963462,0.17197319302967876,0.17,0.3775251680686369,0.12,0.3265986323710904,0.017857142857142856,0.052213348544541426,0.09,0.06,0.6666666666666666
285,flags_285.csv,0.848779914618269,0.0972272386027615,0.9175257734679267,0.9988248490999413,0.8894045454729061,0.0848282589145683,0.07251657689899124,0.06539905598293831,,,2.272928054324399,1.7823468587851024,0.027142857142857142,0.1436264997435064,0.9898367723671948,0.07125672436198034,0.012484682235136019,0.03358563410490956,0.01329114548703182,0.034810754640761166,0.03903904587699409,0.056413182578947674,0.9888139015835902,0.6958762886597938,0.49537510412839864,0.15036682071404112,0.5670103092783505,0.49677126427797647,0.26288659793814434,0.44134030145086356,0.013333333333333332,0.07082956910676852,0.14432989690721648,0.005154639175257732,0.03571428571428571
904,fri_c0_1000_50_904.csv,0.99971144175281,0.000799680127948954,1.0,1.0,0.9891541255512415,0.03747097947505854,0.20937383252486846,,0.7920177240154028,,0.9820,,0.7670,,0.9990,0.03162277660168379,0.12125370208033359,,0.14800000000000002,,0.14400000000000002,,0.997229,0.5280,0.4948420870864138,0.015806581785411975,0.3630,0.481105458774334,0.0060,0.07726558075864033,0.0021786492374727675,0.025018305558502922,0.05,0.0470,0.94
888,fri_c0_500_50_888.csv,0.9995844639313985,0.0011513368299860272,1.0,1.0,0.9874214137082946,0.03800355901326584,0.16315665812936292,,0.6184590611674492,,0.9460,,0.3480,,0.9980,0.044721359549995794,0.10146292874796325,,0.1260,,0.09999999999999998,,0.994768,0.5420,0.49551000105011717,0.014615948927151913,0.3920,0.48868561187588594,0.0040,0.06318214912406725,0.006535947712418301,0.05497080877776367,0.1,0.0920,0.92
837,fri_c1_1000_50_837.csv,0.9936167534536142,0.017517217862963008,1.0,1.0,0.9946789325590994,0.016003107344782677,0.4776160543681412,,0.7490078943484004,,0.9870,,0.7480,,0.9990,0.03162277660168379,0.16459824642893972,,0.29500000000000004,,0.2610,,0.99754,0.59,0.4977590412228533,0.01672237429908174,0.4310,0.4954639083570916,0.0090,0.09448771310560929,0.004081632653061226,0.04607292719455037,0.05,0.0460,0.92
766,fri_c1_500_50_766.csv,0.9983373765218819,0.004597407572951906,1.0,1.0,0.9943787955363763,0.012216334403424569,0.46475004426103167,,0.5750204626497329,,0.97,,0.4960,,0.9980,0.044721359549995794,0.1741308019401453,,0.2780,,0.2480,,0.995508,0.6320,0.49829483489602316,0.015275661120053186,0.4340,0.49612122767030464,0.0060,0.07730428127734981,0.0049504950495049506,0.0408068807576203,0.1,0.09,0.9
866,fri_c2_1000_50_866.csv,0.9805107178796569,0.052383104033904226,1.0,1.0,0.9918558965898066,0.026358346055117856,0.39965421727359624,,0.654763239365471,,0.9860,,0.7790,,0.9990,0.03162277660168379,0.1567256821945694,,0.2640,,0.22399999999999998,,0.997415,0.5620,0.4976615711786317,0.01711867651439313,0.4320,0.49560228169533455,0.0130,0.11333068359382573,0.002169197396963124,0.024544936722311055,0.05,0.0450,0.9
920,fri_c2_500_50_920.csv,0.9765004687578241,0.06276636962417659,1.0,1.0,0.9894893208268531,0.033844414163668686,0.3291563946217243,,0.5150471648018935,,0.9740,,0.5060,,0.9980,0.044721359549995794,0.16040157299232471,,0.23199999999999998,,0.16600000000000004,,0.994768,0.5860,0.49749860203243323,0.017048036807985754,0.43,0.4955715713847289,0.0040,0.06318214912406725,0.005434782608695652,0.045704994728386975,0.1,0.0880,0.88
806,fri_c3_1000_50_806.csv,0.9912540071703688,0.023910680762770475,1.0,1.0,0.9950046627315733,0.016391301826524828,0.45588768587258194,,0.3729030877150647,,0.9560,,0.7260,,0.9990,0.03162277660168379,0.16658689785068992,,0.28,,0.29500000000000004,,0.997534,0.5790,0.4967458653689565,0.016541870119164102,0.4140,0.49279493386889334,0.01,0.0995485304256668,0.0020790020790020796,0.023481774755515092,0.05,0.0440,0.88
937,fri_c3_500_50_937.csv,0.9881489563064276,0.03223978338895539,1.0,1.0,0.9947610779863615,0.01857058358313636,0.4104633598385495,,0.24181628708397468,,0.9560,,0.4560,,0.9980,0.044721359549995794,0.16233992009808162,,0.28,,0.2660,,0.99536,0.6160,0.4992824447142644,0.016923313400924005,0.4720,0.4997153498360075,0.0080,0.08917344788453134,0.0043478260869565235,0.035606545563372505,0.1,0.0880,0.88
797,fri_c4_1000_50_797.csv,0.9895875212220555,0.028391167192429068,1.0,1.0,0.9956255472588499,0.01461833342895354,0.479887474624437,,0.376520161862302,,0.9790,,0.76,,0.9990,0.03162277660168379,0.16029970592690945,,0.31000000000000005,,0.29600000000000004,,0.997652,0.5990,0.49822359895310264,0.016606795235619524,0.4640,0.49895185434363604,0.0090,0.09448771310560929,0.0030674846625766876,0.036386748024623695,0.05,0.0440,0.88
805,fri_c4_500_50_805.csv,0.9977366703420346,0.006252392497128945,1.0,1.0,0.9954843659603239,0.016124747909498693,0.41117495788631986,,0.30874479174726727,,0.9440,,0.3820,,0.9980,0.044721359549995794,0.17436999548458576,,0.2760,,0.2580,,0.995596,0.62,0.49850334081446956,0.01592644071644035,0.4620,0.4990532118085534,0.01,0.09959839195167117,0.007633587786259542,0.0599475676168985,0.1,0.0860,0.86
714,fruitfly_714.csv,0.9660780975952254,0.08915250091720683,0.886139366385849,0.9587096774193549,0.9928116121007976,0.010776959611823459,0.7888339352712628,,0.8872427983539098,,0.9840,,0.9360,,0.9703619504414499,0.08472908688091901,0.2806884950018337,,0.3920,,0.3920,,0.985408,0.72,0.5184037025892234,0.28112194604529916,0.5440,0.5000645119672384,0.4320,0.49734780456907357,0.024390243902439025,0.03568534576600071,0.0320,0.0080,0.25
1005,glass_1005.csv,0.9385750889380636,0.1548751007252216,0.9080393170116396,0.8642446579790268,0.9801738259084873,0.024089222493370588,0.5485257870342093,,0.006246044371731952,,0.897196261682243,,0.6542056074766355,,0.9606406130694163,0.056021435926505915,0.1860726631183537,,0.35046728971962615,,0.3738317757009346,,0.9600401781815006,0.35514018691588783,0.3679207789578872,0.15371799501228903,0.20093457943925233,0.4016387387332436,0.32242990654205606,0.4685024411007505,0.021276595744680837,0.078536644475037,0.04205607476635514,0.02336448598130841,0.5555555555555556
1026,grub-damage_1026.csv,0.900122143691371,0.23824888171885317,0.6125638889702594,0.9913699204021784,0.9390718425048031,0.08575087084420485,0.4184954162938129,,0.4864000000000001,,0.9225806451612903,,0.8774193548387097,,0.9719546731856508,0.07551065310585625,0.14895980141946674,,0.23225806451612907,,0.2129032258064516,,0.9678251821019771,0.4129032258064516,0.44039689158573764,0.1143801959781511,0.2967741935483871,0.45831698819415895,0.2645161290322581,0.4425049615223894,0.010309278350515464,0.016701138314426375,0.05161290322580645,0.01935483870967742,0.3750
329,hayes-roth_329.csv,0.9561523600826898,0.05730769230769217,0.6866666672233334,0.9911949685534591,0.8648238582110296,0.08560438763822707,0.31311685968313135,0.29564958015123144,0.5308641975308642,0.40628352276307,1.4060511015911874,0.2309504744857806,0.3333333333333333,0.5773502691896258,0.99375,0.07905694150420949,0.11781710454809642,0.08187639620942815,0.22160342717258263,0.18679918695301337,0.1506034951720386,0.12571935485500826,0.985234375,0.84375,,,0.35,0.4784671541600979,0.3,0.4596963723121829,0.014492753623188404,0.011959488219924942,0.0250,0.0250,1.0
49,heart-c_49.csv,0.9942646092619051,0.015755689554561414,200000001.0,1.0033112582781456,,,,,,,0.0,,0.0,,,,,,,,,,1.0,0.0,,,,,,,1.0,,0.0429042904290429,,
51,heart-h_51.csv,0.9431340036829803,0.14435379991412622,200000001.0,1.0034129692832765,,,,,,,0.0,,0.0,,,,,,,,,,1.0,0.0,,,,,,,1.0,,0.04421768707482993,,
1512,heart-long-beach_1512.csv,0.9365264711294762,0.04396737963960784,0.9266190479162733,0.9991959798994975,0.9597474525295969,0.026950858601721465,0.384524134537471,0.10919093771552847,,,2.1706601643725536,0.3390755720803563,0.6431967064750236,0.2805677041131793,0.9913855752270186,0.0703601052292419,0.13913406387848204,0.032404783556724534,0.22046675149579292,0.0877757280534168,0.19896673221622865,0.10139393239592726,0.9925,0.79,0.5423605871521197,0.12276280795796841,0.6550,0.47656117420937594,0.3950,0.49007742183963643,0.013513513513513514,0.07264913678191469,0.0650,0.02,0.3076923076923077
53,heart-statlog_53.csv,0.9910760598382222,0.024390243902438935,0.7430304887930916,0.9946303180503924,0.8844542341540629,0.08786212293796739,0.17185263937589076,,0.19590588320055058,,0.9851851851851852,,0.9074074074074074,,0.9853131280542502,0.05916896177076914,0.10456470450770772,,0.1444444444444445,,0.07037037037037042,,0.9653497942386832,0.36666666666666664,0.3992399350519638,0.13619347824506842,0.24444444444444444,0.43055538900211304,0.14814814814814814,0.35590647697073136,0.007812499999999998,0.04321282312301896,0.04814814814814815,0.011111111111111112,0.23076923076923078
1513,heart-switzerland_1513.csv,0.8509703999267556,0.12352486332472146,0.8970189706323397,0.9988004798080767,0.9536741013883469,0.036772550287115145,0.27721329836753494,0.15540480139309734,,,1.9924287551782989,0.9684238231280564,0.295467400439531,0.3038071209143674,0.9859214161338523,0.08942533278754163,0.09873750387049827,0.06293830750003357,0.13333081274267164,0.0889690320533288,0.13077672705675875,0.06951661266159169,0.9869786502743076,0.8373983739837398,0.5305515889512854,0.09491053477352454,0.6422764227642277,0.4812906367908151,0.2845528455284553,0.45304661221578213,0.010101010101010104,0.00944208077474714,0.0975609756097561,0.024390243902439025,0.25
55,hepatitis_55.csv,0.7346451526501955,0.5126601869621742,200000001.0,1.0064935064935066,,,,,,,0.0,,0.0,,,,,,,,,,1.0,0.0,,,,,,,1.0,,0.12258064516129032,,
41945,ilpd-numeric_41945.csv,0.8640904272487623,0.3085471148821817,0.9169790920491696,0.9408321691924104,0.9727729147115622,0.017617233519059503,0.6001118630768507,,1.9407236303196448e-05,,0.888507718696398,,0.7718696397941681,,0.9765723712432638,0.03418210381922225,0.2226042837822565,,0.2864493996569468,,0.2864493996569468,,0.9901261882555775,0.5042881646655232,0.43692027388288496,0.15161207194436457,0.34476843910806176,0.47570086426955693,0.27787307032590053,0.44833514596243923,0.014084507042253521,0.048965972087131326,0.017152658662092625,0.005145797598627788,0.3
59,ionosphere_59.csv,0.9418285354475157,0.14738124238733263,0.9083175325305487,0.9200814000814,,,0.12438553715245339,,,,0.8091168091168092,,0.0,,0.9697976480767182,0.04407215176257102,0.05539571604864468,,0.056980056980056926,,0.06837606837606836,,0.9086939229389371,0.23076923076923078,0.3372714705272492,0.15249142822636133,0.13105413105413105,0.33794128810240714,0.150997150997151,0.3585572319216119,0.02439024390243902,0.10769277645869388,0.09686609686609686,0.06837606837606838,0.7058823529411765
61,iris_61.csv,0.9999999999999998,0.0,0.9028535395287962,0.8491275167785235,0.2798146451309418,0.2649006935023073,0.026773189473445324,0.03379178846827469,0.0063817663817663794,0.011053543615254369,0.12333333333333334,0.21361959960016152,0.043333333333333335,0.07505553499465135,0.9551023499034524,0.06842573755202236,0.004343868749813629,0.007523801376087905,0.013333333333333345,0.023094010767585053,0.006666666666666672,0.011547005383792526,0.8179111111111111,0.1,0.21094360781467936,0.13668689568490358,0.04666666666666667,0.211630508282228,0.02666666666666667,0.16164700403963206,0.015151515151515152,0.024628395939603673,0.02666666666666667,0.013333333333333334,0.5
1073,jEdit_4.0_4.2_1073.csv,0.9996540760494435,0.0009585685376504172,0.9661364729833752,0.8788000320847036,0.9533831359551321,0.04369999727406448,0.4003386471664049,,0.050672951759223296,,0.9817518248175182,,0.9306569343065694,,0.9717784708454418,0.05351291001870397,0.13983069205273602,,0.26642335766423353,,0.27372262773722633,,0.9839895572486547,0.5036496350364964,0.4111594034426896,0.19964488423839055,0.3357664233576642,0.4731218471371226,0.3248175182481752,0.46916354871505367,0.009708737864077673,0.018947205131681723,0.029197080291970802,0.0072992700729927005,0.25
1066,kc1-binary_1066.csv,0.9784493292686188,0.05773672055427248,0.8079740630662215,0.9749042145593869,,,0.07307171412604795,,,,0.6413793103448275,,0.0,,0.9723758347767453,0.07858785321391545,0.057863853771099705,,0.07586206896551728,,0.096551724137931,,0.962473246135553,0.4206896551724138,0.41879995084362437,0.1491885816685862,0.2827586206896552,0.45190105043800594,0.16551724137931034,0.37293492699144576,0.5,0.6973535842046641,0.6482758620689655,0.006896551724137931,0.010638297872340425
1045,kc1-top5_1045.csv,0.30797532887291956,0.88360855944353,0.7618771612612742,0.9640804597701149,,,0.011281876239984535,,,,0.3103448275862069,,0.0,,0.9602744663869216,0.0731803749011858,0.0,,0.0,,0.03448275862068961,,0.6956004756242569,0.06896551724137931,0.29927335018569107,0.1415853019983019,0.04827586206896552,0.2150915335760382,0.04827586206896552,0.2150915335760382,0.07692307692307693,0.25248422724734565,0.6482758620689655,0.006896551724137931,0.010638297872340425
1067,kc1_1067.csv,error,,,,,,,,,,,,,,,,,,,,,,,,,,,,,,,,,,
1063,kc2_1063.csv,error,,,,,,,,,,,,,,,,,,,,,,,,,,,,,,,,,,
1065,kc3_1065.csv,0.44931097622048255,0.7949722531796821,0.923855980869789,0.8404536898130011,0.9208493095895324,0.03813574238521822,0.1756060480411428,,1.3123898210147403e-05,,0.7139737991266376,,0.32096069868995636,,0.9705718407620038,0.03633555074438605,0.06827408637550736,,0.07423580786026196,,0.08951965065502188,,0.95062546480807,0.20305676855895197,0.23111994214415357,0.2279320553607162,0.11790393013100436,0.3228469764167799,0.13537117903930132,0.3424937089922431,0.014925373134328358,0.08894784492822407,0.0851528384279476,0.002183406113537118,0.02564102564102564
807,kin8nm_807.csv,0.9997770990046065,0.0006177900657833302,0.5709837103754527,0.999759793761827,0.964544810515336,0.06686203023397351,0.3840721117659335,,0.994652029033397,,0.9974365234375,,0.9940185546875,,0.9990468147980358,0.011008021735496839,0.1515092511616012,,0.26416015625,,0.22607421875,,0.998704805970192,0.3084716796875,0.4382088528743835,0.07134464086870945,0.189208984375,0.39169844724078234,0.246826171875,0.43119103511309614,0.0002447381302006853,0.0011856894422790606,0.0009765625,0.0009765625,1.0
1481,kr-vs-k_1481.csv,killed,,,,,,,,,,,,,,,,,,,,,,,,,,,,,,,,,,
184,kropt_184.csv,killed,,,,,,,,,,,,,,,,,,,,,,,,,,,,,,,,,,
1056,mc1_1056.csv,0.06148143263412651,0.9855295935010968,0.9954323997772652,0.7907220760284339,0.9851730047626974,0.012009225609305977,0.048063074526381054,,7.449659201665748e-15,,0.46545531375448973,,0.36868793577012465,,0.9939565625729757,0.00831416916478885,0.007012871659841435,,0.0070779632368476175,,0.007923093175575713,,0.8195474488097537,0.01478977392774139,,,0.005176420874709486,0.07176468220478255,0.012465666596239171,0.11095753405047092,0.5,0.7069573819088829,0.004014367208958377,0.00010564124234100993,0.02631578947368421
1054,mc2_1054.csv,0.9075941654188296,0.22276311278711014,0.8795366710644792,0.9370341614906832,0.9290152366467294,0.04147884040591531,0.26063709676455415,,8.395835644881061e-07,,0.8385093167701864,,0.012422360248447204,,0.9581068222911912,0.0669626214528842,0.11417803986691721,,0.16770186335403725,,0.22360248447204967,,0.9781644226688785,0.5279503105590062,0.41541888876036703,0.17916032940676418,0.3105590062111801,0.4641662531453641,0.2670807453416149,0.4438153328687969,0.2,0.4333249745216984,0.2422360248447205,0.006211180124223602,0.02564102564102564
1488,parkinsons_1488.csv,0.8051250074646823,0.40986074520135485,0.8336047241627308,0.9371927042030135,0.8758284814224635,0.0702023955158112,0.1628615024799057,,7.711675283637111e-10,,0.6410256410256411,,0.0,,0.9521954902893206,0.05345641475436065,0.07713745301810193,,0.08205128205128209,,0.0871794871794872,,0.8998290598290598,0.13333333333333333,0.3306300178236023,0.10074377786782601,0.035897435897435895,0.18651328617883106,0.10256410256410256,0.3041696314297552,0.3333333333333333,0.5684679573559392,0.11282051282051282,0.015384615384615385,0.13636363636363635
750,pm10_750.csv,0.9998153271549208,0.0005118689615457583,0.801551947665139,0.9924008016032064,0.9988173813650799,0.0017651399727713955,0.9636181130182261,,0.560889144914034,,0.99,,0.9580,,0.9895043954965926,0.04351585395230632,0.17604020304520607,,0.43799999999999994,,0.41400000000000003,,0.995392,0.6340,0.48200126949464184,0.09511503578635463,0.4240,0.49468517953715513,0.4420,0.49712197750757525,0.002849002849002849,0.0026224291634159955,0.0140,0.0020,0.14285714285714285
722,pol_722.csv,0.9210049486251755,0.19412530179577303,0.9504937447109693,0.9724263039758206,,,0.2350598811756261,,,,0.7769333333333334,,0.5110666666666667,,0.9959978093486691,0.007117057923840422,0.09745483458283222,,0.09406666666666663,,0.1872666666666667,,0.9875855911111111,0.06093333333333333,0.24561078788219748,0.12263844378054894,0.0296,0.16948674004280304,0.18946666666666667,0.39189193345622214,0.002551020408163265,0.03481905982447946,0.0032,0.0008666666666666666,0.2708333333333333
871,pollen_871.csv,1.0,0.0,0.9969730645656227,0.9105346823698787,0.9998940985336144,9.38793128171499e-05,0.9974251205549082,,0.5210184379067542,,0.9981808731808732,,0.9940228690228691,,0.9905123003328103,0.013034683290305028,0.14286859387046957,,0.487006237006237,,0.5036382536382537,,0.9994800468747974,0.7141372141372141,0.502116514578497,0.09046152305938533,0.5171517671517671,0.4997706735252982,0.4851871101871102,0.4998454830859647,0.0009784735812133072,0.014920390677110144,0.0012993762993762994,0.0007796257796257797,0.6
1003,primary-tumor_1003.csv,0.8077527023327316,0.4056686227993508,200000001.0,1.0029585798816567,,,,,,,0.0,,0.0,,,,,,,,,,1.0,0.0,,,,,,,1.0,,0.05014749262536873,,
446,prnn_crabs_446.csv,1.0,0.0,0.9521943701657998,0.9122110552763819,0.9141546138258007,0.07796900342287225,0.019490726732129284,,0.3836661730286481,,0.92,,0.6050,,0.9680368137091939,0.06323247942640943,0.0,,0.0,,0.10499999999999998,,0.948175,0.0950,0.2461484352974874,0.10782403093465472,0.03,0.17101529509309654,0.1050,0.3073226906378774,0.007462686567164179,0.007773733212970121,0.0350,0.0050,0.14285714285714285
952,prnn_fglass_952.csv,0.8419982850006483,0.13573683529522218,0.9196603195997086,0.8951340441402308,0.7371034558206484,0.22609806510919903,0.09078456377590473,0.11513296207163853,0.0008503618021067252,0.001490350537906034,0.5291982777681765,0.5441639272233513,0.0616228415472629,0.17553277773444012,0.9653688413982757,0.05907527348835012,0.024030104890433935,0.044749080865751203,0.04139710227509196,0.07346215041123562,0.06054513086594255,0.08655761423941644,0.9723993361865665,0.49065420560747663,0.4048151914985963,0.16122984346289423,0.29906542056074764,0.4589220534024466,0.3130841121495327,0.46483559861202695,0.0588235294117647,0.2148710912056495,0.04205607476635514,0.02336448598130841,0.5555555555555556
470,profb_470.csv,0.9182958340544894,0.19999999999999996,200000001.0,1.0014903129657229,,,,,,,0.0,,0.0,,,,,,,,,,1.0,0.0,,,,,,,1.0,,0.013392857142857142,,
752,puma32H_752.csv,0.9999559719934967,0.00012206286237415043,1.0,1.0,0.9972124528520204,0.015125058345228279,0.7186185472683971,,0.983114812725881,,0.998779296875,,0.983154296875,,0.9998779296875,0.011048543456039806,0.18943881855555633,,0.3447265625,,0.3382568359375,,0.9997103065252304,0.6048583984375,0.4974287971470908,0.02023983799718432,0.4425048828125,0.4967136289933797,0.1456298828125,0.35275630413817993,0.0002986857825567503,0.009047860079983025,0.00390625,0.0006103515625,0.15625
816,puma8NH_816.csv,0.9999860693604422,3.862306392954373e-05,0.6242157936721908,0.999742953393969,0.9602225702685351,0.07512336813674683,0.35357560076698263,,0.9953863320720748,,0.999267578125,,0.9962158203125,,0.9986143026352506,0.010961971714565227,0.15985650160673692,,0.173095703125,,0.17578125,,0.9993100762367249,0.3953857421875,0.4576525992692473,0.06982566481171605,0.258544921875,0.4378616778341428,0.2410888671875,0.4277702217666487,0.00020429009193054137,0.0005836897976369362,0.0009765625,0.000732421875,0.75
721,pwLinear_721.csv,0.9993506898146104,0.001798381456688869,1.0,1.0,0.9250579460794214,0.1359511968168025,0.13555441999973428,,1.0,,1.0,,1.0,,0.9950,0.07071067811865475,0.07928198049224822,,0.09499999999999997,,0.07999999999999996,,0.971975,0.2750,0.43390405317950687,0.06592356448441825,0.16,0.3675260220507142,0.09,0.2868999090082545,0.01098901098901099,0.05031136264536284,0.05,0.05,1.0
1495,qualitative-bankruptcy_1495.csv,0.9849900098451575,0.04062950655213504,0.4080000021407273,0.988722891566265,0.9829092355028228,0.0157920821227221,0.6889689368905607,,0.5,,0.6360,,0.6360,,0.9960,0.06324555320336758,0.15689437932859018,,0.3720,,0.3560,,0.913168,0.06,0.04646913041476316,0.1293793006832469,0.0040,0.0632455532033676,0.12,0.3256134155490866,0.019230769230769232,0.055437162938689416,0.0240,0.0240,1.0
42172,regime_alimentaire_42172.csv,0.7278290591587513,0.5217013259908703,200000001.0,1.0049751243781095,,,,,,,0.0,,0.0,,,,,,,,,,1.0,0.0,,,,,,,1.0,,0.09405940594059406,,
42665,ricci_vs_destefano_42665.csv,error,,,,,,,,,,,,,,,,,,,,,,,,,,,,,,,,,,
717,rmftsa_ladata_717.csv,0.9885202681730657,0.031248092767775515,0.8675017897250407,0.9535634968705835,0.8147110022889903,0.17555180965833292,0.16326447322538237,,0.012721581990075266,,0.7145669291338582,,0.5767716535433071,,0.9740383422485374,0.03601457359004046,0.07918450820659584,,0.10433070866141736,,0.08661417322834641,,0.9581344162688326,0.23622047244094488,0.40514650005303854,0.09063465788484032,0.14960629921259844,0.357036678594262,0.13976377952755906,0.34708357096499576,0.02325581395348837,0.07878848326504256,0.01968503937007874,0.007874015748031496,0.4
1519,robot-failures-lp4_1519.csv,0.8483595044217704,0.2777400252402681,0.9869616293271728,0.6791924550545241,0.910340872095251,0.118143493047267,0.000432888220125816,0.00035714253000692096,2.872294510915674e-56,4.974960027207146e-56,0.381712962962963,0.26057896177345174,0.0,0.0,0.9317206351370236,0.06259734591895572,0.0,0.0,0.0,0.0,0.03125,0.05412658773652741,0.9127036306523486,0.28205128205128205,0.41347920301323676,0.10233260817731321,0.13675213675213677,0.345063285199699,0.07692307692307693,0.2676154650525237,0.058823529411764705,0.18067581472587058,0.7692307692307693,0.06837606837606838,0.08888888888888889
1520,robot-failures-lp5_1520.csv,0.968224795745143,0.03253829842309086,0.9928208572471313,0.8371988627861738,0.901990920498486,0.12580218651031194,0.0043620368394397995,0.0031562723324984054,9.348388357099903e-29,2.956219937695001e-28,0.7116746066182005,0.38410133074898983,0.0027397260273972603,0.008663774411420218,0.960410700691821,0.06751326751532566,0.001636091658044636,0.005173776100222396,0.0027397260273972603,0.008663774411420218,0.050976446359545104,0.061456243929514286,0.9626338488994646,0.5182926829268293,0.4648703058993429,0.12113830468584988,0.3597560975609756,0.48139871772026394,0.25609756097560976,0.4378131828320149,0.1111111111111111,0.3127605662312288,0.5487804878048781,0.054878048780487805,0.1
1498,sa-heart_1498.csv,0.9307388109871576,0.17263107427827817,0.8031010948670758,0.9887220516287761,0.9446142944974132,0.04454318670040992,0.4239396998457969,,0.358953907604327,,0.9502164502164502,,0.9090909090909091,,0.9853448235313317,0.04420358935658434,0.1473779630121005,,0.27056277056277056,,0.2640692640692641,,0.9897396975319053,0.5,0.4670181182068797,0.08980340853973245,0.354978354978355,0.4790254699199148,0.24891774891774893,0.43285476935639117,0.005555555555555556,0.02036930825080185,0.01948051948051948,0.008658008658008658,0.4444444444444444
182,satimage_182.csv,0.9606955131275013,0.03232934798278153,0.9816335754845007,0.9281549123612944,0.33228745172778656,0.07030014163767266,0.059439289495208686,0.05614014700847129,2.5031844292503387e-05,7.455471177623464e-05,1.4889927824849374,0.564656212124901,0.15085619052139465,0.22762575049784814,0.9946739720655755,0.011277153897782482,0.022245376004276753,0.03314220875097134,0.027201335384133652,0.044005825807679325,0.020022733621741548,0.03160277030447345,0.9778819878630738,0.1578538102643857,0.38213915260331527,0.10074359743856195,0.09471228615863142,0.29283989780115244,0.10699844479004665,0.30913531003506484,0.02222222222222222,0.14724624780756793,0.005598755832037325,0.0009331259720062209,0.16666666666666666
466,schizo_466.csv,0.998776608183713,0.0033852637396801777,200000001.0,1.0029498525073746,,,,,,,0.0,,0.0,,,,,,,,,,1.0,0.0,,,,,,,1.0,,0.041176470588235294,,
1499,seeds_1499.csv,0.9999999999999998,0.0,0.8800452059292428,0.9117338801549328,0.3182269381394485,0.21095891573659348,0.041986781432361155,0.0211821502112589,0.002206548501187337,0.0028772370809719634,0.21904761904761905,0.22916589362887552,0.0,0.0,0.9647907983062255,0.059490079763997304,0.00864843489277034,0.010752558659847311,0.014285714285714271,0.01428571428571429,0.004761904761904745,0.0041239304942115975,0.8875736961451247,0.12380952380952381,0.29285083346924,0.11633351946945383,0.05714285714285714,0.2326700202988444,0.0380952380952381,0.19188361323950345,0.03225806451612903,0.09373987969498125,0.03333333333333333,0.009523809523809525,0.2857142857142857
36,segment_36.csv,1.0000000000000004,-2.220446049250313e-16,0.9609685194855232,0.9640098316581642,,,0.021589840161423325,0.03148865886481534,,,0.37308802308802314,0.6135310243969662,0.02207792207792208,0.0931794424784261,0.9928580638660889,0.019546318693857822,0.0053376550913374135,0.01696040998428299,0.006926406926406929,0.019880101054715257,0.015007215007215004,0.03704818036047404,0.9549671108112666,0.08008658008658008,0.16771643151031143,0.14628923121673493,0.025974025974025976,0.1590922147773227,0.08181818181818182,0.27414686251076636,0.004629629629629629,0.03434165275303449,0.008225108225108226,0.0017316017316017316,0.21052631578947367
1500,seismic-bumps_1500.csv,0.9999999999999998,0.0,0.8800452059292428,0.9117338801549328,0.3182269381394485,0.21095891573659348,0.041986781432361155,0.0211821502112589,0.002206548501187337,0.0028772370809719634,0.21904761904761905,0.22916589362887552,0.0,0.0,0.9647907983062255,0.059490079763997304,0.008670134218219308,0.010741730398254006,0.014285714285714271,0.01428571428571429,0.019047619047619053,0.01797579627445416,0.8875736961451247,0.12380952380952381,0.29285083346924,0.11633351946945383,0.05714285714285714,0.2326700202988444,0.02857142857142857,0.16699671126136617,0.03225806451612903,0.09373987969498125,0.03333333333333333,0.009523809523809525,0.2857142857142857
826,sensory_826.csv,0.9790170528907757,0.0562657449176871,0.6979166681770834,0.9994746376811594,0.9965472182238382,0.003610803185256487,0.8777127645254308,,1.0,,1.0,,1.0,,0.9982638888888888,0.04166666666666667,0.293251533736554,,0.4149305555555556,,0.4149305555555556,,0.9956989052854939,0.5972222222222222,0.4619936226539949,0.12132364113092156,0.3541666666666667,0.4786757094135952,0.3802083333333333,0.4858598384397456,0.002304147465437788,0.0022473152583281377,0.019097222222222224,0.013888888888888888,0.7272727272727273
747,servo_747.csv,0.7737069184593455,0.4578932817251866,0.5887653268937024,0.9798715821369309,0.8650240650810201,0.17819487769539796,0.1930562998457976,,0.0,,0.2994011976047904,,0.23952095808383234,,0.9692350075646291,0.07121734276547244,0.066991195500132,,0.07185628742514971,,0.07784431137724546,,0.8467137581125175,0.15568862275449102,0.3645727435919133,0.11519924923267985,0.0658682634730539,0.24879770053992514,0.07784431137724551,0.26873223059323065,0.05263157894736842,0.1452509553771048,0.023952095808383235,0.017964071856287425,0.75
38,sick_38.csv,error,,,,,,,,,,,,,,,,,,,,,,,,,,,,,,,,,,
902,sleuth_case2002_902.csv,0.9972943816462349,0.007468879668049877,0.8109570551361447,0.9731618674867207,0.9511254300225586,0.07838066465450381,0.48032173029724345,,0.6346666666666667,,0.8503401360544217,,0.8367346938775511,,0.9753186060759986,0.07896816736470867,0.17318663367520937,,0.29931972789115646,,0.3197278911564626,,0.9817205793882179,0.5782312925170068,0.468186216692926,0.2440587718012796,0.43537414965986393,0.49750097695070805,0.3197278911564626,0.4679654968815006,0.014084507042253521,0.023320649332139825,0.04081632653061224,0.013605442176870748,0.3333333333333333
934,socmob_934.csv,0.7628122983351654,0.47369382869465104,0.9645039725223756,0.9635285130094818,0.8704020658344545,0.13146956555021255,0.16951270310179614,,0.1311804904194024,,0.7162629757785467,,0.7162629757785467,,0.9866851407349608,0.026236651742045362,0.05962077544553224,,0.07006920415224915,,0.044117647058823484,,0.9728152201242801,0.12716262975778547,0.3054991882935294,0.14373575389744636,0.0657439446366782,0.247941237640309,0.13494809688581316,0.3418160018517508,0.0035971223021582736,0.009137279465362096,0.004325259515570935,0.0008650519031141869,0.2
40667,solar-flare_40687.csv,error,,,,,,,,,,,,,,,,,,,,,,,,,,,,,,,,,,
40,sonar_40.csv,0.9967295890208366,0.009019788311090626,0.857211538931437,0.9975845410628019,0.9585574404564514,0.043658510699115825,0.13289941946994935,,1.0453391893464135e-06,,0.9471153846153846,,0.0,,0.9877459186073645,0.06841074433787007,0.047928074933397236,,0.06730769230769229,,0.11538461538461542,,0.9664154955621301,0.28846153846153844,0.41522057585196886,0.0766720821719518,0.1250,0.3315167893825471,0.09615384615384616,0.2955133343969298,0.029411764705882353,0.14261804611034476,0.28846153846153844,0.08173076923076923,0.2833333333333333
42,soybean_42.csv,0.9029127668582705,0.03990657888247118,200000001.0,1.001466275659824,,,,,,,0.054524931164275425,0.272329362905058,0.0029239766081871343,0.03823595564509362,,,,,,,,,1.0,0.0,,,,,,,1.0,,0.05124450951683748,,
737,space_ga_737.csv,0.9999532967890264,0.00012947901580195875,0.9978305325682838,0.7883359988692629,0.9551999986006328,0.08800284945334612,0.8985738856622497,,0.15956442259475465,,0.9517219182491149,,0.9378822014805278,,0.9883318224991355,0.01362964790719842,0.11746637798015802,,0.1564209848728677,,0.3089797232056646,,0.9972036937264598,0.327325394271001,0.3938833874168345,0.1255826370479262,0.1998712584486643,0.39996778222770385,0.271000965561635,0.4445481390926467,0.058823529411764705,0.24054552629331252,0.0019311232700354038,0.000321853878339234,0.16666666666666666
44,spambase_44.csv,0.9673602371807668,0.08595230360311157,0.9655196557517363,0.7773339444166202,0.9666240089319393,0.031871824517273474,0.15806776093155264,,2.533148078312225e-33,,0.9087154966311671,,0.6153010215170616,,0.9903933672696522,0.011184089120506254,0.06914737929925929,,0.0662899369702239,,0.030210823733970882,,0.9929366252415478,0.17713540534666378,0.2801578846334875,0.2004827737968934,0.08780699847859161,0.2830447700854933,0.1069332753749185,0.3090619849590961,0.038461538461538464,0.1947419959168864,0.01238861117148446,0.0004346881112801565,0.03508771929824561
46,splice_46.csv,0.9338833372651767,0.12373910231561358,0.897094342803568,0.999904255517841,0.965806266616391,0.08061081832751622,0.09304641625059745,0.013722668513827736,0.004513839372625329,0.007795448828638541,1.1241949200430077,0.2513984637585238,0.7075955393394423,0.11351926770485525,0.9990908164502272,0.017684768875471202,0.03133813649230999,0.007329038307732223,0.03091626481410681,0.009676356128600244,0.013314677670610786,0.00552466631971705,0.9983290258546987,0.4087774294670846,0.4261309787271995,0.15497475619457574,0.23699059561128527,0.42530313455402924,0.00438871473354232,0.06611220825852489,0.005464480874316939,0.06944852490582822,0.018808777429467086,0.01755485893416928,0.9333333333333333
40982,steel-plates-fault_40982.csv,0.8587052614300602,0.10875712951166028,0.8923280599005242,0.9856636763916995,0.75346307874418,0.14894349408196333,0.10926136966989503,0.11143685078030327,1.6086040490761746e-05,4.545199739652341e-05,2.2023577265305185,1.1915213815919679,0.13480049521119863,0.22960215412946017,0.9929464329596229,0.021579746610082415,0.030242872465901443,0.041789522213617106,0.03714896947343911,0.06178216614376021,0.04370339526773451,0.06289598879383317,0.9920814464625037,0.4255538382277177,0.39759501176649126,0.15829454115003253,0.27769191138588356,0.4479760094385399,0.35033487892838744,0.47719772768052016,0.029411764705882353,0.16849448833939432,0.013910355486862442,0.0005151983513652757,0.037037037037037035
841,stock_841.csv,0.9994596212552502,0.0014969396883884878,0.9592039752332621,0.9488126005213244,0.884285958191475,0.11539115423048092,0.1727555270077995,,0.09301724274071245,,0.5968421052631578,,0.22210526315789475,,0.9843413928346938,0.02843044904014587,0.09912388115581938,,0.12736842105263158,,0.17263157894736847,,0.8906393351800554,0.06631578947368422,0.1687256069078277,0.133765842005255,0.030526315789473683,0.17212101766773602,0.21052631578947367,0.4078971967558629,0.006993006993006993,0.048959268358160446,0.009473684210526316,0.004210526315789474,0.4444444444444444
770,strikes_770.csv,0.9999538332662392,0.00012799180852429703,0.8843215586063936,0.9751948717948717,0.9765754656445508,0.03425837805299442,0.6157185064318249,,0.2218764571231518,,0.8320,,0.6784,,0.9856815656136739,0.03737937914815172,0.19223526677944702,,0.32320000000000004,,0.3024,,0.98606848,0.1488,0.2818124003858322,0.10875510770370143,0.0272,0.1627960813489198,0.3120,0.4636809247747852,0.0029940119760479044,0.00795976142065389,0.0096,0.0016,0.16666666666666666
43097,students_scores_43097.csv,error,,,,,,,,,,,,,,,,,,,,,,,,,,,,,,,,,,
41146,sylvine_41146.csv,1.0,0.0,0.9339838670672045,0.9999820954099793,0.9692310850681662,0.11407620856438587,0.1758542283693728,,0.05893273591992012,,0.8052302888368462,,0.727751756440281,,0.999392776613226,0.01395812787887559,0.07135820473876753,,0.08391881342701013,,0.04605776736924283,,0.9989473013069781,0.39715066354410616,0.47247402753968115,0.04348445486865954,0.2570257611241218,0.4370363771630422,0.19672131147540983,0.39755865314733896,0.0005012531328320803,0.007099418340950563,0.0039032006245121,0.000975800156128025,0.25
1004,synthetic_control_1004.csv,0.6500224216483541,0.6153846153846154,0.8521944450834911,0.9995770728992766,0.9144233836606634,0.16401005599384053,0.012656391744634352,,7.301740812222042e-14,,0.13,,0.0,,0.9949611797782865,0.04054647932619428,0.0,,0.0,,0.0,,0.6191027777777778,0.0033333333333333335,0.30679930771360403,0.041016324778066354,0.0,0.0,0.0050,0.07059253153968889,0.015151515151515152,0.09818642971701831,0.1,0.04666666666666667,0.4666666666666667
48,tae_48.csv,0.9997213915970682,0.0004625773003910094,0.8410798603635858,0.9767770419426048,0.9454814332149158,0.04087060290686188,0.5282844464602531,0.11859372132578108,0.5640224572771743,0.11506245857788638,1.357834803088152,0.02973563044460226,0.8571729721991806,0.053198662154354835,0.9701006664298061,0.0759390328996798,0.21062990753204322,0.052943418578745176,0.2778630804256896,0.07264647522620946,0.2548215605874313,0.038199731969049605,0.9854392351212666,0.7284768211920529,,,0.3509933774834437,0.4788691609293537,0.48344370860927155,0.5013887997121806,0.011494252873563223,0.006263140682484221,0.033112582781456956,0.019867549668874173,0.6
1115,teachingAssistant_1115.csv,0.9997213915970682,0.0004625773003910094,0.6909827488606621,0.98719646799117,0.9360358615391814,0.04326243048263596,0.45452008215337963,0.1466422080890085,0.42823896989437404,0.09599679379808988,1.0729523932785436,0.07182751566047482,0.6052938627196053,0.06607447659245103,0.9740988347283971,0.07740364226027698,0.20362389869706796,0.059592703050918856,0.28453041382569627,0.06757577684298961,0.22462148175601873,0.08727945110316922,0.9853953773957282,0.6556291390728477,0.4876248037697998,0.1647148119845406,0.46357615894039733,0.5003310162560528,0.4105960264900662,0.4935790808480163,0.00793650793650794,0.004354361092059458,0.039735099337748346,0.013245033112582781,0.3333333333333333
41526,test_dataset_41526.csv,0.9995621827889446,0.0012130280982438624,200000001.0,1.0000643252283545,,,,,,,0.0,,0.0,,,,,,,,,,1.0,0.0,,,,,,,1.0,,0.0038592654531420852,,
4329,thoracic_surgery_4329.csv,0.6071716548713029,0.6604002425712553,0.8555051863652604,0.9623372499206098,0.9938158326591674,0.0052916122660647096,0.577112470602782,,0.0,,0.9234042553191489,,0.8936170212765957,,0.9809385739761395,0.042048584900987646,0.1296296296405427,,0.14893617021276595,,0.14893617021276595,,0.9821321865097329,0.33404255319148934,0.36578024113669977,0.20468045896259868,0.23404255319148937,0.42385005381785557,0.1702127659574468,0.37622005855520796,0.017857142857142856,0.11396189197703359,0.03404255319148936,0.00425531914893617,0.1250
40690,threeOf9_40690.csv,0.9964308234404787,0.009839052535681625,1.0,1.0,0.9487074635206881,0.031063931889543903,0.22555750665410151,,1.0,,1.0,,1.0,,0.998046875,0.04419417382415922,0.11584697439234581,,0.18359375,,0.14453125,,0.9950599670410156,0.34765625,0.4865751857622992,0.03160079857208587,0.19921875,0.3998034925823155,0.16796875,0.37420414570318183,0.0036496350364963502,0.028082237932144937,0.017578125,0.017578125,1.0
40705,tokyo1_40705.csv,0.9433390515199497,0.14387721121729213,0.8980840281073414,0.8837254359860763,,,0.07237383189227212,,,,0.64859228362878,,0.08342022940563086,,0.9822232164311625,0.02697216034269567,0.04874087233753943,,0.06360792492179357,,0.06882168925964549,,0.8959704506236401,0.14285714285714285,0.23020668729181162,0.18374556210771648,0.08237747653806048,0.2750824119320918,0.11261730969760167,0.31628937252769906,0.010638297872340425,0.08945255478696941,0.045881126173096975,0.0020855057351407717,0.045454545454545456
788,triazines_788.csv,0.9785423861930186,0.05749578888265028,0.6763354775482782,0.9884335948852078,,,0.23515395096375225,,,,0.9516129032258065,,0.6666666666666666,,0.9832089636942974,0.07156774770195545,0.13876695538548822,,0.18279569892473113,,0.17741935483870963,,0.9804890738813735,0.43010752688172044,0.40512284843711793,0.20752530201813582,0.2849462365591398,0.4526071589547732,0.24193548387096775,0.42941130806121736,0.1,0.29922627322023376,0.3225806451612903,0.0967741935483871,0.3
1507,twonorm_1507.csv,0.999999525775866,1.314827477671976e-06,0.9991891891932433,0.9999998904161629,0.8333557256547015,0.00807206425743679,0.05847827404674106,,0.004116471061759754,,0.9902702702702703,,0.8952702702702703,,0.9998648648648648,0.01162476387438193,0.018965915436386704,,0.020270270270270285,,0.007972972972972947,,0.9891407596785975,0.08418918918918919,0.4396527922122689,0.03566370380296581,0.052162162162162164,0.22236895726823566,0.018378378378378378,0.13432442755064228,0.0005202913631633716,0.012051182057150544,0.002702702702702703,0.0025675675675675674,0.95
1508,user-knowledge_1508.csv,0.8816388698823795,0.09165367604528807,0.7204061072381177,0.9882596940854043,0.769780437342561,0.3517434397512882,0.060509197548496894,0.095533210427978,0.11925420750743976,0.1554273079353841,0.468450896142656,0.5969235721412054,0.110321665793079,0.14714330211116314,0.9842502138666457,0.04731690365684234,0.016899193152347947,0.04114438380835843,0.03179367218334876,0.08743008772189267,0.03948450038001903,0.07937960039436887,0.9865832558540475,0.337468982630273,0.4084707553719503,0.1122610526483251,0.19602977667493796,0.39748477752597694,0.11166253101736973,0.3153422925223946,0.003424657534246575,0.004136855181829257,0.01240694789081886,0.01240694789081886,1.0
1047,usp05_1047.csv,0.5599632052718796,0.3733619463452472,0.7021886047959789,0.966395161683656,0.8486133391507584,0.06802453921068549,,,,,0.1911531324820156,0.43423705161627657,0.0,0.0,0.9710241901139556,0.06408385964808586,0.00483232284358166,0.017460822804522564,0.004936354253308608,0.015802676839224355,0.010922384595880786,0.0277141513381043,0.9486034604091339,0.3448275862068966,0.3091858329898739,0.2377110109409199,0.17733990147783252,0.3829003667087991,0.23645320197044334,0.425954061957522,0.010204081632653064,0.04531583598106058,0.07881773399014778,0.0049261083743842365,0.0625
54,vehicle_54.csv,0.9995333827671815,0.0005627451236797087,0.9369730980275742,0.978172255095332,0.8756349768827136,0.08004673329430828,0.11723476447570153,0.15024989536795602,0.02817210218174924,0.06890998939835465,1.2948828482821133,0.39253849608165775,0.20616843880186853,0.26714625823070304,0.988815829109038,0.0325299591723645,0.02918246540948542,0.05626089080212632,0.059630094064611484,0.11024283386311727,0.1616706112338454,0.10955327029441451,0.9920261668035925,0.4515366430260047,0.447447777106483,0.09783706391150437,0.30260047281323876,0.4596554909566948,0.3486997635933806,0.4768406501226709,0.0045662100456621,0.02413911192400324,0.02127659574468085,0.001182033096926714,0.05555555555555555
44153,vehicle_reproduced_44153.csv,0.9995333827671815,0.0005627451236797087,0.9369730980275742,0.978172255095332,0.8756349768827136,0.08004673329430828,0.11723476447570153,0.15024989536795602,0.02817210218174924,0.06890998939835465,1.2948828482821133,0.39253849608165775,0.20616843880186853,0.26714625823070304,0.988815829109038,0.0325299591723645,0.029197178106674788,0.05629759989736985,0.059630094064611484,0.11024283386311727,0.16001731112040266,0.1319975963520886,0.9920261668035925,0.4515366430260047,0.447447777106483,0.09783706391150437,0.30260047281323876,0.4596554909566948,0.38416075650118203,0.486683929773262,0.0045662100456621,0.02413911192400324,0.02127659574468085,0.001182033096926714,0.05555555555555555
719,veteran_719.csv,0.8975887507715623,0.2434253626579317,0.7770538468949191,0.9840060111635895,0.9778841535294006,0.0453323481184867,0.5455927079418614,,0.14410487632665994,,0.9051094890510949,,0.8248175182481752,,0.9750516603945493,0.08201185836411098,0.16716556592476106,,0.25547445255474455,,0.24087591240875916,,0.9719750652671959,0.46715328467153283,0.42048468203103634,0.1693298658404266,0.3357664233576642,0.4739907585158566,0.24087591240875914,0.42918437429164397,0.011235955056179773,0.018546211818247137,0.051094890510948905,0.021897810218978103,0.42857142857142855
925,visualizing_galaxy_925.csv,0.9949536900383766,0.013878048316168234,0.9206419549215634,0.9123127511874315,0.786272462750483,0.23287748678483566,0.12484322041756782,,0.2331622482506345,,0.47368421052631576,,0.2755417956656347,,0.9727187893897309,0.04856968426357234,0.013720586960603964,,0.034055727554179516,,0.04643962848297212,,0.8707741855093023,0.1021671826625387,0.1382999078517628,0.17756048446872924,0.06501547987616099,0.246935723038252,0.15789473684210525,0.36520805106442444,0.038461538461538464,0.06509017131962241,0.01238390092879257,0.009287925696594427,0.75
923,visualizing_soil_923.csv,0.992759369358745,0.019842841565455127,0.9951182537321932,0.9356821966336201,0.821436195541406,0.22057287574842271,0.10879659437903212,,0.0,,0.5666010878370559,,0.0,,0.9948709581738855,0.009456776717620803,0.0001179711362033764,,0.0011572734637195214,,0.02407128804536507,,0.8492164149725231,0.005323457933109594,0.04685977908672019,0.06339318014951884,0.0010415461173475292,0.032258048961374415,0.04224048142576091,0.20114896367596913,0.0012787723785166246,0.021508673298138072,0.0004629093854877908,0.0001157273463719477,0.25
56,vote_56.csv,0.9623080486960708,0.09848964456905118,200000001.0,1.0023041474654377,,,,,,,0.0,,0.0,,,,,,,,,,1.0,0.0,,,,,,,1.0,,0.0367816091954023,,
1016,vowel_1016.csv,0.43949698692151334,0.801980198019802,0.7140313054722189,0.9922358059870698,0.9470139468040291,0.07712878367622826,0.10577481667161069,,0.018161304995601334,,0.5959595959595959,,0.09191919191919191,,0.9930803147264597,0.031035332879059876,0.014623314478633187,,0.02626262626262621,,0.03232323232323231,,0.8115171921232527,0.022222222222222223,0.12731044746316905,0.05887650793399767,0.0,0.0,0.03636363636363636,0.18728788903201363,0.004854368932038836,0.0350067269973913,0.012121212121212121,0.005050505050505051,0.4166666666666667
1497,wall-robot-navigation_1497.csv,0.8573163711329885,0.136950846478765,0.7696881811436939,0.9977757229908261,0.9277789979587462,0.05617804766008075,0.171252045344787,0.10903960906459279,0.19649985826400865,0.18469482193373624,0.870835642262661,0.39042336271737027,0.0,0.0,0.9983060347155135,0.013433093925414866,0.07147051361524435,0.04872353817663033,0.08723797110600832,0.06418198279359466,0.06882256907023986,0.053942522184483845,0.9971931544061369,0.22965542521994134,0.2667993860217471,0.19291237619105153,0.11162023460410557,0.314927508899741,0.32386363636363635,0.4679915850272972,0.0006341154090044391,0.01696256673172917,0.004398826979472141,0.0036656891495601175,0.8333333333333334
940,water-treatment_940.csv,0.6143331287530932,0.6531674175229986,200000001.0,1.0019011406844107,,,,,,,0.0,,0.0,,,,,,,,,,1.0,0.0,,,,,,,1.0,,0.0683111954459203,,
60,waveform-5000_60.csv,0.9999474462011532,8.714337809812012e-05,1.0,1.0,0.8705349392390346,0.1548891263374528,0.09933988747396856,0.00783577302200872,0.0004984362291020565,0.0004111910917836777,1.1066450187409693,0.05851066070789461,0.4817246495849288,0.13119187644727826,0.9998,0.01414213562373095,0.04652514652204091,0.011560273447888689,0.060741019586075806,0.013542745058992178,0.019750341886313565,0.011360909456210582,0.9987582,0.3706,0.4873755668784341,0.02005402996873507,0.2652,0.44148379538587557,0.0346,0.1827827177398916,0.0007468259895444363,0.014168027913421734,0.0080,0.0072,0.9
1510,wdbc_1510.csv,0.9526351224018599,0.12195970834082581,0.9003095937442326,0.889087601178247,0.7155573129362313,0.21808649120078244,0.0640197491605524,,5.683134517200268e-11,,0.4833040421792619,,0.0,,0.9724495215761398,0.03162591027117131,0.012472542992754132,,0.008787346221441172,,0.005272407732864637,,0.8894925577818206,0.07205623901581722,0.36491509651922405,0.07518308450459477,0.04745166959578207,0.21279000476612972,0.019332161687170474,0.13781076419456248,0.1111111111111111,0.3280609256004687,0.05272407732864675,0.0017574692442882249,0.03333333333333333
1511,wholesale-customers_1511.csv,0.9073226451896846,0.2233316202921959,0.9736215249085852,0.7397701387450818,0.8665381762561664,0.17158647817679548,0.21740316560991224,,0.00048143868373141073,,0.5818181818181818,,0.3795454545454545,,0.9681568486116569,0.03551912546668295,0.06906446051248927,,0.08181818181818179,,0.040909090909090895,,0.9484142561983471,0.2,0.3384905807165193,0.13514380455811054,0.1318181818181818,0.33867807284543744,0.07954545454545454,0.2708962139809699,0.11111111111111113,0.32311005717092034,0.01818181818181818,0.00909090909090909,0.5
40983,wilt_40983.csv,0.3028903171988337,0.8863458241751186,0.9974680626761396,0.277308669458336,0.9929464339662285,0.007051043781675881,0.2206529303101266,,6.109406598428522e-05,,0.8493490390576566,,0.6524075222153337,,0.9862594548899015,0.004225562374157817,0.021300159374995964,,0.03265137425087827,,0.09340772886960114,,0.9837002781141941,0.08989460632362058,0.27948559030052844,0.12058710299530379,0.04980367844595991,0.21756160883008507,0.06302955156023972,0.24304121884634047,0.1250,0.35221797695053203,0.0010332713370531101,0.0004133085348212441,0.4
847,wind_847.csv,0.9969402925875559,0.008441530612668058,0.9847534268075229,0.9709339092250378,0.7437782937210855,0.15869208766602574,0.18660042405749508,,0.02520270465665791,,0.9564952844539093,,0.9132947976878613,,0.9930923744260357,0.010218364936353709,0.0964572729360943,,0.14679038637055064,,0.10495892911469429,,0.9975851204267459,0.2850623668999087,0.43076806219590036,0.07967539403379297,0.18147246729540614,0.38543846389568237,0.16261028293276544,0.3690377963136004,0.0012376237623762374,0.019709437082625347,0.0021296014602981443,0.0010648007301490721,0.5
187,wine_187.csv,0.9885547930265093,0.018697406258052607,0.7415730347659175,0.9975877610613851,0.5617908025792526,0.22095728419133445,0.027274750725536437,0.016371826110990348,2.0354274454154463e-05,1.7742180847721256e-05,0.24494720965309202,0.2167157870169191,0.0,0.0,0.988069757206087,0.07420635210541518,0.0,0.0,0.0,0.0,0.0,0.0,0.8592665067541977,0.11797752808988764,0.364159989640795,0.06855560851719597,0.05056179775280899,0.21971918158943646,0.0056179775280898875,0.07495316889958613,0.011111111111111112,0.030643639185864626,0.07303370786516854,0.0056179775280898875,0.07692307692307693
753,wisconsin_753.csv,0.9962401135461777,0.010361598646648318,0.858732848324443,0.9941776614497089,0.9784311696660898,0.018615227938197414,0.43919704617115557,,0.00030081297329531795,,0.9484536082474226,,0.041237113402061855,,0.9785520905055674,0.06869462018568105,0.16509438182796432,,0.3041237113402062,,0.38659793814432986,,0.9883090657880752,0.6237113402061856,0.49619779365893846,0.04848339307760444,0.4536082474226804,0.49913123606167603,0.34536082474226804,0.4767160153449461,0.041666666666666664,0.17341502769259504,0.16494845360824742,0.005154639175257732,0.03125
40693,xd6_40693.csv,0.9158790625676118,0.20520204366000927,0.05241521542651628,0.999025118529515,0.9595562258836706,0.002199327006096789,0.2756784928685404,,1.0,,1.0,,1.0,,0.998972250770812,0.03205852818187507,0.09150326797386243,,0.23535457348406985,,0.16546762589928055,,0.9949003357877492,0.3011305241521069,0.025188243604846235,0.1074986162150663,0.008221993833504625,0.09034811533041054,0.16649537512846865,0.3727162962342652,0.005847953216374269,0.051016773950671696,0.009249743062692703,0.009249743062692703,1.0
181,yeast_181.csv,0.7496904102366402,0.1506903260725444,0.9798225593827834,0.9293066251297272,0.7116533381483392,0.1498345770065869,0.14226219403629267,0.12290765535570992,,,3.7306487696325843,5.452355869179586,0.307159747768745,0.2878566959859569,0.9874114142862007,0.022709678196134755,0.04651951845925396,0.04745605408518327,0.06244974240761842,0.07388110640489247,0.05381266407187904,0.07399233150008654,0.9981073953255207,0.6590296495956873,0.47492879588085357,0.14813742610805006,0.47035040431266845,0.49928837949629745,0.40161725067385445,0.4903905434413314,0.02083333333333334,0.09682062309224099,0.005390835579514825,0.0047169811320754715,0.8750
62,zoo_62.csv,0.8515345400438069,0.14667836830813286,0.6039603971620305,0.9766336633663366,0.3586878570487911,0.3222098162262975,0.04181211382223228,0.03808575046673914,,,0.21693121693121692,0.8752256784636809,0.0,0.0,0.9757476263090774,0.09698422858413325,0.0,0.0,0.0,0.0,0.005291005291005293,0.024246432248443615,0.7975688657974709,0.15841584158415842,0.14021882162276872,0.18806824102943062,0.0297029702970297,0.17061333737750137,0.0,0.0,0.045454545454545456,0.11785165532839406,0.15841584158415842,0.07920792079207921,0.5
