ids,Datasets,best_node.mean,best_node.sd,elite_nn.mean,elite_nn.sd,linear_discr.mean,linear_discr.sd,naive_bayes.mean,naive_bayes.sd,one_nn.mean,one_nn.sd,random_node.mean,random_node.sd,worst_node.mean,worst_node.sd
40981,Australian_40981.csv,0.8550724637681159,0.050204371233880496,0.8550724637681159,0.050204371233880496,0.8550724637681159,0.054655596613452956,0.7840579710144928,0.05484740861636705,0.691304347826087,0.052499431833418986,0.8550724637681159,0.050204371233880496,0.5608695652173913,0.0168043740395421
1447,CastMetal1_1447.csv,0.8625,0.014837873278204622,0.7952651515151515,0.05395197735603828,0.8473484848484848,0.04913668717597815,0.8137310606060606,0.06261634984373722,0.8011363636363636,0.056326789234708526,0.8625,0.014837873278204622,0.8715909090909092,0.01230007967470459
1446,CostaMadre1_1446.csv,0.8750574712643677,0.015760591236031612,0.8008045977011495,0.05634151401336532,0.8339080459770114,0.04298109496909936,0.8102298850574712,0.08635823242704002,0.8108045977011494,0.036794378370998,0.8717241379310344,0.01321922369523239,0.8717241379310344,0.01321922369523239
41430,DiabeticMellitus_41430.csv,0.9929802955665025,0.014801682872932338,0.9894088669950738,0.01705663789645042,,,,,,,0.6476600985221677,0.011530116464217735,0.6476600985221677,0.011530116464217735
4340,Engine1_4340.csv,0.6607287449392713,0.28464581686003015,0.610863697705803,0.23758225978980474,0.7917678812415655,0.24627990461245394,0.8042510121457489,0.18921039090523373,0.8040485829959515,0.15598130866067986,0.5157894736842106,0.17228153547278646,0.6755735492577598,0.08766553134948014
46116,German-Credit-Risk-with-Target_46116.csv,error,,,,,,,,,,,,,
1448,KnuggetChase3_1448.csv,0.8347368421052632,0.07339961748767934,0.7189473684210527,0.20529989174979532,0.7734210526315789,0.06025811414322964,0.7886842105263157,0.0699563465871678,0.6902631578947368,0.10039970901209704,0.8300000000000001,0.03418127404338961,0.8197368421052632,0.025641957863584995
1441,KungChi3_1441.csv,0.862820512820513,0.09936242067361993,0.5108974358974359,0.3754249789533456,0.8865384615384615,0.11053639994085866,0.8134615384615385,0.08490464672632536,0.782051282051282,0.15698949304890505,0.8711538461538462,0.08463534686396082,0.8621794871794872,0.054664952160111226
40496,LED-display-domain-7digit_40496.csv,0.20400000000000001,0.012649110640673516,0.13999999999999999,0.04422166387140534,0.75,0.058309518948453,0.6920,0.05593647190240808,0.6359999999999999,0.06380525927469544,0.20400000000000001,0.012649110640673516,0.20600000000000002,0.0211869981094276
43595,Loan-Predication_43595.csv,error,,,,,,,,,,,,,
45557,Mammographic-Mass-Data-Set_45557.csv,,,,,,,,,,,,,,
1449,MeanWhile1_1449.csv,0.8733846153846153,0.04134522956629395,0.8221538461538461,0.05709698543898437,0.8615384615384615,0.04735197010662075,0.8021538461538462,0.07586693773934788,0.7944615384615384,0.08508247149648411,0.8933846153846154,0.018476489672322516,0.8933846153846154,0.018476489672322516
1442,MegaWatt1_1442.csv,0.8733846153846153,0.04134522956629395,0.8221538461538461,0.05709698543898437,0.8615384615384615,0.04735197010662075,0.8021538461538462,0.07586693773934788,0.7944615384615384,0.08508247149648411,0.8933846153846154,0.018476489672322516,0.8933846153846154,0.018476489672322516
1450,MindCave2_1450.csv,0.7121794871794872,0.09222505401892656,0.5506410256410257,0.13355811919593588,0.6737179487179488,0.13252859548610982,0.7128205128205128,0.0913470910133362,0.583974358974359,0.12186794928665831,0.726923076923077,0.1268518318560414,0.6346153846153847,0.10932990432022248
4534,PhishingWebsites_4534.csv,0.8889210640439235,0.01526682185357008,0.7082370124291197,0.22876091561686132,0.9289922512335022,0.007753864591658992,0.771875577884513,0.02042796589634254,0.9666135353849427,0.02007307115826438,0.5569425511197663,0.00033108798825651187,0.5589328467511638,0.0019390008835129663
1451,PieChart1_1451.csv,0.9064185110663983,0.013352121704842596,0.8268410462776661,0.06526046994093997,0.9121730382293762,0.031549320013039506,0.8796177062374246,0.04530227742707178,0.8497585513078469,0.04236908918369476,0.9120724346076459,0.008716400588214459,0.9120724346076459,0.008716400588214459
1452,PieChart2_1452.csv,0.9785585585585587,0.006824155010998541,0.9678198198198199,0.014297120370694858,0.9584324324324325,0.01933375220060336,0.9221621621621621,0.059621522096204825,0.9543603603603603,0.02211728327042698,0.9785585585585587,0.006824155010998541,0.9785585585585587,0.006824155010998541
1453,PieChart3_1453.csv,0.875588438906196,0.004514419938604009,0.8086275527864313,0.07618963244944506,0.8774316372447213,0.015087210154633069,0.20323641398407752,0.14175041931142035,0.8030806507442021,0.03702733538462821,0.875588438906196,0.004514419938604009,0.875588438906196,0.004514419938604009
1443,PizzaCutter1_1443.csv,0.9228855721393033,0.017865378388003283,0.7965174129353234,0.18501282109640924,0.9168475802804161,0.031908568283931085,0.8895522388059701,0.05536526422718635,0.8593622795115332,0.03541182294373881,0.9213478064224331,0.006110764789080901,0.9213478064224331,0.006110764789080901
1444,PizzaCutter3_1444.csv,0.8782417582417583,0.004428802190780024,0.7709340659340659,0.06470356381980367,0.8782417582417581,0.016897924634949373,0.20955128205128207,0.1822581249183354,0.8072802197802199,0.03084850734823198,0.8782417582417583,0.004428802190780024,0.8782417582417583,0.004428802190780024
1100,PopularKids_1100.csv,0.4850620567375887,0.06995531930532305,0.250886524822695,0.09226462105692369,0.43328900709219853,0.12448375931798063,0.35359042553191494,0.13308244739873848,0.41653368794326245,0.056103415198030165,0.5167109929078014,0.007241610993570731,0.5167109929078014,0.007241610993570731
45558,Pulsar-Dataset-HTRU2_45558.csv,0.9773159063301179,0.003717340886338405,0.9611134774584598,0.004994765726882337,0.9748017837123827,0.0035369739048022202,0.9442417192589099,0.022076759820570672,0.9608339917122327,0.005187766003726349,0.9084255428112831,0.00016316251510288838,0.9084255428112831,0.00016316251510288838
336,SPECT_336.csv,0.7941595441595442,0.01746265484181698,0.7497150997150996,0.10491366760247507,0.8123931623931625,0.08862503045483427,0.576068376068376,0.13904152293539182,0.7636752136752136,0.07552231345718712,0.7941595441595442,0.01746265484181698,0.7941595441595442,0.01746265484181698
40900,Satellite_40900.csv,0.9943137254901961,0.002522909681780224,0.7694117647058822,0.0844741848517096,0.9927450980392157,0.0027806597890434733,0.919607843137255,0.05010987969171962,0.9919607843137255,0.0036331874796567964,0.9868627450980393,0.00453295186520257,0.987843137254902,0.004215559606953503
41946,Sick_numeric_41946.csv,0.9655361879499811,0.008658889010193013,0.954663663284353,0.013671820323862563,0.9541324575807334,0.00812407212481798,0.4003234951510814,0.03810883274734353,0.9366440711268297,0.008271859466986962,0.9387597715183922,0.0007928383168911197,0.9387597715183922,0.0007928383168911197
4153,Smartphone-Based_Recognition_of_Human_Activities_4153.csv,0.33333333333333337,5.851389114294502e-17,0.47777777777777775,0.13405156348780634,0.961111111111111,0.02683588286331379,0.8722222222222221,0.08302411767207366,0.9277777777777778,0.05885277252618777,0.33333333333333337,5.851389114294502e-17,0.3222222222222222,0.0234242789642102
183,abalone_183.csv,error,,,,,,,,,,,,,
1455,acute-inflammations_1455.csv,0.8833333333333332,0.20487876571761973,0.6666666666666667,0.19641855032959654,1.0,0.0,0.85,0.16573815433529218,1.0,0.0,0.6666666666666666,0.11111111111111112,0.8250,0.15932922666333318
46279,algerian_forest_fires_46279.csv,0.9716666666666667,0.033073057924749356,0.9756666666666668,0.028188080836313908,0.9218333333333334,0.06618553234172878,0.9339999999999999,0.05277602336265312,0.8644999999999999,0.10063701427395046,0.53,0.1698910326149175,0.5175,0.15959874454161366
458,analcatdata_authorship_458.csv,0.6278571428571429,0.06987778626900965,0.5137254901960784,0.06995966163342679,0.9976190476190476,0.0050194883494736,0.9822128851540615,0.017787053578981422,0.9892857142857142,0.013101249221602523,0.4662184873949579,0.10000856079223247,0.4423669467787114,0.048853761064074595
452,analcatdata_broadwaymult_452.csv,0.5092364532019704,0.03988597514866102,,,,,,,,,0.41428571428571426,0.019629029231223127,0.41428571428571426,0.019629029231223127
461,analcatdata_creditscore_461.csv,0.99,0.031622776601683784,0.99,0.031622776601683784,0.7699999999999999,0.10593499054713805,0.8700000000000001,0.09486832980505139,0.99,0.031622776601683784,0.76,0.06992058987801014,0.75,0.052704627669473036
1014,analcatdata_dmft_1014.csv,0.8055379746835444,0.005901519295653714,0.8055379746835444,0.005901519295653714,0.8055379746835444,0.005901519295653714,0.5222468354430381,0.1333987281548259,0.7654272151898736,0.01981806867977554,0.8055379746835444,0.005901519295653714,0.8055379746835444,0.005901519295653714
984,analcatdata_draft_984.csv,0.8477477477477479,0.20318927253934854,,,,,,,,,0.9126126126126126,0.010972267811678755,0.9126126126126126,0.010972267811678755
1025,analcatdata_germangss_1025.csv,0.7899999999999999,0.052967495273569004,0.7750000000000001,1.1702778228589004e-16,0.8825,0.03129163892586434,0.6950,0.028382310609877313,0.8225000000000001,0.09162878004935641,0.7750000000000001,1.1702778228589004e-16,0.7750000000000001,1.1702778228589004e-16
852,analcatdata_gsssexsurvey_852.csv,0.7733333333333333,0.0450565488313585,,,,,,,,,0.78,0.031841621957571335,0.7737499999999999,0.030872722588071177
966,analcatdata_halloffame_966.csv,0.9276119402985075,0.013647628581438013,0.9,0.023388376663767498,,,,,,,0.9067164179104477,0.003933181169363609,0.9097014925373135,0.011372268110111898
450,analcatdata_lawsuit_450.csv,0.9517094017094017,0.09882579516323847,0.9289173789173789,0.0999148950317706,0.9243589743589744,0.09715997819646878,0.9435897435897436,0.10062265061717224,0.9401709401709402,0.13648478139035308,0.9280626780626781,0.011847079724477344,0.9206552706552706,0.026911391968278256
986,analcatdata_marketing_986.csv,,,,,,,,,,,0.6841591591591591,0.011169406274166871,,
1008,analcatdata_reviewer_1008.csv,,,,,,,,,,,,,,
728,analcatdata_supreme_728.csv,0.9370534573982849,0.17692660217201703,0.76544851912668,0.22698903339331464,0.9148336678221736,0.20417548383864426,0.9368223560177583,0.10499928288702513,0.9558237547892722,0.09059922368161372,0.7603655050781489,0.0006404842124186221,0.7603655050781489,0.0006404842124186221
748,analcatdata_wildcat_748.csv,0.6856617647058824,0.14182104096541945,0.6856617647058824,0.13765097352821057,0.7536764705882353,0.10179686106517248,0.7084558823529411,0.17842606986841628,0.7610294117647058,0.1413197972071164,0.711764705882353,0.027577614076539615,0.711764705882353,0.027577614076539615
45613,appendicitis_test_edsa_45613.csv,error,,,,,,,,,,,,,
1059,ar1_1059.csv,0.8756410256410255,0.09036213375411886,0.8339743589743589,0.09686112145760842,0.8589743589743589,0.09707535633846621,0.8083333333333333,0.16220890356284925,0.8423076923076923,0.0923116491712862,0.9256410256410256,0.02620463199445452,0.9256410256410256,0.02620463199445452
1061,ar4_1061.csv,0.8209090909090909,0.13069356556773587,0.7472727272727272,0.1691984018055541,0.8118181818181819,0.08097772596737111,0.860909090909091,0.10773995151916348,0.7090909090909091,0.12338953376668081,0.7545454545454545,0.10959479587894018,0.8099999999999999,0.10674669862616333
1064,ar6_1064.csv,0.8027272727272727,0.09141776877674024,0.7918181818181818,0.09981157638537026,0.8427272727272728,0.11403364895758702,0.8118181818181819,0.1523642872626583,0.7418181818181818,0.15146665890660752,0.8318181818181818,0.09440257268754676,0.8518181818181819,0.051076564361723115
949,arsenic-female-bladder_949.csv,0.7854545454545454,0.22578718785757845,0.5971103896103898,0.1244406583695417,0.5167857142857144,0.23671654403995973,0.8693831168831169,0.033841093203575694,0.6831493506493506,0.11195692074062341,0.8425974025974025,0.04509152086617253,0.8568831168831167,0.000821370820822956
950,arsenic-female-lung_950.csv,0.9446103896103896,0.13817012720564098,0.9356818181818183,0.13525215701569873,0.9496428571428572,0.08395094264494625,0.983896103896104,0.019655419760104736,0.9820454545454546,0.023973290587011854,0.9660389610389611,0.005544253040554944,0.9678246753246753,0.0074611774200754365
947,arsenic-male-bladder_947.csv,0.9124350649350648,0.2083069950180743,0.8320779220779221,0.3085988358791536,0.8749350649350649,0.14721016165183357,0.9749350649350648,0.01923717661780981,0.8995779220779221,0.07528019815647645,0.9570779220779219,0.00916763131433601,0.9588636363636363,0.012022294666516714
951,arsenic-male-lung_951.csv,1.0,0.0,0.9535714285714285,0.14682003422210332,0.9928246753246753,0.009263778467742524,1.0,0.0,0.9981818181818183,0.0057495957457606925,0.9767532467532469,0.008603998202449,0.9910389610389612,0.01265280656572359
756,autoPrice_756.csv,0.94375,0.07482618748361654,0.9125,0.10290907529357057,0.94375,0.06878155841341324,0.9375,0.08838834764831845,0.9245833333333333,0.08734443843729219,0.85,0.11486707293408518,0.5475,0.1777365403561625
1547,autoUniv-au1-1000_1547.csv,0.7410,0.003162277660168382,0.6810,0.07936553968120477,0.7299999999999999,0.015634719199411447,0.7130,0.036530048514126626,0.6729999999999999,0.04945255863507524,0.7410,0.003162277660168382,0.7410,0.003162277660168382
1555,autoUniv-au6-1000_1555.csv,0.2860000000000001,0.01837873166945362,0.1370,0.025407785333546012,0.1740,0.018973665961010275,0.2210,0.030349812373573433,0.1670,0.04423422506008969,0.24000000000000005,5.851389114294502e-17,0.24000000000000005,5.851389114294502e-17
1551,autoUniv-au6-400_1551.csv,0.33,0.062137839607690835,0.2150,0.06146362971528591,0.23500000000000001,0.06476453075908482,0.2550,0.028382310609877334,0.1925,0.09721825388726589,0.2825,0.01687371394276381,0.2750,0.011785113019775788
1549,autoUniv-au6-750_1549.csv,0.21600000000000003,0.022487307805641805,0.17333333333333334,0.020846292265881902,0.20400000000000001,0.04402019738458447,0.21866666666666665,0.051524895097562445,0.12799999999999997,0.03985157648259537,0.20933333333333332,0.02089361648629894,0.21733333333333332,0.021818555926459687
1552,autoUniv-au7-1100_1552.csv,0.28909090909090907,0.031724248068611884,0.22454545454545455,0.04695503192371229,0.32999999999999996,0.05571968409451266,0.3372727272727273,0.04913391307581164,0.2381818181818182,0.034230354536831355,0.29454545454545455,0.03789696533542662,0.2818181818181818,0.013551927136362366
1554,autoUniv-au7-500_1554.csv,0.33999999999999997,0.04807401700618652,0.29400000000000004,0.04526465385804788,0.41000000000000003,0.04546060565661952,0.3760,0.05561774297230457,0.29400000000000004,0.040055517028799476,0.3840,0.008432740427115688,0.3840,0.008432740427115688
1553,autoUniv-au7-700_1553.csv,0.4357142857142858,0.02714703393093184,0.39428571428571424,0.058009304125108796,0.43571428571428567,0.06875966227711262,0.43,0.07013107262076329,0.3957142857142857,0.048585432154989366,0.3442857142857143,0.018381199110113135,0.35285714285714287,0.030897387042873026
463,backache_463.csv,0.861111111111111,0.029280348705262728,0.7611111111111112,0.09091064969358204,0.7944444444444445,0.10492011462381698,0.3277777777777778,0.08050764858994132,0.7833333333333333,0.07612890663368323,0.861111111111111,0.029280348705262728,0.861111111111111,0.029280348705262728
1121,badges2_1121.csv,1.0,0.0,1.0,0.0,0.7989655172413793,0.07316994573914333,1.0,0.0,0.8909195402298851,0.0454550512362246,0.7144827586206898,0.012464773987794012,0.714712643678161,0.03902332236618855
11,balance-scale_11.csv,0.44631336405529953,0.10905797510939964,0.41891961085509466,0.09201477641592964,0.854531490015361,0.058575718381658655,0.8415770609318995,0.09569404049394797,0.7042498719918074,0.06892118742797562,0.46080389144905276,0.005911767646500074,0.6434971838197645,0.09422517951021958
481,biomed_481.csv,0.8280952380952382,0.08107522580825112,,,,,,,,,0.7945238095238094,0.10253802396810881,0.7173809523809525,0.10259943465209592
1463,blogger_1463.csv,0.6299999999999999,0.08232726023485644,0.73,0.11595018087284058,0.73,0.0823272602348565,0.78,0.09189365834726818,0.8800000000000001,0.10327955589886445,0.6799999999999999,0.04216370213557838,0.6799999999999999,0.04216370213557838
1464,blood-transfusion-service-center_1464.csv,0.762054054054054,0.004330326165275621,0.5039819819819819,0.06385491416230459,0.770054054054054,0.01507227520270554,0.7473513513513513,0.03669652958976612,0.5712252252252252,0.1801516704171344,0.762054054054054,0.004330326165275621,0.762054054054054,0.004330326165275621
778,bodyfat_778.csv,0.9961538461538462,0.01216260638526299,0.9961538461538462,0.01216260638526299,0.9603076923076923,0.03771794000243933,0.7818461538461539,0.11290859032814214,0.6899999999999998,0.10595733079892523,0.5112307692307692,0.07171442379243982,0.5112307692307692,0.07171442379243982
853,boston_853.csv,0.7969019607843136,0.11080117480188122,0.7732156862745098,0.09917529984810511,0.8185098039215685,0.12477927712359684,0.7245098039215685,0.21630785854047846,0.5564705882352942,0.17074377503257795,0.5869411764705882,0.006010371658562272,0.6681960784313725,0.16044328038761466
15,breast-w_15.csv,0.9099378881987578,0.04512887687921075,0.8499378881987578,0.07060630322183169,,,,,,,0.895631469979296,0.04987976834121856,0.8457142857142858,0.08269826036606633
844,breastTumor_844.csv,,,,,,,,,,,,,,
327,bridges_327.csv,,,,,,,,,,,,,,
45717,bwin_amlb_45717.csv,0.6679245283018866,0.00974335433008155,0.5943396226415094,0.0636743922368446,0.6547169811320754,0.0427025036396678,0.4905660377358491,0.05410267463548821,0.5566037735849056,0.051287756070126055,0.6679245283018866,0.00974335433008155,0.6679245283018866,0.00974335433008155
40663,calendarDOW_40663.csv,0.3583974358974359,0.05773538277971818,0.29326923076923084,0.06890503856214358,0.5835256410256411,0.1523568854195173,0.5258333333333334,0.1483161662974916,0.5608974358974359,0.2342964063929539,0.2506410256410257,0.04087512453058938,0.28320512820512816,0.03535766346280507
820,chatfield_4_820.csv,0.8681159420289856,0.051074249513197625,0.7782608695652173,0.0541205661781778,0.8344202898550724,0.06767704732565981,0.8717391304347826,0.05461421562851185,0.8552536231884058,0.049571741173065086,0.8161231884057971,0.08412704870290802,0.7317028985507246,0.08872682170735721
798,cholesterol_798.csv,,,,,,,,,,,,,,
909,chscase_census2_909.csv,0.5,0.035355339059327376,0.47000000000000003,0.08563488385776752,0.4850,0.08349983366583566,0.5025,0.08775755744600511,0.5450,0.048304589153964794,0.5250,0.06666666666666667,0.5175,0.06129391849477763
908,chscase_census3_908.csv,0.4950,0.042163702135578386,0.48250000000000004,0.08083762875185184,0.49749999999999994,0.0660912668629945,0.5050,0.06749485577105528,0.4575,0.062416611036913344,0.5349999999999999,0.06032320356951285,0.5125000000000001,0.05303300858899106
907,chscase_census4_907.csv,0.4574999999999999,0.04571955574781734,0.48250000000000004,0.07269609495854794,0.4425,0.0745821694508815,0.48999999999999994,0.05676462121975467,0.5075000000000001,0.06775158874725948,0.49749999999999994,0.034258007985157456,0.5125,0.027003086243366097
906,chscase_census5_906.csv,0.5325,0.055339859052946624,0.4875,0.06373774391990981,0.48,0.09264628073124864,0.4600000000000001,0.06258327785172861,0.5025000000000001,0.09010025280517005,0.4750,0.052704627669473,0.49750000000000005,0.08032053840014326
900,chscase_census6_900.csv,0.55,0.05773502691896257,0.4950,0.08482007099999647,0.5725,0.041583249832915475,0.5700000000000001,0.06101001739241042,0.53,0.08482007099999649,0.55,0.067700320038633,0.5650000000000001,0.052967495273569004
939,chscase_whale_939.csv,0.9863636363636363,0.04312196809320517,0.9863636363636363,0.04312196809320517,,,,,,,0.517588932806324,0.03957451968650932,0.500197628458498,0.04370176512877938
786,cleveland_786.csv,,,,,,,,,,,0.5189247311827957,0.06812336906093291,,
1467,climate-model-simulation-crashes_1467.csv,0.9148148148148149,0.009562921842487434,0.8555555555555557,0.035781177151085024,0.9111111111111111,0.022764307301957762,0.888888888888889,0.040945985066116034,0.8481481481481481,0.02276430730195774,0.9148148148148149,0.009562921842487434,0.9148148148148149,0.009562921842487434
890,cloud_890.csv,0.7427272727272728,0.09486832980505139,0.77,0.2203615861490785,0.6936363636363636,0.07832615288583578,0.5909090909090908,0.17612292226327747,0.7609090909090909,0.23613236548855665,0.7036363636363637,0.03716293264668096,0.6763636363636364,0.0859452919290814
27,colic_27.csv,,,,,,,,,,,,,,
897,colleges_aaup_897.csv,0.9440097259062776,0.021988608063161223,0.9061229000884173,0.030503631729168746,,,,,,,0.7002578838785735,0.003590092620389662,0.6847406424992631,0.04989070198847118
987,collins_987.csv,1.0,0.0,1.0,0.0,0.8219999999999998,0.275108059577404,1.0,0.0,0.9140,0.16276772816911017,1.0,0.0,0.8400000000000001,1.1702778228589004e-16
41538,conference_attendance_41538_copy.csv,0.8820,0.023237900077244526,0.8420,0.09981093237828319,0.8616666666666667,0.039220805766050644,0.6705000000000001,0.25934396103140095,0.7718333333333334,0.0713816468440792,0.8740,0.012202003478482094,0.8740,0.012202003478482094
40669,corral_40669.csv,0.75,0.2429563289518875,0.63125,0.16783445050935691,0.89375,0.11803512895179412,0.84375,0.1358167167750552,0.9375,0.10206207261596575,0.75,0.2429563289518875,0.6,0.11858541225631422
796,cpu_796.csv,0.7892857142857144,0.03461718807549904,0.855952380952381,0.08256448040190333,0.7326190476190476,0.15195065734498714,0.9278571428571428,0.04754027876775861,0.9619047619047618,0.04375888492727054,0.7464285714285714,0.022482881705103618,0.7702380952380953,0.08362571534563869
31,credit-g_31.csv,0.7,0.0,0.5960,0.027162065049951178,0.7540000000000001,0.054201270997807596,0.71,0.043716256828680015,0.6110,0.041753243386991316,0.7,0.0,0.7,0.0
1075,datatrieve_1075.csv,0.9230769230769231,0.05128205128205128,0.8846153846153847,0.06537204504606135,0.8769230769230768,0.039722906114947894,0.8076923076923077,0.0830864192103572,0.8384615384615385,0.04366509324596512,0.9153846153846155,0.024325212770526013,0.9000000000000001,0.05191911982388869
35,dermatology_35.csv,0.4480480480480481,0.03331769841971299,0.3087087087087087,0.03582828559156596,,,,,,,0.3801051051051051,0.06141291044718217,0.3363363363363364,0.05052204867508097
37,diabetes_37.csv,0.7175495557074505,0.04223791061255697,0.623838004101162,0.06656896636938761,0.7734962406015038,0.036540402856012844,0.7564935064935066,0.034824118651366746,0.6796650717703349,0.05890507604429617,0.635475051264525,0.043170921714839966,0.6497607655502392,0.046191851282160426
818,diggle_table_a2_818.csv,1.0,0.0,1.0,0.0,0.8999999999999998,0.13120923407123958,0.7935483870967742,0.22255726852464958,0.8806451612903224,0.14269104858093448,1.0,0.0,0.5870967741935484,0.11359236684941296
45712,doa_bwin_balanced_45712.csv,0.6073843058350101,0.059204492028294545,0.5467404426559356,0.07151074204140562,0.6216096579476862,0.06686644102473635,0.5297183098591549,0.03572057328077286,0.584708249496982,0.056833201225764955,0.5325553319919516,0.04191938831244122,0.5154929577464789,0.023892977746477886
45604,dummy_45604-copy.csv,0.7470000000000001,0.04620004810002306,0.6779999999999999,0.053913510984415276,0.9740,0.014298407059684822,0.9230,0.014181364924121732,0.9269999999999999,0.021628170930011095,0.7270,0.004830458915396484,0.7270,0.004830458915396484
944,echoMonths_944.csv,,,,,,,,,,,,,,
1011,ecoli_1011.csv,0.8806595365418894,0.053537711067247355,0.8046345811051694,0.1476824674016414,0.9672014260249556,0.026156616526638393,0.6620320855614972,0.16155050482076883,0.9283422459893046,0.04774574125531014,0.7960784313725491,0.18875753176554833,0.5744206773618539,0.012062306625467496
1472,energy-efficiency_1472.csv,0.15498974709501026,0.01033485388930666,0.057279562542720444,0.02385795917430193,0.5194805194805194,0.06176276783185777,0.507758031442242,0.08267110786777268,0.4998291182501708,0.0713137858389824,0.10683526999316473,0.01407763271061262,0.0963773069036227,0.00707412836466622
188,eucalyptus_188.csv,0.4880044427989634,0.053620574380470666,,,,,,,,,0.2608478341355054,0.04153433390232769,0.2962236208811551,0.01723006114037984
1473,fertility_1473.csv,0.8800000000000001,0.04216370213557838,0.7300000000000001,0.2057506581601462,0.8300000000000001,0.08232726023485648,0.8,0.10540925533894599,0.7999999999999999,0.13333333333333336,0.8800000000000001,0.04216370213557838,0.8800000000000001,0.04216370213557838
285,flags_285.csv,0.3763157894736842,0.033928209834760914,0.1955263157894737,0.044660237130448165,0.6086842105263158,0.10325608466931768,0.5710526315789474,0.11792292896004256,0.37605263157894736,0.11372055137154172,0.3094736842105263,0.008153649149910349,0.2894736842105263,0.047595298127194846
904,fri_c0_1000_50_904.csv,0.6799999999999999,0.03944053188733075,0.6010,0.04817791102892602,0.8089999999999999,0.03381321240777534,0.8470000000000001,0.03497618237219913,0.6290,0.059151406482761563,0.5349999999999999,0.03836954811073779,0.5020,0.03011090610836325
888,fri_c0_500_50_888.csv,0.7140,0.05337498373666157,0.6360,0.06653319973266478,0.8340,0.050815570667092025,0.8,0.06599663291074442,0.63,0.09392668535736913,0.46799999999999997,0.04825856285561028,0.48599999999999993,0.04325634186002224
837,fri_c1_1000_50_837.csv,0.7240000000000001,0.05316640543300504,0.6950,0.03659083066683357,0.6490,0.05152130088074683,0.6750,0.039510898637098994,0.5740000000000001,0.0377712412645741,0.5450,0.007071067811865481,0.5550,0.02321398046197351
766,fri_c1_500_50_766.csv,0.7240,0.027968235951204026,0.7180,0.0635609943282828,0.6180000000000001,0.05202563470700446,0.6319999999999999,0.052662447088350675,0.5660000000000001,0.05738757124441959,0.4780000000000001,0.057696524062450155,0.5140,0.025033311140691475
866,fri_c2_1000_50_866.csv,0.7880,0.04366539438350084,0.7360,0.0414192655120242,0.6980,0.035213633723318,0.7630000000000001,0.049001133773731324,0.5790,0.04408325456829762,0.5750,0.023213980461973517,0.5719999999999998,0.01988857852023504
920,fri_c2_500_50_920.csv,0.7980,0.06425643072011462,0.7660,0.05253570214625479,0.6980,0.06629898608240971,0.7979999999999999,0.05452828012447608,0.5940000000000001,0.09524238085595671,0.5760,0.03502380143083652,0.5899999999999999,0.010540925533894607
806,fri_c3_1000_50_806.csv,0.71,0.023094010767585035,0.7110000000000001,0.04931756504757936,0.6750,0.044284434185288074,0.6790,0.05486346689738081,0.6040,0.04376706016578628,0.5480,0.025733678754158357,0.5380860061347865,0.0559364719024081
937,fri_c3_500_50_937.csv,0.6100000000000001,0.04737556801183965,0.7120,0.06679986693266853,0.6359999999999999,0.05316640543300502,0.6480,0.07315128919650775,0.5500000000000002,0.03559026084010437,0.5240,0.05232377832092956,0.5520000000000002,0.013984117975602032
797,fri_c4_1000_50_797.csv,0.7090,0.034785054261852154,0.7299999999999999,0.04136557881996953,0.6550,0.05873670062235366,0.6849999999999998,0.0485912657903775,0.5449999999999999,0.06041522986797285,0.5600000000000002,1.1702778228589004e-16,0.5500000000000002,0.023570226039551577
805,fri_c4_500_50_805.csv,0.6519999999999999,0.07842901957254796,0.69,0.0767390962214756,0.6440,0.06022181221672649,0.6180000000000001,0.054528280124476074,0.5540,0.06040603354706291,0.5439999999999999,0.02458545188611435,0.5119999999999999,0.039101008796307166
714,fruitfly_714.csv,0.566025641025641,0.12426458367446987,0.5474358974358975,0.16933541614695566,0.6461538461538461,0.10007667452794158,0.5826923076923076,0.07211024039898627,0.5602564102564103,0.0830974087506751,0.6076923076923076,0.026134845899864347,0.6076923076923076,0.026134845899864347
1005,glass_1005.csv,0.7151515151515151,0.08249249400349301,0.574025974025974,0.16301382352453042,0.6545454545454544,0.06031504375945831,0.5941558441558442,0.11395258231165298,0.8268398268398268,0.06966125895989211,0.7151515151515151,0.08249249400349301,0.645021645021645,0.019785438962196353
1026,grub-damage_1026.csv,0.70875,0.14937433816166204,0.5675,0.10198266010927035,0.52125,0.18090191138628106,0.40125,0.09634625217745615,0.5608333333333333,0.18039736660091024,0.6504166666666666,0.11308063467398652,0.6837500000000001,0.02026540718552336
329,hayes-roth_329.csv,0.4375,0.05103103630798288,0.45,0.1661450169781407,0.55625,0.09969571761671166,0.7,0.15252504348102605,0.74375,0.09969571761671166,0.4875,0.07095577652469333,0.3375,0.06038073644245599
49,heart-c_49.csv,,,,,,,,,,,0.7001075268817204,0.08136034924810437,,
51,heart-h_51.csv,,,,,,,,,,,,,,
1512,heart-long-beach_1512.csv,0.2750,0.067700320038633,0.2550,0.08316649966583098,0.38,0.1437590576856522,0.10500000000000001,0.036893239368631085,0.3150,0.08834905520465715,0.2650,0.03374742788552764,0.2750,0.02635231383473649
53,heart-statlog_53.csv,0.7185185185185186,0.09594745297642196,0.3296296296296296,0.17411347071915792,0.8407407407407408,0.042944511434385386,0.8407407407407407,0.0429445114343854,0.5814814814814815,0.08562242412049235,0.7407407407407407,0.06295085819250353,0.5555555555555556,0.0
1513,heart-switzerland_1513.csv,0.2865384615384616,0.07615056061672307,0.22884615384615384,0.10929022431238106,0.3910256410256411,0.13285719279239158,0.11153846153846154,0.12312588057624105,0.326923076923077,0.10781603257728943,0.31089743589743596,0.0824935773183588,0.38076923076923086,0.07645871233606108
55,hepatitis_55.csv,,,,,,,,,,,,,,
41945,ilpd-numeric_41945.csv,0.7135593220338983,0.007615110352460628,0.6191992986557568,0.06609989628512382,0.7118059614260667,0.018086505162718026,0.5573348918760959,0.10066294812139079,0.6465225014611338,0.05019673744301543,0.7135593220338983,0.007615110352460628,0.7135593220338983,0.007615110352460628
59,ionosphere_59.csv,0.8204761904761906,0.06475139970820964,0.7833333333333333,0.06095114086040087,0.8576984126984127,0.06117240793089225,0.8803174603174604,0.05686883149818322,0.8461904761904762,0.04687514172314173,0.6066666666666667,0.07789754303496584,0.7234920634920635,0.07672432023284888
61,iris_61.csv,0.6666666666666667,1.1702778228589004e-16,0.9066666666666666,0.07825251938515114,0.9800000000000001,0.04499657051403685,0.9533333333333334,0.04499657051403685,0.96,0.05621826951410451,0.6266666666666667,0.04661372658534006,0.6066666666666667,0.0733669956409741
1073,jEdit_4.0_4.2_1073.csv,0.7156084656084657,0.04836842583314386,0.6871693121693122,0.09341669459376427,0.689021164021164,0.0860984786882821,0.6793650793650794,0.11790918202052968,0.7,0.08706030827382932,0.5546296296296297,0.10285576460393221,0.5835978835978837,0.11406347466514738
1066,kc1-binary_1066.csv,0.658095238095238,0.1886526467177989,0.6142857142857142,0.12694443824210924,0.6433333333333333,0.15686925034307966,0.6738095238095239,0.13952462213317726,0.5942857142857143,0.16277079303658762,0.7138095238095238,0.18154247976072144,0.5871428571428571,0.0919553278115258
1045,kc1-top5_1045.csv,0.9252380952380953,0.06617543889179764,0.9252380952380953,0.06617543889179764,0.8761904761904763,0.07939681905015745,0.89,0.07268558838851918,0.9033333333333333,0.10905235543421132,0.9452380952380952,0.02894378179176264,0.9452380952380952,0.02894378179176264
1067,kc1_1067.csv,error,,,,,,,,,,,,,
1063,kc2_1063.csv,error,,,,,,,,,,,,,
1065,kc3_1065.csv,0.89512077294686,0.02310713302578914,0.8449758454106281,0.04638041786837585,0.8995169082125605,0.02368956555188247,0.8625603864734298,0.05701267720776345,0.8428019323671497,0.0406794011000321,0.8886473429951691,0.023995450000576363,0.903961352657005,0.010918776890197216
807,kin8nm_807.csv,0.6945797968968701,0.018601059995776385,0.5920396676494237,0.022293452441631844,0.7324180291253463,0.018207631449413945,0.7360816283987016,0.017510467913683058,0.8077398076178565,0.01216146206670892,0.54113776467435,0.01698769376112951,0.5380860061347865,0.025926509357295544
1481,kr-vs-k_1481.csv,0.1604660372540126,0.054054466096766535,0.09965779974920054,0.00016572849254813712,0.1805298424689645,0.09606497726205286,0.19533093714385905,0.12580885235013528,0.2932311077738942,0.035764927128081894,0.14930645179733265,0.03077292666613721,0.1666335951862764,0.0662053188596474
184,kropt_184.csv,0.1604660372540126,0.054054466096766535,0.09965779974920054,0.00016572849254813712,0.1805298424689645,0.09606497726205286,0.19533093714385905,0.12580885235013528,0.2932311077738942,0.035764927128081894,0.19083402893976872,0.016531948843008713,0.1666335951862764,0.0662053188596474
1056,mc1_1056.csv,0.9928165275455371,0.0004432456653114092,0.9777136433959696,0.03894349931390654,0.9762303792325158,0.004322848503219027,0.9617580609513519,0.008846148587960949,0.9914432133520567,0.002965234064445226,0.9928165275455371,0.0004432456653114092,0.9928165275455371,0.0004432456653114092
1054,mc2_1054.csv,0.6786764705882353,0.1107588249352532,0.5525735294117646,0.05862020620526566,0.6639705882352941,0.12691014585566934,0.7327205882352941,0.05998771380359295,0.6213235294117647,0.10272210583184253,0.6772058823529411,0.02231603850998046,0.6349264705882354,0.11484419033051715
1488,parkinsons_1488.csv,0.833421052631579,0.12402311413955913,0.7992105263157896,0.06777756333566831,0.8076315789473684,0.1537239093963541,0.6957894736842104,0.17427773831098167,0.7568421052631578,0.12344570758368709,0.7539473684210526,0.0196636068170701,0.7328947368421053,0.07496023363527062
750,pm10_750.csv,0.5199999999999999,0.03126943839882287,0.5320,0.07435649863252632,0.5060,0.056607812574276745,0.5520000000000002,0.0500666222813829,0.5820000000000001,0.06629898608240971,0.54,0.029814239699997188,0.5260,0.028362729848243534
722,pol_722.csv,0.6639333333333333,0.00021081851067790384,0.6249333333333332,0.026292185385503406,0.8727333333333332,0.00825189839736858,0.6540,0.010620269462532002,0.9709333333333333,0.005939613821258001,0.6639333333333333,0.00021081851067790384,0.6639333333333333,0.00021081851067790384
871,pollen_871.csv,0.5065002705627706,0.008898854014231917,0.4987249729437229,0.028239575634657742,0.4815523538961039,0.021432392020838822,0.48596929112554116,0.014981008473649892,0.5083035714285714,0.026660135685105273,0.4994757846320346,0.005922080096625235,0.5018181818181817,0.0026117927496100827
1003,primary-tumor_1003.csv,,,,,,,,,,,0.7522281639928698,0.014735112023335951,,
446,prnn_crabs_446.csv,0.5449999999999999,0.10124228365658296,0.5449999999999999,0.09846036991827951,1.0,0.0,0.5750,0.1550089603144856,0.86,0.1308094458023239,0.5799999999999998,0.13784048752090222,0.55,0.12472191289246472
952,prnn_fglass_952.csv,0.47186147186147187,0.02147601163944765,0.3556277056277056,0.14268595716562085,0.6168831168831169,0.09460192440452389,0.41601731601731606,0.12671656187238528,0.6502164502164502,0.12430014765050748,0.35,0.08174351632529175,0.3787878787878788,0.09704117649982638
470,profb_470.csv,,,,,,,,,,,0.666681299385426,0.006621365871048268,,
752,puma32H_752.csv,0.6553966764942375,0.012595093221064798,0.4902351171863367,0.014656882272930829,0.6456307513624586,0.017804464192250857,0.6458746538014831,0.017115845305612123,0.5513919413919414,0.020748543765150437,0.5036621102474761,0.0011511725317713572,0.496580303165669,0.014784343108065078
816,puma8NH_816.csv,0.698729563119807,0.01979274604220257,0.5826360225140712,0.026219748058084878,0.8270264153190983,0.007678149788561628,0.8272701688555346,0.007670655260227413,0.7454845290211144,0.01590132745496234,0.698729563119807,0.01979274604220257,0.49755889097352507,0.007764084953082916
721,pwLinear_721.csv,0.8300000000000001,0.09486832980505139,0.43499999999999994,0.2135025370653317,0.8450,0.09264628073124866,0.8350000000000002,0.09442810316143528,0.8399999999999999,0.04594682917363404,0.5650,0.10287532908007307,0.5399999999999999,0.15238839267549945
1495,qualitative-bankruptcy_1495.csv,0.9840,0.027968235951204037,0.9840,0.027968235951204037,0.9840,0.027968235951204037,0.9840,0.033730961708462695,0.9960000000000001,0.012649110640673528,0.6279999999999999,0.0681175454637056,0.5920000000000002,0.061967733539318656
42172,regime_alimentaire_42172.csv,,,,,,,,,,,0.7971428571428572,0.012738033427135819,,
42665,ricci_vs_destefano_42665.csv,error,,,,,,,,,,,,,
717,rmftsa_ladata_717.csv,0.8772156862745097,0.11586809684159259,0.8005490196078432,0.09705020978040317,0.8379607843137254,0.09600233525574672,0.8301960784313727,0.0978743712180582,0.7989411764705883,0.08300932525805985,0.6179215686274511,0.07418022510693614,0.6297647058823529,0.06843944368755457
1519,robot-failures-lp4_1519.csv,0.6765151515151515,0.07258069544507469,0.6765151515151515,0.1817848594604855,0.5992424242424242,0.13026240459790148,0.8636363636363636,0.15987062415499406,0.8878787878787879,0.09365929785715019,0.6848484848484848,0.06509080250039867,0.6242424242424243,0.05418417578612664
1520,robot-failures-lp5_1520.csv,0.3584558823529412,0.0918913375993503,0.4452205882352941,0.10054174311600285,0.39338235294117646,0.1446286126659993,0.5750,0.11074526467798383,0.6819852941176471,0.08900214829429465,0.2919117647058823,0.05071219991579822,0.36617647058823527,0.042032705908769084
1498,sa-heart_1498.csv,0.6578630897317299,0.09622279270542206,0.588714153561517,0.10505428997875867,0.7250693802035153,0.06229342383379614,0.6993524514338576,0.03930789017570756,0.5629047178538391,0.0616990378535638,0.6601757631822387,0.020337563772927274,0.6256244218316374,0.033936165974983244
182,satimage_182.csv,0.4248833592534992,0.005327208949161274,0.49782270606531887,0.028876972684963066,0.839035769828927,0.010706001258716104,0.7961119751166408,0.01561160208617775,0.9066874027993779,0.011451903594802755,0.419751166407465,0.006283167973509883,0.4188180404354587,0.011119720956382886
466,schizo_466.csv,0.5411764705882354,0.0972517393540176,0.7058823529411764,0.1885821966830524,,,,,,,0.5617647058823529,0.09347205048276887,0.5294117647058822,0.02401460532140371
1499,seeds_1499.csv,0.6523809523809524,0.02300218531141178,0.6095238095238096,0.08922837665114411,0.9666666666666668,0.07462005887963911,0.8904761904761905,0.1167503209424336,0.8761904761904761,0.12130141698122414,0.6142857142857142,0.09642122253007898,0.5666666666666667,0.10396522472262104
36,segment_36.csv,0.28528138528138525,0.001368951368038248,0.6359307359307359,0.027413229781796646,0.9173160173160173,0.014494804044845787,0.7965367965367964,0.01847943502866623,0.9645021645021646,0.014108983043671364,0.2593073593073593,0.004764090626037278,0.1571428571428571,0.04517539514526255
1500,seismic-bumps_1500.csv,0.6523809523809524,0.02300218531141178,0.6095238095238096,0.08922837665114411,0.9666666666666668,0.07462005887963911,0.8904761904761905,0.1167503209424336,0.8761904761904761,0.12130141698122414,0.619047619047619,0.08399210511316159,0.5857142857142857,0.1167503209424336
826,sensory_826.csv,0.593738656987296,0.17439602381842148,0.5311857229280097,0.08791244702460452,0.5208106473079249,0.13018488904985356,0.4583182093163944,0.12226283730416088,0.4726255293405929,0.11211740678316807,0.5850574712643679,0.005277393463415435,0.5850574712643679,0.005277393463415435
747,servo_747.csv,0.7727941176470587,0.021423307238639385,0.7069852941176471,0.09349213221980229,0.9341911764705882,0.05235152977828704,0.9283088235294118,0.054730178120986794,0.8698529411764706,0.10294409426303705,0.7727941176470587,0.021423307238639385,0.7727941176470587,0.021423307238639385
38,sick_38.csv,error,,,,,,,,,,,,,
902,sleuth_case2002_902.csv,0.700952380952381,0.13837410267188524,0.619047619047619,0.0785353452498602,0.6533333333333333,0.13249547784845242,0.6338095238095238,0.1542780388710712,0.6252380952380954,0.08789265997511185,0.45619047619047626,0.05951005132003226,0.5652380952380953,0.1300435030027161
934,socmob_934.csv,0.911776611694153,0.047711056355055244,0.877998500749625,0.04639256410706429,0.8581334332833583,0.22164909701645807,0.9177211394302848,0.07101503962797369,0.8918665667166416,0.07241698544998536,0.7785607196401798,0.003483943040066661,0.7785607196401798,0.003483943040066661
40667,solar-flare_40687.csv,error,,,,,,,,,,,,,
40,sonar_40.csv,0.7111904761904762,0.15815789699843635,0.6197619047619047,0.13531245626831842,0.6626190476190477,0.14900378854159393,0.6071428571428571,0.22911366459160637,0.6057142857142858,0.15982243233208288,0.5378571428571429,0.15615550808719902,0.5433333333333332,0.13461590236320603
42,soybean_42.csv,,,,,,,,,,,0.16698635976129583,0.02266931277065111,,
737,space_ga_737.csv,0.7280365107354008,0.05917291923560242,0.6157016906959859,0.04798244083689468,0.8281246758634996,0.057953995367103696,0.5512602427134115,0.144205532684936,0.4786069909760398,0.0570670145423919,0.484065968260554,0.07775110054028532,0.5365449642153304,0.06537941136712114
44,spambase_44.csv,0.7720140526266152,0.055839021861601126,0.3957837404508158,0.0380218657367668,0.8832877487503537,0.01874694832058995,0.8217730830896915,0.08133116403283386,0.7883150995001416,0.040422022135695804,0.6059553899839669,0.0009413499567878371,0.6237814769404886,0.04051504257331839
46,splice_46.csv,0.6238244514106583,0.01386259055529948,0.24043887147335422,0.001514250443697964,0.9473354231974923,0.01415873327979463,0.7426332288401254,0.04505220752351825,0.7294670846394984,0.04119339084030661,0.5188087774294672,0.0016521826855634251,0.5188087774294672,0.0016521826855634251
40982,steel-plates-fault_40982.csv,0.49003172085646307,0.06439750597124178,0.2989188474755485,0.07637082168115314,0.6389214908802539,0.09887994986360156,0.41942902458366377,0.12146750952609588,0.32254559873116573,0.06830905617093198,0.3353846153846154,0.06299665238980502,0.3194052339413164,0.0637630426360481
841,stock_841.csv,0.8242105263157894,0.23957744683442567,0.8189473684210526,0.1962278937172269,0.7336842105263158,0.3288170502094807,0.6936842105263159,0.23356142393465734,0.8368421052631578,0.20157887102436983,0.6978947368421052,0.1999722972503692,0.7031578947368422,0.1997104706411711
770,strikes_770.csv,0.7303123399897593,0.23112116020883894,1.0,0.0,0.5984639016897082,0.22193935579493598,0.559984639016897,0.16828321576138444,0.5974398361495136,0.1891749247132599,0.4715565796210958,0.19223053535183204,0.5248591909882233,0.04564188903884718
43097,students_scores_43097.csv,error,,,,,,,,,,,,,
41146,sylvine_41146.csv,0.9121695297270955,0.010879870760606418,0.8684553179824561,0.013436296553862238,0.8838766295077972,0.013251227953413113,0.8924623842592592,0.011844713611354566,0.7486366197612085,0.027229214384402577,0.5043006822612085,0.010972227684349448,0.4992149427387914,0.01594473679005883
1004,synthetic_control_1004.csv,0.9733333333333333,0.019563129846287775,0.9650000000000001,0.049347595536005436,1.0,0.0,1.0,0.0,1.0,0.0,0.7966666666666666,0.0819515062870479,0.8333333333333334,0.0
48,tae_48.csv,0.37666666666666665,0.09434635429046125,0.5091666666666667,0.17437941109071817,0.5349999999999999,0.14325363848179073,0.5016666666666667,0.1375378735718517,0.64,0.3358424086633344,0.3766666666666667,0.0832221480492178,0.3766666666666667,0.0832221480492178
1115,teachingAssistant_1115.csv,0.3441666666666667,0.023586588572615325,0.7825,0.17242147971371397,0.6350,0.15917418054787158,0.42333333333333334,0.14911260141662933,0.70875,0.09966088333276335,0.35125,0.03424956068926153,0.3441666666666667,0.03929352976612667
41526,test_dataset_41526.csv,0.6900388169520003,0.0745338895951986,,,,,,,,,0.5536771406224783,0.024334598880730775,0.5127679218032914,0.0037860404796221272
4329,thoracic_surgery_4329.csv,0.8425531914893618,0.017942000908756785,0.7765957446808511,0.05954913341754137,0.825531914893617,0.028011939940612064,0.1723404255319149,0.015699250795162167,0.7851063829787234,0.06457406887994348,0.851063829787234,0.0,0.851063829787234,0.0
40690,threeOf9_40690.csv,0.6113499245852186,0.0523002852505133,0.5859351432880844,0.13204533233752408,0.806447963800905,0.059293278151620145,0.804449472096531,0.0684149199798239,0.7987556561085972,0.03738594765013946,0.5349924585218703,0.06091291510343087,0.5349924585218703,0.06091291510343087
40705,tokyo1_40705.csv,0.8873793859649123,0.02186628526569497,0.8780263157894737,0.03828847305485653,0.9291008771929825,0.024918495950663113,0.8749013157894737,0.033921257685499216,0.9155592105263158,0.027915959876911273,0.8852960526315788,0.02455528121360644,0.820625,0.03151048840671356
788,triazines_788.csv,0.5649122807017544,0.06992863248644529,0.5915204678362574,0.11489446430903189,0.7266081871345029,0.09316280767114879,0.5330409356725146,0.07357286573738059,0.7359649122807018,0.11817954822084459,0.5862573099415205,0.018608073189119684,0.6029239766081871,0.07165963507192036
1507,twonorm_1507.csv,0.6667567567567566,0.014792342884161295,0.5836486486486486,0.0243364167473155,0.977837837837838,0.0073796927626206725,0.9787837837837838,0.00659106142737177,0.9470270270270271,0.007822808413006274,0.6766216216216216,0.025727385892689497,0.6645945945945947,0.021193203027321274
1508,user-knowledge_1508.csv,0.5534756097560976,0.03268258554608851,0.7069512195121952,0.08311601646179888,0.9134146341463415,0.025595233977823612,0.8365243902439025,0.05147010096689342,0.7773170731707317,0.07030628534495248,0.36500000000000005,0.06251194611194216,0.3475609756097561,0.043693041730886686
1047,usp05_1047.csv,0.6445238095238095,0.13672486455120636,0.6445238095238095,0.13672486455120636,0.309047619047619,0.1885243915468576,0.7838095238095237,0.11432318609676119,0.6795238095238095,0.158114679750594,0.5516666666666666,0.01323518296160693,0.5716666666666667,0.036377441033906686
54,vehicle_54.csv,0.39718487394957985,0.022723098719688993,0.3308543417366947,0.06108612453087345,0.7802521008403361,0.040877274921928074,0.4631932773109244,0.05913703453636317,0.6513445378151261,0.02943148450416694,0.3924089635854342,0.027705364267152477,0.3712044817927171,0.027372599087344664
44153,vehicle_reproduced_44153.csv,0.39718487394957985,0.022723098719688993,0.3308543417366947,0.06108612453087345,0.7802521008403361,0.040877274921928074,0.4631932773109244,0.05913703453636317,0.6513445378151261,0.02943148450416694,0.30854341736694674,0.030020743321947495,0.3606022408963585,0.031085009192883612
719,veteran_719.csv,0.6346153846153847,0.10451602848039383,0.5967032967032967,0.0876139633694623,0.7027472527472527,0.1608690539762206,0.6708791208791209,0.12259986253851411,0.6818681318681319,0.13185414048688932,0.6862637362637363,0.03145174483154337,0.6862637362637363,0.03145174483154337
925,visualizing_galaxy_925.csv,0.8049242424242424,0.19063827342177483,0.8180871212121212,0.16144125365096387,0.9227272727272726,0.09545696712763724,0.8255681818181818,0.2265190751943315,0.8418560606060606,0.1372434672735069,0.8049242424242424,0.19063827342177483,0.5323863636363637,0.20401956104789185
923,visualizing_soil_923.csv,0.8384870745022479,0.17958981502976554,0.5265600246199957,0.05119762410294865,0.9186797527296082,0.1335791788613346,0.6915660458146008,0.22146897257505652,0.9379957450224792,0.10208252343617408,0.6915660458146008,0.22146897257505652,0.5069964943266966,0.11743706794873382
56,vote_56.csv,,,,,,,,,,,,,,
1016,vowel_1016.csv,0.9282828282828282,0.03852240332650124,0.9262626262626263,0.03750847795726228,0.9343434343434343,0.03875711930377556,0.9363636363636363,0.03956766207521236,0.9848484848484848,0.020891706474732076,0.9282828282828282,0.03852240332650124,0.909090909090909,1.1702778228589004e-16
1497,wall-robot-navigation_1497.csv,0.6992297610646234,0.030809981708940618,0.686403199247236,0.0302688147126437,0.6279480458379542,0.041822600411280664,0.515405114762913,0.03299001247276623,0.7817424471552913,0.07066380498636202,0.4781926941559968,0.03852244066083574,0.4822263669052659,0.04994459330793098
940,water-treatment_940.csv,,,,,,,,,,,0.8481857764876632,0.001402165142350232,,
60,waveform-5000_60.csv,0.5724,0.015313030036177962,0.47859999999999997,0.01611210724889826,0.8622,0.01647759421490624,0.8,0.012649110640673504,0.7682,0.015068731421943489,0.5258,0.011093541664710457,0.3398,0.016850980848471565
1510,wdbc_1510.csv,0.8928884711779448,0.03233365013611678,0.8577380952380953,0.03326329119877229,0.9560463659147869,0.027773871277620973,0.9367794486215537,0.029982874313937462,0.9156954887218045,0.03171387988991527,0.706203007518797,0.09518515673164492,0.8560150375939848,0.08494735147960669
1511,wholesale-customers_1511.csv,0.9136363636363635,0.0658698943008611,0.8795454545454545,0.053622237482382984,0.831818181818182,0.0695980853203385,0.8931818181818183,0.05873044679792214,0.8750,0.0653889261425457,0.8272727272727274,0.0983098678636869,0.6772727272727271,0.009582659576267808
40983,wilt_40983.csv,0.9460632582174086,0.000650395180668437,0.9080313296716458,0.01815633366252045,0.9377987954074911,0.04227809474890177,0.888611553137245,0.04169879949070399,0.9782933798744076,0.014159966805660746,0.9460632582174086,0.000650395180668437,0.9460632582174086,0.000650395180668437
847,wind_847.csv,0.8158100974772499,0.03312483766269975,0.7442929313958169,0.011073706686194866,0.8477411833284755,0.019513091670775504,0.808338075344779,0.016930631840093458,0.7838514848278766,0.019382223528745926,0.7785244710922355,0.02680835734581098,0.6966856809759754,0.09169353563145109
187,wine_187.csv,0.6196078431372549,0.09631995292972285,0.642156862745098,0.10166673144486987,0.9774509803921569,0.029125941127316323,0.9777777777777779,0.028688765527462363,0.7480392156862745,0.10056596266349803,0.6745098039215687,0.07123550037506979,0.64640522875817,0.089375085377023
753,wisconsin_753.csv,0.5144736842105264,0.13325973268696656,0.45394736842105265,0.10844780513640781,0.5618421052631579,0.10391867988151313,0.5702631578947368,0.09969212378355284,0.5547368421052632,0.09672062047014848,0.46421052631578946,0.07259215813003492,0.4992105263157895,0.07809530445173021
40693,xd6_40693.csv,0.6690721649484537,0.0032354713321278983,0.6464548706080371,0.033584757646280924,0.8140122028192721,0.017328283457175707,0.7914054281506416,0.02623750629165503,0.9927835051546392,0.009780240186087787,0.6690721649484537,0.0032354713321278983,0.6690721649484537,0.0032354713321278983
181,yeast_181.csv,0.4070333756575367,0.013563594474252165,0.30862506802104117,0.06256164653691422,0.5849038635951388,0.03531634711418925,0.13947941229820424,0.03233741180274,0.4865091601668783,0.030767977288982992,0.2891075639397787,0.026298864692814915,0.31200344639941957,0.005071162913862098
62,zoo_62.csv,0.6036363636363635,0.011499191491521382,0.5436363636363637,0.0742022154567911,0.9200000000000002,0.09189365834726813,0.96,0.05163977794943222,0.9800000000000001,0.04216370213557838,0.5036363636363637,0.1194723631070082,0.4536363636363637,0.0796514445385637
