ids,Datasets,attr_conc.mean,attr_conc.sd,attr_ent.mean,attr_ent.sd,class_conc.mean,class_conc.sd,class_ent,eq_num_attr,joint_ent.mean,joint_ent.sd,mut_inf.mean,mut_inf.sd,ns_ratio
40981,Australian_40981.csv,0.038967032449029104,0.1008925346931619,1.8984507695284931,1.0399920683242911,0.07118395514214274,0.1411555510727459,0.9912308989033523,9.856004527649759,2.7891103977792615,1.0516284310402566,0.10057127065258349,0.11487015790614286,17.876670814735554
1447,CastMetal1_1447.csv,0.19094978974072246,0.1565145968667955,2.4309614048392394,0.3688102890065848,0.010172463110790264,0.004021099967612731,0.5531453183526465,15.67086242977135,2.948809028452266,0.35929615260235487,0.03529769473961985,0.017237300806149856,67.87025973712132
1446,CostaMadre1_1446.csv,0.19864988744838952,0.19752594079055588,2.4115574470510817,0.4008136344814364,0.011103207010295992,0.003656224035083879,0.5529740500544369,14.746498609775774,2.9270328294768615,0.39155636678116623,0.03749866762865718,0.01658173081514883,63.31048353323691
41430,DiabeticMellitus_41430.csv,0.03961433742802624,0.07383613827936515,0.776175928668286,0.5008129231308425,0.012737084475334602,0.0540077086812189,0.9361169611318012,60.84666721133006,1.6969080379415538,0.46446169753247774,0.01538485185853351,0.08386386355607914,49.45065989619945
4340,Engine1_4340.csv,0.0641358596250751,0.05406456853397833,2.8055707810813333,0.003764703310497273,0.04384924755273534,0.035365012305058084,0.9358519011792976,4.283800004668323,3.5229596587395884,0.18385671097881495,0.21846302352104247,0.1828638667421916,11.842314163115567
46116,German-Credit-Risk-with-Target_46116.csv,error,,,,,,,,,,,,
1448,KnuggetChase3_1448.csv,0.2503633210762084,0.17717481740361124,2.0681422841799666,0.4357104953167062,0.01906501144571664,0.023622962358294967,0.6921053253628725,16.684380178382316,2.718765377780965,0.43298675553997723,0.041482231761874044,0.01932905359228097,48.85609974053465
1441,KungChi3_1441.csv,0.2897850637915677,0.22434928575783084,1.7572880267545419,0.40503632246261184,0.03286932771026834,0.04722612323758654,0.5576611106650715,9.824100456005594,2.258184539667137,0.3970262103550321,0.05676459775247579,0.03391906239373772,29.957464622884565
40496,LED-display-domain-7digit_40496.csv,0.03955166472358566,0.043906423431920256,0.8785894823665015,0.10123629349066145,0.5681657119102904,0.08097077633463282,3.3123077024871854,7.848075615368265,3.768843694950893,0.0417308352193486,0.4220534899027929,0.10517043439913189,1.0817017354100251
43595,Loan-Predication_43595.csv,error,,,,,,,,,,,,
45557,Mammographic-Mass-Data-Set_45557.csv,0.5,0.0,0.0,0.0,0.500000005551115,0.0,0.9960589654112921,113511813.92029928,0.9960589566363556,0.0,8.774936555155932e-09,0.0,-1.0
1449,MeanWhile1_1449.csv,0.1297838911811968,0.1110720440208297,2.2589445496054554,0.6128650621485662,0.015491210638352385,0.009243310103743255,0.4899405783929423,10.475007662071407,2.7021127919583057,0.5972698954104316,0.046772336040092,0.02742838760122299,47.29659454403023
1442,MegaWatt1_1442.csv,0.210790564464781,0.22237080407026522,2.2589445496054554,0.6128650621485662,0.015491210638352385,0.009243310103743255,0.4899405783929423,10.475007662071407,2.7021127919583057,0.5972698954104316,0.046772336040092,0.02742838760122299,47.29659454403023
1450,MindCave2_1450.csv,0.16899112799377897,0.17763878689988807,1.8681255263367518,0.2526042394139214,0.03648798758007079,0.019251386106257214,0.9358415530325216,13.285927674497103,2.733528523932237,0.25411838781632506,0.0704385554370365,0.02945912296126766,25.521349206353737
4534,PhishingWebsites_4534.csv,0.02262471504035991,0.06417974864512245,0.8349962447495505,0.3582633438876272,0.041168699065148646,0.08832812549547535,0.9906239227414301,19.057489479881895,1.7736393478878953,0.3049238254679643,0.05198081960308496,0.12376967983803945,15.063545190811018
1451,PieChart1_1451.csv,0.1137630680765451,0.1559718661760555,2.6511213280783084,0.48983540879741566,0.008632423804752706,0.006023295651144855,0.42476250104906466,11.475086665895134,3.0388677687335552,0.47940630474376805,0.037016060393817544,0.023023439331036556,70.62083970775834
1452,PieChart2_1452.csv,0.07611923338764777,0.10281185229035153,2.628722313288586,0.702226601672,0.004001954053034398,0.002466100041063958,0.1496523493705478,8.385893788219201,2.7605289382617197,0.6939638135419783,0.017845724397414227,0.010750670209038336,146.30263982276207
1453,PieChart3_1453.csv,0.088098671238413,0.12476392235173957,2.8971432077260397,0.5530281207943233,0.00875255205382546,0.007422705034994999,0.541933067099493,12.30609320470075,3.3950384914214156,0.5387208951930067,0.04403778340411744,0.027853214819889328,64.78767103557631
1443,PizzaCutter1_1443.csv,0.14911183861811242,0.13897763672004942,2.641610192681838,0.5065351228472547,0.009041625831682153,0.006001626504724519,0.3974707552319077,10.403373569963405,3.0008749993761015,0.4963632405785991,0.03820594853764401,0.021756200954982728,68.14133253566735
1444,PizzaCutter3_1444.csv,0.07782671919969894,0.08116786556586165,2.879202541642817,0.5618951261130744,0.008855175545959647,0.007419049394791825,0.5344106667605463,12.02261996117291,3.369162775096278,0.5472523377776003,0.044450433307085084,0.02890216862160848,63.773329019132255
1100,PopularKids_1100.csv,0.07276337720711347,0.14730659709327532,1.6745487512442252,0.6961258932461654,0.01618344580734643,0.014337730425732291,1.465322403044941,50.62884198865217,3.11092871070388,0.6827718091651005,0.028942443585286325,0.021564335532826735,56.85789117320859
45558,Pulsar-Dataset-HTRU2_45558.csv,0.08278827462858787,0.1138232155131208,4.700437176373516,4.278171052370309e-06,0.017875018521256607,0.007963968455505193,0.44170349773740286,2.1491262412604395,4.93661366073345,0.07236310579216507,0.20552701337746848,0.07236325297820907,21.87016727937728
336,SPECT_336.csv,0.060165875798463955,0.10106268746658385,0.8636629313475083,0.1243479610933827,0.05055145707270286,0.026383833112947692,0.7337524087989602,17.02282308772734,1.5543113024073953,0.12150876544830437,0.04310403773907287,0.02119609985767104,19.03670599435785
40900,Satellite_40900.csv,0.10088026248451998,0.048018646766464106,4.004543533240864,0.04998805843240091,0.0036123650808955513,0.0028318731151506333,0.1105808447698871,5.45855823599309,4.094866126657724,0.05442434607331761,0.020258251353027626,0.01264743034315678,196.67468886905579
41946,Sick_numeric_41946.csv,0.05647533736784518,0.1661716164314397,1.0148520117904232,1.4515397844089162,0.05737536004588482,0.1535077313809164,0.33235055553211046,24.729902309329283,1.3337633490282206,1.4343232484845938,0.013439218294312962,0.034567503084154044,74.51421441080954
4153,Smartphone-Based_Recognition_of_Human_Activities_4153.csv,0.23837322420164336,0.16484984060923585,2.321928094887362,4.474922420667749e-16,0.26138456592696796,0.06835926884786084,2.584962500721156,2.9913801185478075,4.0427535089529965,0.2068166607131589,0.8641370866555232,0.20681666071315893,1.6869904448539979
183,abalone_183.csv,error,,,,,,,,,,,,
1455,acute-inflammations_1455.csv,0.10743062316399002,0.12663304982868848,1.1122714794209871,0.44016708387926495,0.2290103700603612,0.20763417515854113,0.9798687566511527,3.560654883781493,1.8169468268163371,0.3401049004884728,0.27519340925580266,0.26842922132634245,3.041780951182188
46279,algerian_forest_fires_46279.csv,0.16645929220078529,0.1733416360155143,2.2603644610521165,0.7328005982564445,0.13281525536560482,0.13020268546474745,0.9882282914687799,2.7141681339665213,2.8844928726713124,0.6671068829767136,0.3640998798495839,0.30786566732497794,5.20808900564843
458,analcatdata_authorship_458.csv,0.021515179575470535,0.015493198200318447,2.8939566006532362,0.38307798019991973,0.05577091822684961,0.03474280681278571,1.7874160492261657,6.8275440021895255,4.419577771859876,0.37550668236635315,0.26179487801952783,0.16488523329734536,10.054290376289828
452,analcatdata_broadwaymult_452.csv,0.2645921236402994,0.29485838498963285,1.4864142165407113,2.337340595588092,0.27832194026823476,0.23419065083795004,2.475263408944046,8.985492113592832,3.686204298297748,1.8775686976903605,0.2754733271870089,0.4848585828356662,4.395855314629566
461,analcatdata_creditscore_461.csv,0.04027959883992442,0.032984463752299784,1.3686621181158671,0.7288689975241626,0.07758212690741388,0.13228460308342332,0.8414646362081756,5.20144974786222,2.0483517344742377,0.6689908379431976,0.16177501984980533,0.30627500778823774,7.460280946876448
1014,analcatdata_dmft_1014.csv,0.022473281951758364,0.040238092715962986,2.0169752831826293,0.9646252289899776,0.0021991242189442436,0.0017191950231464934,0.7107483185701137,125.9265042130737,2.722079449848331,0.9603045769729934,0.005644151904411587,0.004810926691459152,356.35666178759635
984,analcatdata_draft_984.csv,0.13955031408390176,0.21782182251257676,2.494143912680429,1.7026619007948158,0.1276075213635332,0.24826895603570723,0.4278385440590877,19.636878792148483,2.9001949543269565,1.6860320633650077,0.021787502412560222,0.025073742804238727,113.47589840506849
1025,analcatdata_germangss_1025.csv,-5.7583348917066146e-08,2.838347975194701e-08,1.7287712379549451,0.6781316593688036,0.03015289269908113,0.03425444209279728,0.7691928290130138,9.60684301312407,2.4178968869419912,0.6232007142196035,0.08006718002596758,0.09192325753885675,20.591508997747468
852,analcatdata_gsssexsurvey_852.csv,0.07795226021242489,0.15398735885981554,0.9195534004859963,0.7988561900777011,0.07337151199899021,0.1614019744053879,0.7603971182966424,45.16892151484088,1.663115998656963,0.7942063174469245,0.01683452012567542,0.019931277014244866,53.623083617544026
966,analcatdata_halloffame_966.csv,0.09784810871228933,0.09738548742434329,3.1528072494325103,0.8826326962432675,0.05367766414627097,0.11959058234128696,0.44733604448548564,3.6468313617648085,3.4774789861642623,0.8434173352695126,0.12266430775373353,0.0694461572076215,24.702727282024288
450,analcatdata_lawsuit_450.csv,0.07841967526465567,0.06206208194063875,2.1394563120131473,0.7963615341636686,0.042884209398952225,0.025593480169042327,0.37323155189232515,4.085900762259693,2.4213416532143666,0.7660762754407985,0.09134621069110616,0.06668650801277545,22.421401893154325
986,analcatdata_marketing_986.csv,0.2944980487272883,0.2442467737872021,0.44747725655399806,0.7523447950295952,0.36039691105719307,0.22674828114613885,0.8999049782658519,473.2759447424026,1.3454807965822577,0.7490505778231114,0.0019014382375923573,0.004516454665556183,234.3362037783586
1008,analcatdata_reviewer_1008.csv,0.5,0.0,0.0,0.0,0.500000005551115,0.0,0.9858472054350103,115048414.92506959,0.9858471968660334,0.0,8.56897686141167e-09,0.0,-1.0
728,analcatdata_supreme_728.csv,0.008881275431617545,0.01698611134999716,1.0558062451952848,1.2941353967303653,0.013039087496810837,0.02286245877588391,0.794432350758128,7.7668980554765055,1.7479542161297368,1.042215381168071,0.10228437982367582,0.26219799754297457,9.322262764024666
748,analcatdata_wildcat_748.csv,0.2863149692249695,0.3132101749988324,1.7281023051054483,0.7012290689099562,0.07983321085385178,0.07557525771884376,0.8665718875829345,6.0299821444711545,2.450963669701596,0.6676373032160473,0.1437105229867866,0.08756161408465295,11.024883558904994
45613,appendicitis_test_edsa_45613.csv,error,,,,,,,,,,,,
1059,ar1_1059.csv,0.2726162988447327,0.23010320318441455,1.7810885798873664,0.4553534230511084,0.015039145025960897,0.008584331744811248,0.3820609539404418,10.491308314859186,2.1267326311428194,0.4451530390222479,0.0364169026849889,0.02244277333451502,47.90829391214354
1061,ar4_1061.csv,0.19197706470906456,0.16849664835958195,1.8470487646493126,0.4286910033150348,0.05528030758571103,0.01821403638498079,0.6949749673676273,5.942316113450117,2.4250701815663693,0.398531968026429,0.11695355045057068,0.047477488875278764,14.793011477919606
1064,ar6_1064.csv,0.19060904383902247,0.18313920418781654,1.7784659187999545,0.43530214323408206,0.022413978157452906,0.017813494548267965,0.6061112071230007,15.279767179229555,2.344909557692798,0.4392592790470599,0.039667568230156915,0.024960579915074093,43.83425624885903
949,arsenic-female-bladder_949.csv,0.13978070506796847,0.27945700245579075,3.5879031112268667,1.225969807375174,0.008597727773707178,0.005335026203833586,0.5923330028993273,7.978342342552032,4.105993498621949,1.1769335744883453,0.07424261550424494,0.056274463616035234,47.326733734504856
950,arsenic-female-lung_950.csv,0.13978070506796847,0.27945700245579075,3.5879031112268667,1.225969807375174,0.012286609547948295,0.007835390163544665,0.21401923999367883,3.1084807158365706,3.7330722409710817,1.162706067499738,0.06885011024946341,0.06742769346358056,51.111799069411504
947,arsenic-male-bladder_947.csv,0.14703033073610153,0.28178731806601093,3.587857019291802,1.225999285669217,0.010982821819796998,0.0067757629462337375,0.2555855667489857,3.6420034220992874,3.77326539587174,1.1601808666423403,0.07017719016904811,0.06951312257688994,50.125686432430555
951,arsenic-male-lung_951.csv,0.14703033073610153,0.28178731806601093,3.587857019291802,1.225999285669217,0.017670408129732987,0.011785338374625002,0.15935006268563445,2.1202558089019683,3.672051026742687,1.1694869990071062,0.07515605523474933,0.06527798867296121,46.738761808149185
756,autoPrice_756.csv,0.15648018572172653,0.09870501671909221,2.243884484321616,0.14047220530625523,0.10462925912833995,0.06222627621056579,0.9244571409964927,2.641692318159008,2.8183927934114674,0.20757841080640813,0.34994883190664144,0.2243278486546483,5.412035931356486
1547,autoUniv-au1-1000_1547.csv,0.009530759821630713,0.042133247835692514,0.9592123537944506,0.07292952564119239,0.0051445631252922275,0.0075232116129703075,0.8252336065126468,220.29496779414856,1.7806999210090786,0.07520183199228578,0.003746039298018711,0.005515203169380912,255.06040873671037
1555,autoUniv-au6-1000_1555.csv,0.007516159864923515,0.002686341778718811,3.003707981532157,0.5302553894961826,0.007913824647316565,0.004201543822774584,2.9216026617368103,67.12658139239046,5.881786861763419,0.5196238913169977,0.04352378150554835,0.025098640740698716,68.0130286852315
1551,autoUniv-au6-400_1551.csv,0.01416802685032294,0.005235319839434528,2.6794239894186838,0.43660670932390633,0.01976454525546813,0.00644569732479458,2.768970628984972,33.10979214314969,5.364764657302922,0.4191180149718003,0.08362996110073326,0.03482671336153541,31.039043832524165
1549,autoUniv-au6-750_1549.csv,0.010927151401193408,0.00239140735261046,3.0026481961668816,0.5300484886305292,0.0097412966231642,0.0030555111386566694,2.893653383238954,52.79865906060455,5.841496146186073,0.5164045413787578,0.05480543321976218,0.021819256250843907,53.78741832268124
1552,autoUniv-au7-1100_1552.csv,0.007870038277165838,0.010361554600747164,2.1560868625806235,1.0446430316674014,0.022013616296540153,0.02390341983993791,2.2806595148216537,55.16227840673474,4.3954018285421785,1.0388552919887444,0.04134454886009945,0.02866834400936546,51.14924148468353
1554,autoUniv-au7-500_1554.csv,0.010637535029938344,0.01359249716869927,1.9091875371225726,0.8184946749475486,0.02023285942384175,0.018914316989648496,2.1481751825663387,58.157443564632075,4.020425484299962,0.8100813965374681,0.03693723538894911,0.029262712659137026,50.687342515454304
1553,autoUniv-au7-700_1553.csv,0.019356330617941408,0.08376383350098614,1.9939727536725529,0.9175609129917881,0.0075986785564351005,0.009422376704511482,1.5824160258653346,66.04176020605067,3.552427939897511,0.8993481066703993,0.023960839640375837,0.039782369553569064,82.21798332611671
463,backache_463.csv,0.0292434212752922,0.03535185246218294,0.9706159859628365,0.8413803893735582,0.016040267317539363,0.02319769106254051,0.5813214987637029,36.44394408669044,1.5359863709453057,0.8341962744561806,0.015951113781233275,0.01676900455989116,59.84941774440734
1121,badges2_1121.csv,0.1006131430493891,0.22526180563621948,1.4605239255195488,0.8661152550102157,0.12070834799621281,0.3139173869862462,0.8631205685666311,8.14892756147347,2.217726192315123,0.9757153825976613,0.10591830177105706,0.26837177253428857,12.789155425437983
11,balance-scale_11.csv,-6.250002346150688e-08,0.0,2.3219280948873626,0.0,0.0437559133543309,0.0,1.318116246441582,9.73829735250785,3.5046904700382786,0.0,0.13535387129066612,0.0,16.15450081144063
481,biomed_481.csv,0.15498214293734633,0.20441424653423537,1.642677975763057,1.0459255547477828,0.16853447023393514,0.20702341860593093,0.9417258626620666,6.813191175125894,2.446182872881079,0.9502573329811053,0.13822096554404484,0.13140890146741152,10.884434241197722
1463,blogger_1463.csv,0.06729467356297802,0.07710203414836717,1.290794890140875,0.6081902379375783,0.027828370562697786,0.028431616660744678,0.9043814577244939,18.40308297543171,2.1460334157310164,0.5728063052478922,0.04914293213435226,0.04142893102859432,25.266135008223774
1464,blood-transfusion-service-center_1464.csv,0.22206201045932894,0.3660123071894243,2.8825407662002718,0.26857768785511843,0.010159305490259429,0.008808436508002898,0.7916446298452328,20.080307416122693,3.634761466250007,0.29642159929744066,0.03942392979549769,0.02791534888642555,72.11652544920737
778,bodyfat_778.csv,0.09675824615459602,0.06476411651062708,2.5820517171575026,0.003474959591896218,0.0518617141270315,0.04920142647459784,0.9998182469603429,4.496651672577688,3.3595226889091347,0.24306295289912017,0.22234727520871125,0.2446458960055074,10.61269781576501
853,boston_853.csv,0.11628479066955207,0.11004958521684496,2.358732294725896,0.7579871152820675,0.04735332964108152,0.027849151234567868,0.978070970973496,5.69915777565174,3.165186509421462,0.7028862205632644,0.1716167562779303,0.1192978219228627,12.74418411047212
15,breast-w_15.csv,0.20511434499075426,0.14735434941187012,1.6732922165223598,0.8517021947086961,0.25839298344429923,0.12106117597862248,0.9293179372497983,2.159788840535681,2.172328304080174,0.6918355660723398,0.430281849691984,0.20975274022394802,2.8888282592449137
844,breastTumor_844.csv,0.14163553922865926,0.2106918704897711,1.0757428178618567,0.8200779045492331,0.12307058126275375,0.21398585282386745,0.9812579903566702,68.36389225089492,2.0426473541062964,0.8135705386354242,0.0143534541122302,0.015311471837574244,73.94661629532396
327,bridges_327.csv,0.3270603782675575,0.2348931453520471,0.4746135960880478,0.7224016350143339,0.42896574294057843,0.1457485141919317,2.3176028118111756,17.48974000799994,2.659704271598107,0.5398472637442081,0.13251213630111633,0.22641601969329356,2.581661343150873
45717,bwin_amlb_45717.csv,0.0492305032741496,0.05362324506884062,2.7625469746223357,0.7140300594709493,0.0025168995088087486,0.001983287654514492,0.9170328332061364,69.88438380514334,3.6664576654659795,0.7121664353379561,0.013122142362492215,0.012042659409370667,209.52560613263003
40663,calendarDOW_40663.csv,0.2054241953331478,0.15031110431956304,1.6270486931140975,0.5285618885484166,0.07066946891185491,0.03466052837171795,2.2764258958309638,13.395151316408995,3.7335305665104395,0.4562641381381678,0.16994402243462178,0.125075012417278,8.574027199103341
820,chatfield_4_820.csv,0.2303102355283402,0.09628625516134265,2.584753573810202,0.00015608725921927434,0.09411691590236398,0.0306975589749021,0.9684069022981412,2.3500999978315833,3.1410899671122654,0.14503257886975618,0.4120705089960775,0.14499440857496695,5.272600240447701
798,cholesterol_798.csv,0.1482115335592772,0.20703156022872543,1.3362176019783076,0.9783524687262909,0.12273535081006647,0.21524897334750648,0.9933820990862128,90.47705532598835,2.3186203196566373,0.9713245729358251,0.010979381407883605,0.010052796105513379,120.70244864786768
909,chscase_census2_909.csv,0.015267876360251993,0.0028550172076015202,2.8073099035576257,3.087715851075065e-05,0.003078230210570164,0.0016289533928265224,0.9998376907209824,74.29325289107173,3.793689606482773,0.007207656983405182,0.01345798779583575,0.007188814150713978,207.5980420064194
908,chscase_census3_908.csv,0.014307770648715372,0.0028062512348383142,2.807246128441767,0.00016350481658901738,0.002454999693658653,0.00195215813215582,0.9988455359952018,93.0877083722791,3.7953615094738606,0.00855037438120755,0.010730154963108442,0.008563766461798412,260.62214227971685
907,chscase_census4_907.csv,0.015197375999593175,0.002862777929018825,2.807300863651253,3.382423245623888e-05,0.0017625974018953068,0.0009498677476909041,0.9993506898146104,130.4820877854952,3.7989926425243286,0.004138583327936533,0.007658910941534623,0.004131691070207881,365.54047619579075
906,chscase_census5_906.csv,0.015197375999593175,0.002862777929018825,2.807300863651253,3.382423245623888e-05,0.0026790347149522374,0.0016559775428762616,0.9991161687869753,85.7304275565505,3.7947628718646333,0.007196576951998593,0.011654160573594792,0.007201040818409921,239.884004122257
900,chscase_census6_900.csv,0.013771225610760964,0.0025820052789110905,2.807275250583196,2.5833684258901495e-05,0.0013051523208460019,0.0005870289629855742,0.9777945702913884,172.27875925722446,3.7793941672159033,0.0025910842838243113,0.005675653658681575,0.002591826397863131,493.6170819089958
939,chscase_whale_939.csv,0.2687047306533999,0.23855255575636317,1.0804872567771846,1.26153602820893,0.36945209719300737,0.3397744409185063,0.9995003941817587,8.502229992842825,1.9624302107317158,1.3051775670496364,0.1175574402272272,0.32094481430049326,8.191143110029504
786,cleveland_786.csv,0.14683013470466397,0.20836354072601093,1.403299634404688,1.03458063012606,0.16674555081021003,0.19777321570644957,0.9950837594929732,14.644139086872922,2.3304324031572787,1.012180524673615,0.06795099074038236,0.0631789411823017,19.651643472958604
1467,climate-model-simulation-crashes_1467.csv,0.012910118081953715,0.0030050926115430315,2.9291946900944055,0.31639943453124336,0.0033632193541377415,0.00405122956781028,0.4201910370851764,23.650594036278346,3.3316191105592714,0.31380320706354364,0.017766616620311225,0.02305006308992326,163.87070964010553
890,cloud_890.csv,0.13535293169648113,0.11879446802108608,1.8570721622057487,0.3779333444703254,0.005339827157217909,0.004767480164074065,0.876716288999464,75.72349378336882,2.722210587517259,0.37293315385465753,0.011577863687953835,0.01017602007985459,159.39851670891028
27,colic_27.csv,0.4583333236082497,0.13871918394139093,0.017647226250561913,0.08277282812280534,0.4773856856405176,0.106070562506355,0.9503376699710266,11262.565697830765,0.9679005160105896,0.082377086610578,8.438021099881949e-05,0.00039574151222732107,208.13939467168203
897,colleges_aaup_897.csv,0.2464193733185805,0.2374037562609765,1.99206379499921,1.8313902206614106,0.24301635040762276,0.22730724190216658,0.8809748061658637,4.129411030156558,2.6596970859387574,1.7152166049931128,0.21334151522631623,0.2778834248077482,8.337440923703928
987,collins_987.csv,0.0544975811640408,0.08294913890565771,2.710771647252996,0.6323359318098837,0.04646127278863905,0.10844563869604384,0.6343095546405662,6.65526461345277,3.2497717601985783,0.5947921853850604,0.09530944169498387,0.15187217638477307,27.441795472144328
41538,conference_attendance_41538_copy.csv,0.028588692431085208,0.02637968895186434,1.5226135498121074,0.7518768045094895,0.004923176526112867,0.004277286374467036,0.5464106505273411,32.80763871122689,2.0523692177807566,0.7388096248422209,0.01665498255869165,0.016414840472427673,90.42090329104
40669,corral_40669.csv,0.009511797723858705,0.01613870648276175,0.9993231012719326,0.0016580564913041276,0.13622422941300225,0.07844173899487197,0.9886994082884974,9.753915523132449,1.8866581491716516,0.06001703801870884,0.10136436038877839,0.0588534516416805,8.858722507980858
796,cpu_796.csv,0.1730786098156491,0.0933119193961343,2.495725174175875,0.8654619810812205,0.116418648788851,0.053045370758346,0.8169164036868143,2.1231200637886434,2.9278699308795924,0.9059957165743578,0.384771646983097,0.09674526961385176,5.486250205139236
31,credit-g_31.csv,0.01656511121728156,0.044691275040252866,1.6539835401904466,0.8348399686737193,0.008086880779137728,0.012902492312581145,0.8812908992306927,53.249240172485344,2.518724139428576,0.8284519092749073,0.01655029999256343,0.02183121044585065,98.93677099107768
1075,datatrieve_1075.csv,0.2576021186977042,0.24327614753267957,2.1554068975034926,0.4685845250684223,0.019678503906201114,0.022397939540504976,0.41823656965418116,9.993224866105033,2.531791454893569,0.47611426193361694,0.04185201226410443,0.014617010101466932,50.500675377373405
35,dermatology_35.csv,0.13396000078706466,0.2162595670438931,1.1626417430076472,0.4738094441138071,0.3877686710174029,0.22846618807212057,2.432597273889607,5.580562112003796,3.1593335964276767,0.4907295137459633,0.43590542046957725,0.23759513264172874,1.6671880834957187
37,diabetes_37.csv,0.028840438796475666,0.03211053699372291,2.958105757854844,0.34168940624694744,0.01248981695807782,0.008523298017724572,0.9331343166407832,12.954877983803843,3.8192105024836493,0.3357632924270967,0.07202957201197768,0.05160877219809383,40.06793467220582
818,diggle_table_a2_818.csv,0.3984763994665835,0.2864305007815168,2.650659944651609,0.19000906676562201,0.11709974731249065,0.050911922418846296,0.9969954265557697,1.6912193265701267,3.058142579523686,0.29197368587510425,0.5895127916836924,0.2439960121238053,3.4963569612817507
45712,doa_bwin_balanced_45712.csv,0.04206629575198038,0.049605633190384725,2.7565318074273133,0.7322608574014744,0.0038467752269226467,0.003804839669301269,1.0,58.65857359323281,3.7394840011350152,0.7314328575734154,0.01704780629229903,0.013173274228314753,160.6942238880621
45604,dummy_45604-copy.csv,0.007730753824372353,0.0011667974819080092,3.169912745358521,7.118984746492738e-06,0.013719352671998744,0.007762901831897673,0.8457365854914222,10.283193321594613,3.933404782970504,0.045472970599186494,0.08224454787943965,0.04546875170851744,37.54252746340367
944,echoMonths_944.csv,0.3897890553570425,0.20769505847901462,0.17752961452102667,0.35645100670137425,0.4355708737165671,0.1605165352172095,0.9998292601233935,25.713262143967604,1.1384750778501673,0.276466448506959,0.03888379679425296,0.11236875429329998,3.5656450541698543
1011,ecoli_1011.csv,0.04676261379505299,0.06651145763494531,1.8753794109758803,1.2060738248120255,0.055221826668141585,0.04108829990505609,0.9839667997071854,4.303797903251396,2.630718653853823,1.0675118756026225,0.228627556829243,0.20100819137097875,7.202770641408556
1472,energy-efficiency_1472.csv,0.20803476235286986,0.3198119201096552,2.4137213358028027,1.1100910556745656,0.40133206229546353,0.2878535842546485,4.66954863375672,3.9921351347608733,5.913582953431893,0.6956914962399591,1.1696870161276298,0.8834634814295662,1.0635617071254473
188,eucalyptus_188.csv,0.305657330109445,0.25849080281285514,1.3834259889073677,1.535290958127255,0.2626248083090131,0.23180963156322912,2.2620836204282746,16.929115989574388,3.5118887149061067,1.372998298175602,0.13362089442953515,0.17219818600056402,9.353365727819734
1473,fertility_1473.csv,0.08569779096328979,0.1525809138843264,1.1962699563880166,0.6209649008806893,0.06723036400183441,0.16255024909201604,0.5293608652873644,36.21793498882956,1.7110148347216623,0.6131286876091494,0.014615986953718685,0.012257007558638315,80.84667653138912
285,flags_285.csv,0.04880780673685361,0.05161718105323316,1.3208559915712264,0.8121538308219538,0.11417174518823185,0.07821231182679014,2.5463397438548068,10.972584831427698,3.635131934327719,0.6250326365296112,0.2320638010983133,0.27252546601395183,4.691779524940423
904,fri_c0_1000_50_904.csv,0.00806771948937592,0.0015042746729335538,3.1699088461299887,5.2517541647754295e-06,0.0025436036468742536,0.005370610112556725,0.99971144175281,65.0703553141758,4.154256741196662,0.03350468902021111,0.015363546686136188,0.033506247409766085,205.3266321825586
888,fri_c0_500_50_888.csv,0.012737279735677065,0.00350246103867681,2.807320320160349,4.485978453382215e-16,0.0040563581223490765,0.006902446930762775,0.9995844639313985,54.90992347236954,3.7887007072925076,0.03216585166410213,0.018204076799239858,0.03216585166410213,153.21382534914233
837,fri_c1_1000_50_837.csv,0.008062399179923766,0.001428706593984927,3.169908846129988,5.25175416477543e-06,0.002977551512702797,0.007906907012199139,0.9936167534536142,53.67679319855334,4.1450144946117,0.051975314311008665,0.018511104971904196,0.05197479265267012,170.24363191398976
766,fri_c1_500_50_766.csv,0.012012540531911286,0.002424966797832632,2.8073195073475357,5.747454520287042e-06,0.004291785253091523,0.011091884205497546,0.9983373765218819,48.83869551154321,3.7852153596627374,0.057225065618222624,0.02044152420667995,0.05722528083694334,136.33415761776465
866,fri_c2_1000_50_866.csv,0.010512270744354235,0.018499298817400353,3.1699088461299887,5.2517541647754295e-06,0.0032157771615897806,0.010020244359059176,0.9805107178796569,47.6382785723726,4.129837151142016,0.06813376843035486,0.02058241286762817,0.06813441153021933,153.0105558331109
920,fri_c2_500_50_920.csv,0.01177896473665007,0.00256030069238956,2.807320320160349,4.485978453382215e-16,0.005466058140720347,0.013384675349411483,0.9765004687578241,37.8314319616081,3.7580089066254594,0.06811448378456117,0.025811882292713407,0.06811448378456118,107.76077491461538
806,fri_c3_1000_50_806.csv,0.008162644511538633,0.0012341301955609855,3.169907806335713,4.266545252634245e-06,0.003285553849267722,0.009092644374028389,0.9912540071703688,48.166372895246866,4.140582020019739,0.06005829164077349,0.02057979348634299,0.06005784865765035,153.03010766066745
937,fri_c3_500_50_937.csv,0.012025957274081782,0.002302455604121793,2.807320320160349,4.485978453382215e-16,0.0045114592540764645,0.009544473891481,0.9881489563064276,47.70829370043915,3.7747569667264407,0.0467474162653336,0.020712309740336235,0.0467474162653336,134.53873784985106
797,fri_c4_1000_50_797.csv,0.008409515650008173,0.004705028178470648,3.1699072864385753,3.56191297357594e-06,0.0029779539104627718,0.008414554258794006,0.9895875212220555,52.92821354922697,4.140798020921331,0.05595662156563505,0.018696786739300572,0.055956381393983276,168.54289154806708
805,fri_c4_500_50_805.csv,0.013129249162726198,0.007817414175839024,2.807320320160349,4.485978453382215e-16,0.004249716135250758,0.009877304472601987,0.9977366703420346,51.23387405190709,3.785582830314317,0.04757079796460164,0.01947416018806596,0.04757079796460165,143.15616863831255
714,fruitfly_714.csv,0.11220961984654317,0.1305172252203167,1.7427670528559083,0.25629480626031464,0.003666223739089124,0.003864583774715377,0.9660780975952254,126.80020930252819,2.7012262505856746,0.2515617204449016,0.007618899865459161,0.009681995714037193,227.74261161468598
1005,glass_1005.csv,0.08646069983674642,0.06958254586990041,2.0168573913192267,0.620017868913917,0.022386596206570436,0.0105166560606154,0.9385750889380636,17.357229661899648,2.9013584657272933,0.6060413826891731,0.05407401452999741,0.031115625123836654,36.298088718757526
1026,grub-damage_1026.csv,0.13064715030767107,0.22634937379793213,2.3332778080577676,0.9933812163057927,0.03214564619046911,0.020662905797522172,0.900122143691371,7.231777640613703,3.1089323328007517,0.9499834448985811,0.12446761894838693,0.07932199824043958,17.746062853707432
329,hayes-roth_329.csv,0.03606470903270312,0.03061526247163292,1.7374254111348286,0.12976730476468012,0.07713122140287906,0.04818810643310544,1.5154656357070957,7.288488955279127,3.044965145464324,0.006570812309562931,0.20792590137760014,0.13438287915441416,7.3559835480987426
49,heart-c_49.csv,0.10811407107402413,0.1802283996056668,1.404403352959116,1.0360981394338526,0.16789368972833757,0.19743307028646914,0.9942646092619051,14.382327233191035,2.32953696602401,1.0135968306627863,0.06913099619701156,0.0645330193775248,19.31510364694884
51,heart-h_51.csv,0.3364672500243636,0.23253826131175878,0.4908184400394642,0.8457995896692442,0.38107202057594763,0.190839613960729,0.9431340036829803,21.742441035709646,1.3905748854191249,0.7943549710400812,0.043377558303319436,0.08800708913715288,10.31503153329644
1512,heart-long-beach_1512.csv,0.08092547644782039,0.15340292401025554,1.3882224127303213,0.8219434351564292,0.0700956357695966,0.13041221228308644,2.174547124921249,39.30388002699418,3.50744301204067,0.7916880101119558,0.05532652561090036,0.035543533768259625,24.091443885224113
53,heart-statlog_53.csv,0.03760162954599229,0.04528780740887436,1.6467194570283366,0.7676955376346029,0.08274641987316356,0.0817256493713008,0.9910760598382222,10.038572325929804,2.5390687230894944,0.7761574102782698,0.09872679377706486,0.06951440766503392,15.679559763145924
1513,heart-switzerland_1513.csv,0.11088813296373373,0.17959452959083158,1.177871993155853,0.7538814359980894,0.11656398985689821,0.18063732110671385,1.9758920795074686,37.266838589937514,3.100743957347154,0.7270076336565482,0.05302011531616698,0.04538923468864304,21.215568301427187
55,hepatitis_55.csv,0.4173300273104195,0.18563156971227657,0.20701533066074587,0.5741251365664692,0.428925392841204,0.16965581428468413,0.7346451526501955,85.54621421537249,0.9330727841428562,0.5542019413738021,0.008587699168085234,0.023670758084582442,23.10602963714474
41945,ilpd-numeric_41945.csv,0.04605663313411034,0.08952377065117334,2.677291134401089,0.697060822916928,0.012177886518128449,0.008552863789426077,0.8640904272487623,15.940221636935382,3.4871733801747227,0.6868994474484641,0.054208181475128445,0.035286080284500344,48.389060129778954
59,ionosphere_59.csv,0.14461704956611365,0.16595545901501046,2.504028746384419,0.6508889657833035,0.06790793627186943,0.11168196240248211,0.9418285354475157,5.884495667623663,3.2858047321071675,0.6203380607936908,0.16005254972476757,0.09179802439451495,14.645041273571977
61,iris_61.csv,0.20922243392447848,0.11995019623784713,2.279010448380773,0.05742641939520074,0.27232594204286165,0.14258948387896486,1.584962500721156,1.8824081456478539,3.0219863138519676,0.38738046925935415,0.8419866352499615,0.42517984298139233,1.7067062028890763
1073,jEdit_4.0_4.2_1073.csv,0.10267640107945754,0.08262940332029063,2.2081480528108095,0.6907167961113044,0.03202489843444573,0.017500814170713613,0.9996540760494435,9.708109313097752,3.1048310926049494,0.6504949620107011,0.10297103625530404,0.06108274777193827,20.44436079419437
1066,kc1-binary_1066.csv,0.21589015705590076,0.23375207965433256,1.8351487344616713,0.7474228120850349,0.09711096826476355,0.12806325209765435,0.9784493292686188,6.104571414670253,2.653316651194555,0.6615848169427404,0.1602814125357351,0.11512073698062794,10.449541811671525
1045,kc1-top5_1045.csv,0.21502611792629134,0.20347609310690998,1.8351487344616713,0.7474228120850349,0.06313493236397559,0.1345181687689377,0.30797532887291956,5.9021493458350145,2.090943864083914,0.7218431441541716,0.05218019925067626,0.03372354771879651,34.16944666396397
1067,kc1_1067.csv,error,,,,,,,,,,,,
1063,kc2_1063.csv,error,,,,,,,,,,,,
1065,kc3_1065.csv,0.3477627187795853,0.1971171755007799,2.069567085688224,0.7465614972163914,0.030052267750881045,0.019826745384035328,0.44931097622048255,6.591587504127119,2.450713757643738,0.7262587195459216,0.06816430426496808,0.026361122136799198,29.361449559338396
807,kin8nm_807.csv,0.0023496220934710274,0.00017384416692172686,4.321927062823218,0.0,0.0021824727984090905,0.0036814062873530644,0.9997770990046065,31.6259020638722,5.290091558431234,0.0548693165072822,0.031612603396590555,0.054869316507282204,135.71531599606698
1481,kr-vs-k_1481.csv,0.00855725747248129,0.02502288854364506,2.5745635363009542,0.6396532113920069,0.057697239568962146,0.050492794191309136,3.5041590205347397,19.998405503403546,5.903500636271159,0.6897968572646075,0.1752219205645352,0.11413746730667337,13.693158983796943
184,kropt_184.csv,0.00855725747248129,0.02502288854364506,2.5745635363009542,0.6396532113920069,0.057697239568962146,0.050492794191309184,3.5041590205347397,19.99840550340353,5.903500636271159,0.6897968572646074,0.17522192056453534,0.11413746730667317,13.693158983796929
1056,mc1_1056.csv,0.2785915477857581,0.2535488204242895,2.1235224248691895,1.1482142583410933,0.005855832182244283,0.006680029497521377,0.06148143263412651,5.561418472637921,2.1739488662386575,1.1450098634777948,0.011054991264659197,0.004969990423387627,191.08720966227315
1054,mc2_1054.csv,0.1634450739104187,0.16574839518052822,2.1036810931595205,0.3657785946039874,0.027020714255848073,0.014798918277512584,0.9075941654188296,13.681252267394635,2.9449367284730457,0.35902761285626644,0.06633853010530488,0.02473159771367692,30.711300956173822
1488,parkinsons_1488.csv,0.16053268229951972,0.16561064929046196,2.319973081433599,0.009000632197165546,0.05106460367040417,0.020259525038955423,0.8051250074646823,5.0393264167699705,2.9653297109687684,0.062288425080283726,0.15976837792951282,0.06251117275240549,13.52085269625215
750,pm10_750.csv,0.0392193807050729,0.04818728215232304,2.7881557773157093,0.03816938693513213,0.0031870629645566815,0.0023000911548466175,0.9998153271549208,68.99299463247952,3.773479555981094,0.0429814048548136,0.014491548489536678,0.011040856699905323,191.3987474029321
722,pol_722.csv,0.257117879796872,0.2455163228412899,0.8315525760599987,1.1810271458502914,0.23201117410055186,0.2491482756087178,0.9210049486251755,49.99997013055287,1.7341374147087005,1.1477130859546023,0.01842010997647353,0.049749954429926455,44.14373568464419
871,pollen_871.csv,0.024549962551800003,0.03866670590207261,3.9068872825814536,1.307374018974085e-06,0.0002314119011642596,0.00011881593623066382,1.0,427.29725258251665,4.90454699138146,0.0012022923356429242,0.0023402911999928834,0.0012023022450837373,1668.4022019966294
1003,primary-tumor_1003.csv,0.17489622232420324,0.23116437551702335,0.44031973681488445,0.43172458390572566,0.25283696641445513,0.24438574588190298,0.8077527023327316,67.40837613874271,1.2360894668732183,0.4211851811418774,0.011982972274397792,0.03215323508913855,35.74545235789697
446,prnn_crabs_446.csv,0.34044984982143855,0.256006241714163,2.132512116744993,0.49939131521226426,0.019952735719949457,0.016232532000311918,1.0,16.383040432611182,3.0714733856185377,0.4744751582078852,0.0610387311264553,0.05079463034439134,33.93703223166648
952,prnn_fglass_952.csv,0.08646069983674642,0.06958254586990041,2.0168573913192267,0.620017868913917,0.17215668455304828,0.15358342702419342,2.1765339923982006,6.175966711718478,3.840971415476929,0.5697344535835459,0.3524199682404983,0.1490519927012112,4.7228805773652525
470,profb_470.csv,0.11704824419066719,0.20620769733054664,2.148454105344459,1.2984901130435318,0.11322941945160947,0.2193032730085443,0.9182958340544894,90.26174133380545,3.056576239883686,1.2916363845588668,0.010173699515262542,0.016196611882896325,210.17727156393374
752,puma32H_752.csv,0.002293115084602041,0.00019427490620032976,4.321927062823218,0.0,0.00028113808862113973,0.0009423853344298655,0.9999559719934967,256.3473082128559,5.317982248890914,0.013184442394080004,0.0039007859258002875,0.013184442394080002,1106.9631502558113
816,puma8NH_816.csv,0.0022502962580412877,0.00018590340660371225,4.321927062823218,0.0,0.0023367233652107577,0.00421251181313668,0.9999860693604422,29.670358823917994,5.2882099311103286,0.061131357146827194,0.0337032010733328,0.061131357146827194,127.23491315912078
721,pwLinear_721.csv,0.009696389204212825,0.008027133580823619,1.5178208436073803,0.18333295443153141,0.060242510894737464,0.1338512455403433,0.9993506898146104,16.815882568983763,2.457742556934139,0.2853563005758472,0.059428976487851636,0.10618025879900411,24.54008050126272
1495,qualitative-bankruptcy_1495.csv,0.10060311280774288,0.1134007829287863,1.544825719334025,0.029447959652405355,0.23998503917975444,0.2165081612078508,0.9849900098451575,2.6501820506123255,2.1581469188732734,0.35734266706564544,0.3716688103059091,0.3541346409534635,3.1564577831067577
42172,regime_alimentaire_42172.csv,0.09449869353482976,0.15414755973790115,1.5797618776401052,0.5841222019538562,0.056757954618842914,0.1135046779187342,0.7278290591587513,10.684702729683936,2.2394721432701683,0.5371338524610239,0.0681187935286882,0.10095711562996229,22.191277998410076
42665,ricci_vs_destefano_42665.csv,error,,,,,,,,,,,,
717,rmftsa_ladata_717.csv,0.05785827558796089,0.053392295207118044,2.8072429984064016,0.00011081724701497744,0.03668659746473888,0.03098775160693283,0.9885202681730657,5.501054044437776,3.6160667465693472,0.164831007704307,0.17969652001012024,0.16480071198208304,14.622133351543491
1519,robot-failures-lp4_1519.csv,0.09691874859170557,0.06781092745273105,1.9779843821201912,0.024326252171706978,0.12468854389050481,0.042394842019606915,1.3446180016388902,4.579010314172608,3.0289542132194502,0.08031050425922417,0.2936481705396316,0.08120774562883265,5.735898876826944
1520,robot-failures-lp5_1520.csv,0.09259094460033014,0.06254374077544561,2.2984967903720355,0.03051727884405204,0.11551116275833506,0.044908867760868144,2.2481483554072255,6.293729100073149,4.189440645925416,0.1350391473268417,0.357204499853846,0.1388006985547211,5.434680389839685
1498,sa-heart_1498.csv,0.029291215613043535,0.02937186646480581,2.581472600863016,0.602054052806346,0.017754670465833317,0.023028121543766975,0.9307388109871576,19.328646388905007,3.4640580754881705,0.6053921956665631,0.048153336362003,0.0404688859197786,52.609423477041
182,satimage_182.csv,0.09127085274396131,0.04373661075817629,4.08936983564161,0.06784721313661382,0.09029382973843608,0.02375722740180403,2.4833618760456604,2.8062258776127322,5.687784460698954,0.1929911620835515,0.8849472509883154,0.14856322064016583,3.6210323056821436
466,schizo_466.csv,0.3756547061055144,0.2162468859873611,0.3530022556258144,0.7745004534622141,0.3963308155531187,0.20617029639850112,0.998776608183713,231.1055123344513,1.3474571295588171,0.7658780950553897,0.004321734250710141,0.010844597782611907,80.68069463498584
1499,seeds_1499.csv,0.2394468069050579,0.20868430233084984,2.3218579864626365,8.744056841708749e-05,0.23474911421157926,0.1025265213226178,1.584962500721156,2.054824476525204,3.135483315163438,0.3380813195239266,0.7713371720203545,0.3380473604186219,2.0101725557722325
36,segment_36.csv,0.14488253445404178,0.17098135624839772,3.1577747977228476,1.2881265312871615,0.14558069411346905,0.11207342663603843,2.8073549220576037,3.2015162623229205,5.08824680180312,1.010604639908846,0.876882917977332,0.5878884096087877,2.60113617563306
1500,seismic-bumps_1500.csv,0.2394468069050579,0.20868430233084984,2.3218579864626365,8.744056841708749e-05,0.23474911421157926,0.1025265213226178,1.584962500721156,2.054824476525204,3.135483315163438,0.3380813195239266,0.7713371720203545,0.3380473604186219,2.0101725557722325
826,sensory_826.csv,0.03823180444044183,0.18789584708221338,1.614080682014861,0.5521252085288224,0.0056947239994418536,0.009922155967261146,0.9790170528907757,102.15147162815119,2.5835137608591876,0.5476868698039048,0.009583974046449032,0.01498925522417096,167.41455060209555
747,servo_747.csv,0.07759179807949229,0.1738377180477628,2.1777629959197107,0.2027160746761364,0.08814619654511152,0.1364473773370134,0.7737069184593455,4.027754540401595,2.7593760539666485,0.44936318275441167,0.19209386041240772,0.24992880492015299,10.336973452687426
38,sick_38.csv,error,,,,,,,,,,,,
902,sleuth_case2002_902.csv,0.04449456286131204,0.043574041998768034,1.3628305288168316,0.7182691678643643,0.022425097277469264,0.021263992028651892,0.9972943816462349,24.81468020690227,2.3199352173728918,0.6769698743229342,0.04018969309017469,0.06404495232953851,32.90995113495921
934,socmob_934.csv,0.034108039993917635,0.08066626821544265,2.3235046751740507,1.2102820310640119,0.08896067721565584,0.08771605357729763,0.7628122983351654,4.532984666799096,2.9180366120241605,1.2096089044379903,0.16828036148505543,0.18359009263498954,12.807343023686071
40667,solar-flare_40687.csv,error,,,,,,,,,,,,
40,sonar_40.csv,0.04197122473694113,0.03723324393241994,2.321727773988792,0.00023852709022345053,0.01715976383621303,0.013992478857284081,0.9967295890208366,19.48223831357863,3.2672964248782974,0.042619056513129444,0.05116093813133069,0.04265764166136248,44.38086788066496
42,soybean_42.csv,0.5,0.0,0.0,0.0,0.50000004762272,0.0,3.835507984576721,-6291963.629856718,3.8355085941651113,4.505726069544845e-16,-6.095883908763255e-07,0.0,-1.0
737,space_ga_737.csv,0.19938316617573312,0.21603673900346673,3.80735325218299,1.0801054215229396e-06,0.005769860937591741,0.0072789835376381095,0.9999532967890264,17.374381101105655,4.749753230038233,0.07479835098649755,0.05755331893378305,0.07479881240469734,65.15349597064025
44,spambase_44.csv,0.02480641192028409,0.030634995692444034,1.1300979537647549,0.9933147378164653,0.04775422066942499,0.04069657302270907,0.9673602371807668,12.449912573695514,2.0197580278757323,0.9496613437367313,0.07770016306978973,0.06953792203435827,13.544344684961718
46,splice_46.csv,0.004385972214029343,0.004376071986571654,1.9780144516767606,0.05832941019488287,0.02814585489171818,0.05166710937859606,1.4801700696136335,26.3135748604443,3.4019333248085846,0.147403288795955,0.056251196481808666,0.09226028001401441,34.163953398154646
40982,steel-plates-fault_40982.csv,0.0996878031149964,0.15097886287895557,3.183745548386633,0.8358552165012322,0.1027910588231827,0.08897518009084103,2.4106904422724416,5.786379412398469,5.177821339171296,0.8161419754669228,0.41661465148777793,0.16520552054427595,6.641943309043786
841,stock_841.csv,0.13018488704147554,0.04683803412361059,3.16813489828541,0.001482450526498737,0.035100351645733524,0.019294655912760517,0.9994596212552502,4.233053561547722,3.931486091730023,0.1487902807002542,0.236108427810637,0.14933813201872823,12.418135589917647
770,strikes_770.csv,0.05105204995678531,0.04617304952701668,2.992398670803723,0.007834907217580227,0.018850791848261262,0.017875753960254565,0.9999538332662392,8.94512883415038,3.880564976823999,0.11342909951218494,0.11178752724596348,0.11069335483722043,25.768627453576443
43097,students_scores_43097.csv,error,,,,,,,,,,,,
41146,sylvine_41146.csv,0.008534823571101541,0.02015293162553513,4.072083740074429,0.02965051076451399,0.003438559950608139,0.009973900190026455,1.0,20.879259589318444,5.024189321418339,0.14688720767684435,0.04789441865609003,0.14776295666042863,84.02209347845674
1004,synthetic_control_1004.csv,0.062453752074907894,0.056335087781493896,2.9999989313053406,5.803663949711227e-06,0.02268522010685608,0.027147586265090187,0.6500224216483541,5.958614569425892,3.540931829864944,0.1199114525077806,0.10908952308875103,0.11991183059566984,26.50033959599087
48,tae_48.csv,0.06873889367898223,0.05220215596810858,1.5437107414741704,0.8342572377747546,0.0474523778599166,0.035385939507296106,1.5845209168501238,29.07526655611683,3.0737344479963364,0.8444535966154196,0.05449721032795738,0.0247890465318229,27.326417667699186
1115,teachingAssistant_1115.csv,0.13061273307567675,0.1513729510485269,2.335458141509099,1.5169875998039064,0.0428585397168407,0.031778287951307986,1.5845209168501238,8.751209876907192,3.738915989465015,1.361293542605092,0.1810630688942084,0.1866500667028674,11.898589180953634
41526,test_dataset_41526.csv,0.12604909974050965,0.2167340178020387,1.325757388731206,1.0228927477972591,0.16834935857296776,0.23651463169218306,0.9995621827889446,205.7424743694492,2.320461254413524,1.018947577945827,0.0048583171066274005,0.009793480744783025,271.88407891751115
4329,thoracic_surgery_4329.csv,0.02349272464724551,0.068292572502577,1.0179319326835519,0.9725412185866774,0.0051050420694924055,0.0038870851878656525,0.6071716548713029,85.29717384709338,1.617985278383677,0.9700311924925629,0.007118309171177693,0.007040448652957125,142.00192759331068
40690,threeOf9_40690.csv,-4.000000473325843e-08,6.663883679989796e-24,1.0,0.0,0.051292498510621606,0.031063933119754264,0.9964308234404787,26.612852393483333,1.9589891088618312,0.022811289455095342,0.0374417145786475,0.022811289455095342,25.708178598484547
40705,tokyo1_40705.csv,0.1813622577279355,0.14186249644231647,2.601926852741145,1.0862758771259498,0.07966851300304657,0.10171876429713143,0.9433390515199497,3.2298086227470675,3.2531931650665338,0.9826618024869188,0.29207273919456134,0.19178807262197048,7.908489234279059
788,triazines_788.csv,0.0650076341741097,0.11838044785964918,0.7238873426873127,0.5626437995653855,0.03606626950263078,0.08869532288478181,0.9785423861930186,42.62086135654305,1.679470493542334,0.5473397690209324,0.022959235337997107,0.024099055046484668,30.529244420840644
1507,twonorm_1507.csv,0.004025127673988682,0.00023714625894478194,4.247925676851625,7.103106444510363e-07,0.00945551367831253,0.00047185329978266635,0.999999525775866,7.57110269546268,5.115844108763165,0.006948962615902845,0.1320810938643271,0.006949081780028568,31.161496793894432
1508,user-knowledge_1508.csv,0.028088714898437478,0.01140326823342346,2.803557470918021,0.0040648796468483695,0.08965628012004385,0.1219537148337362,2.0471020615246407,5.513845474113139,4.479393766810391,0.4736922994678832,0.3712657656322699,0.4698130297128436,6.551349277096773
1047,usp05_1047.csv,0.34179890064453733,0.27580626921189405,3.143725716942241,1.2872837961779136,0.14208770080030936,0.06920868259403341,1.9371544175910276,2.3405402527634225,4.253227452506598,0.8818143442011326,0.8276526820266704,0.5310094319973844,2.79836347445188
54,vehicle_54.csv,0.10442622890112886,0.14497822464724258,3.0929297541798166,0.15781184371987997,0.04526094413507489,0.026507950460239123,1.999066765534363,7.738272393698143,4.833661498170824,0.22519095621146806,0.2583350215433555,0.12855558816748988,10.972553065789961
44153,vehicle_reproduced_44153.csv,0.18952961939394516,0.1755021374102562,3.0929297541798166,0.15781184371987997,0.04526094413507489,0.026507950460239123,1.999066765534363,7.738272393698143,4.833661498170824,0.22519095621146806,0.2583350215433555,0.12855558816748988,10.972553065789961
719,veteran_719.csv,0.026399221856263633,0.046152420364567126,1.5622907032605842,0.8020578462865594,0.017499763481117668,0.018016785197506092,0.8975887507715623,21.071404112778712,2.417281972347135,0.7721538317031139,0.04259748168501127,0.04959650561811113,35.67565878220227
925,visualizing_galaxy_925.csv,0.1477533001229903,0.10945421050594685,2.564403863871691,0.041047844331860706,0.06379262400545153,0.05260203949528153,0.9949536900383766,3.6182151140234193,3.2843728836558994,0.22575130381010264,0.27498467025416795,0.2532854419393264,8.32562481210831
923,visualizing_soil_923.csv,0.045404196982676066,0.0861495801410904,3.4408406548822352,1.762057254667134,0.07602863998196004,0.12375761424275405,0.992759369358745,4.061441068432542,4.189164772656279,1.7833982618098603,0.24443525158470097,0.23276461880939428,13.07669569988323
56,vote_56.csv,0.5,0.0,0.0,0.0,0.500000005551115,0.0,0.9623080486960708,119000285.86930671,0.962308040609468,0.0,8.086602831802736e-09,0.0,-1.0
1016,vowel_1016.csv,0.04672497313930787,0.09109261234540603,3.050227793047553,0.6804876510552583,0.012827510992486149,0.01750077444109457,0.43949698692151334,7.154360976102024,3.428294138100481,0.6718066686473804,0.06143064186858636,0.06558676805159434,48.65319749666072
1497,wall-robot-navigation_1497.csv,0.08515613799865543,0.043880616727972714,3.7917389969817297,0.28195381546567305,0.03795765851200781,0.016536410571679358,1.714632742265977,4.85880602957731,5.153479952288444,0.2879205565891512,0.3528917869592627,0.1335140498959101,9.744764080948823
940,water-treatment_940.csv,0.33994448242622943,0.23029567931766304,0.5602045003373445,1.15928289559333,0.4034214672687828,0.19936550295692065,0.6143331287530932,200.31456918521638,1.1714707871165766,1.153099772893273,0.003066841973860942,0.0068117298278404835,181.66493843244416
60,waveform-5000_60.csv,0.004229875678640604,0.004266451957663576,4.0871452695283015,0.00019025479098752905,0.009164841899658627,0.010615831986917144,1.5848792049207137,12.666623836242538,5.546902008872516,0.14773650206899772,0.12512246557649861,0.14785603325011823,31.665159295709863
1510,wdbc_1510.csv,0.07881208058463039,0.1273656507650199,2.999955970180525,4.8835063889264575e-05,0.05158464086252799,0.03583982015886094,0.9526351224018599,3.1052455419256693,3.6458085500942636,0.22568425948582174,0.306782542488121,0.22569828738894582,8.778770153770036
1511,wholesale-customers_1511.csv,0.061594761127858465,0.15497962354103842,2.3300582844366318,0.8921228487309992,0.03812485185115494,0.04344058387418649,0.9073226451896846,4.939528993804302,3.053694864350103,0.8079648024856503,0.18368606527621317,0.22414187054774748,11.685002974683282
40983,wilt_40983.csv,0.039173269308082646,0.06424084493405295,3.9999866263635697,1.3826772155693619e-05,0.001798560548162418,0.0010886167017027902,0.3028903171988337,13.88359361222937,4.281060522997341,0.009725645810381647,0.02181642056506412,0.00971490323995502,182.34752093883708
847,wind_847.csv,0.03995588919235806,0.037794525980655594,4.107840607417649,0.16204567625288424,0.016841913723101405,0.009332889186907228,0.9969402925875559,4.256244448573624,4.870550863494578,0.14060067105902382,0.23423003651062757,0.14043821408547505,16.537633809109135
187,wine_187.csv,0.07622462753427825,0.05123134107180923,2.3173058075119184,0.008828109443088206,0.1527908582113731,0.07145183132247508,1.5668222768551812,3.1829061453642518,3.3918665456041106,0.23309370719414702,0.4922615387629892,0.23705787175437384,3.7074687438208316
753,wisconsin_753.csv,0.11108762914975262,0.14551481366535696,2.3062917101397815,0.08090570633440335,0.008079431675659903,0.005074675300694931,0.9962401135461777,42.30331475483352,3.2789818933951573,0.07938693194671098,0.023549930290801824,0.015015070913117785,96.93199732062806
40693,xd6_40693.csv,3.823200160472454e-05,4.71727192044422e-05,0.999945054163524,7.11828522271687e-05,0.040443735300015875,0.002199327095722634,0.9158790625676118,31.06019147906409,1.8863368850382807,0.0016399197647459219,0.029487231692855262,0.001606156358648797,32.91112005966331
181,yeast_181.csv,0.00872090637567168,0.010761836825095652,2.4198349137722843,1.5239420058176463,0.13174096998387982,0.1538612673946476,2.4904176362327273,12.681226661948276,4.713866372025436,1.4177807412100285,0.1963861779795767,0.1536922107534099,11.321818870694335
62,zoo_62.csv,0.12985061139408074,0.14505444002890278,0.8494760644691017,0.23417365806703785,0.6447642032916922,0.32155138231661945,2.390559682294039,4.353067926539208,2.6908691078233735,0.2630484140080517,0.5491666389397674,0.2968892891535339,0.5468457190136642
