ids,Datasets,leaves,leaves_branch.mean,leaves_branch.sd,leaves_corrob.mean,leaves_corrob.sd,leaves_homo.mean,leaves_homo.sd,leaves_per_class.mean,leaves_per_class.sd,nodes,nodes_per_attr,nodes_per_inst,nodes_per_level.mean,nodes_per_level.sd,nodes_repeated.mean,nodes_repeated.sd,tree_depth.mean,tree_depth.sd,tree_imbalance.mean,tree_imbalance.sd,tree_shape.mean,tree_shape.sd,var_importance.mean,var_importance.sd
40981,Australian_40981.csv,94,8.361702127659575,2.5393719646467976,0.010638297872340429,0.025436058515729443,9947.277433677433,14015.805177496826,0.5,0.015044825131628652,93,2.657142857142857,0.13478260869565217,7.153846153846154,4.119995021157061,3.8750,4.628010183747391,7.411764705882353,2.82585425056111,0.07991509628725312,0.08356448382996999,0.055643284574468085,0.06971946535717281,0.02857142857142857,0.08813271211327814
1447,CastMetal1_1447.csv,41,7.146341463414634,2.2974004397335275,0.024390243902439022,0.06596043103827284,1523.5238095238094,1378.7870493107116,0.5,0.051739520574625435,40,1.0810810810810811,0.12232415902140673,4.0,1.8257418583505538,1.6,0.7071067811865475,6.246913580246914,2.5422965218357736,0.09453968479864819,0.09843150360398359,0.09541730182926829,0.11581270475877735,0.02702702702702703,0.025845552521882923
1446,CostaMadre1_1446.csv,32,5.71875,1.590990257669732,0.03125,0.0678774498186126,440.5206349206349,448.042080290314,0.5,0.1767766952966369,31,0.8378378378378378,0.10472972972972973,3.4444444444444446,2.185812841434,1.631578947368421,1.1160708020048367,4.825396825396825,1.9554694390571625,0.12011243951952034,0.10912880387735427,0.1378173828125,0.09549773969844012,0.027027027027027025,0.040187157188638356
41430,DiabeticMellitus_41430.csv,6,3.0,1.0954451150103321,0.16666666666666666,0.2626268616544963,18.0,4.898979485566356,0.5,0.0,5,0.05154639175257732,0.017793594306049824,1.25,0.5,1.25,0.5,2.3636363636363638,1.2862913567871994,0.2524478085859489,0.12362330601958614,0.3541666666666667,0.09409658158863513,0.010309278350515464,0.09947582268145831
4340,Engine1_4340.csv,26,5.1923076923076925,1.2006408545183118,0.038461538461538464,0.09516405787440065,221.14285714285708,129.2845947859976,0.3333333333333333,0.25608954301843817,25,5.0,0.06527415143603134,3.5714285714285716,2.0701966780270626,5.0,3.3166247903554,4.313725490196078,1.6430483386490051,0.16477685379104354,0.10833230190889465,0.1622596153846154,0.09668094708289815,0.20000000000000004,0.21225906991945942
46116,German-Credit-Risk-with-Target_46116.csv,error,,,,,,,,,,,,,,,,,,,,,,,
1448,KnuggetChase3_1448.csv,33,8.424242424242424,4.031363781574908,0.030303030303030304,0.058114950281240946,10780.226884226884,19579.2363768012,0.5,0.02142747821777415,32,0.8205128205128205,0.16494845360824742,2.1333333333333333,0.7432233529572065,1.4545454545454546,0.6709817063202619,7.569230769230769,4.107802144887027,0.052464165646028973,0.12283701854860841,0.10664691347064394,0.14420994135630263,0.025641025641025647,0.03654450919582719
1441,KungChi3_1441.csv,13,4.230769230769231,1.3008872711759818,0.0769230769230769,0.1468530423021425,69.99999999999999,38.248311509572986,0.5,0.16317848796612636,12,0.3076923076923077,0.0975609756097561,2.0,0.8944271909999159,1.2,0.4216370213557839,3.44,1.6093476939431082,0.15888394457504434,0.12956672693349294,0.24759615384615385,0.13469048385950544,0.02564102564102564,0.06547873986455216
40496,LED-display-domain-7digit_40496.csv,71,6.380281690140845,0.7628180307835749,0.014084507042253525,0.019849250780299883,1001.7904761904759,336.51516931601486,0.1,0.01812230898180167,70,10.0,0.14,10.0,8.286535263104035,10.0,4.43471156521669,5.432624113475177,1.4847075928517135,0.2032696231896871,0.09788479484504628,0.08296654929577464,0.03951448766719754,0.14285714285714288,0.0313513501546496
43595,Loan-Predication_43595.csv,error,,,,,,,,,,,,,,,,,,,,,,,
45557,Mammographic-Mass-Data-Set_45557.csv,,,,,,,,,,,,,,,,,,,,,,,,
1449,MeanWhile1_1449.csv,24,5.416666666666667,1.6918388932104944,0.041666666666666664,0.09973435952706114,280.83809523809526,246.05073407437519,0.5,0.058925565098878946,23,0.6216216216216216,0.09090909090909091,2.8750,1.246423454758225,1.7692307692307692,1.640825308284734,4.553191489361702,1.997917509703083,0.13286133051141974,0.13008928075152232,0.16341145833333334,0.12012656498758123,0.02702702702702703,0.06262393802476894
1442,MegaWatt1_1442.csv,24,5.416666666666667,1.6918388932104944,0.041666666666666664,0.09973435952706114,280.83809523809526,246.05073407437519,0.5,0.058925565098878946,23,0.6216216216216216,0.09090909090909091,2.8750,1.246423454758225,1.7692307692307692,1.640825308284734,4.553191489361702,1.9979175097030828,0.13286133051141974,0.13008928075152232,0.16341145833333334,0.12012656498758123,0.02702702702702703,0.05941237501242884
1450,MindCave2_1450.csv,23,5.782608695652174,2.467175818975845,0.04347826086956523,0.06096561591676633,681.0049062049063,1249.58738530773,0.5,0.09223131928520183,22,0.5641025641025641,0.1760,2.0,1.4142135623730951,1.4666666666666666,0.7432233529572067,4.933333333333334,2.6577502447815458,0.08396075090294176,0.10525349749190308,0.16164232336956522,0.12467345833004091,0.025641025641025637,0.047663878747831616
4534,PhishingWebsites_4534.csv,572,13.284965034965035,3.9512242221134817,0.0017482517482517483,0.012444534768072946,8352514.64299194,28233182.778410934,0.5,0.06428243465332248,571,14.64102564102564,0.05165083672546359,24.82608695652174,19.210915869305904,14.64102564102564,8.77942325011093,12.297462817147856,4.1755336332905495,0.04325171046724529,0.059650828831758804,0.009958566068769334,0.031446503550035636,0.025641025641025637,0.09774519790801828
1451,PieChart1_1451.csv,48,7.958333333333333,3.100846372678007,0.020833333333333332,0.07707052704958904,6904.763991563992,13109.907331205683,0.5,0.029462782549439494,47,1.2702702702702702,0.06666666666666667,3.357142857142857,1.6919330254585618,1.88,1.452583904633395,7.052631578947368,3.2823461414983615,0.06671726361437345,0.08677201660696657,0.08353932698567708,0.10836335588167098,0.02702702702702702,0.03878823685577172
1452,PieChart2_1452.csv,23,6.0,2.215646837627989,0.04347826086956521,0.14693583474384164,498.5269841269842,658.5577513827964,0.5,0.09223131928520183,22,0.6111111111111112,0.02953020134228188,2.2,1.1352924243950935,1.8333333333333333,0.7177405625652734,5.155555555555556,2.4116719545082446,0.09069590154591681,0.11095316553540968,0.14359714673913043,0.1432041217136402,0.027777777777777776,0.048436296151504944
1453,PieChart3_1453.csv,102,8.931372549019608,2.918903238762598,0.009803921568627453,0.03225355745006692,25435.5805083805,64357.99832491833,0.5,0.0554593553871802,101,2.72972972972973,0.09377901578458682,6.3125,4.269562819149833,3.0606060606060606,1.8360860876364489,7.980295566502463,3.168471835695263,0.06218540874604322,0.08335024465970294,0.050104777018229164,0.07147278660601922,0.02702702702702703,0.03019485237275205
1443,PizzaCutter1_1443.csv,47,8.063829787234043,3.137461278604982,0.021276595744680857,0.08263688082537307,6913.412765012763,12782.591409242334,0.5,0.015044825131628652,46,1.2432432432432432,0.06959152798789713,3.2857142857142856,1.5898026693500449,1.6428571428571428,0.9114207758701963,7.161290322580645,3.3110169283136024,0.06746571202605728,0.08303059776008283,0.08260524019281915,0.11245132684193704,0.027027027027027025,0.03254903840613846
1444,PizzaCutter3_1444.csv,106,9.0,2.7945525240230875,0.009433962264150943,0.0314768353560235,22817.745010545008,47321.65872720918,0.5,0.013341637380878252,105,2.8378378378378377,0.10067114093959731,7.0,4.59813626840888,3.28125,1.8357449924810785,8.04739336492891,3.0562395710997143,0.06761560653584536,0.08159637667676667,0.04720551112912736,0.0723921946923865,0.02702702702702703,0.03358278727076343
1100,PopularKids_1100.csv,222,10.662162162162161,3.060226651590501,0.004504504504504503,0.004095100297952109,215861.04128248774,754686.8404264179,0.3333333333333333,0.17027980334626844,221,11.631578947368421,0.46234309623430964,11.631578947368421,10.372027158102751,11.631578947368421,9.166427429095018,9.688487584650114,3.325824936512695,0.053435626516502334,0.08620416026463298,0.025763554616017384,0.048764607963778794,0.05263157894736842,0.03767957576310973
45558,Pulsar-Dataset-HTRU2_45558.csv,427,12.875878220140516,4.35685783576849,0.00234192037470726,0.011309200383171037,11355398.845184013,53695768.940873295,0.5,0.01490389000159001,426,53.25,0.02380154207173986,17.04,13.318158030798903,53.25,16.32482771731451,11.892145369284878,4.556128485563707,0.04001680737744221,0.0691981723456458,0.014734620930718595,0.03313245676704745,0.12499999999999999,0.2761587100163586
336,SPECT_336.csv,60,7.85,2.962048077523274,0.016666666666666666,0.032850020734607646,9557.339993339994,25212.288134434246,0.5,0.11785113019775793,59,2.5652173913043477,0.2209737827715356,3.933333333333333,2.6040261866871424,2.8095238095238093,1.4703417160322843,6.92436974789916,3.18140695840838,0.06583950643186133,0.09281034852308241,0.07866923014322917,0.08824812818740164,0.04347826086956521,0.039185216350435675
40900,Satellite_40900.csv,41,8.853658536585366,3.8442227797680775,0.02439024390243902,0.122656352040895,15538.162282162284,27467.250301344906,0.5,0.017246506858208492,40,1.1111111111111112,0.00784313725490196,2.6666666666666665,0.9759000729485332,2.0,0.9733285267845752,7.9753086419753085,3.94643924519932,0.05794256385505468,0.1000522214204642,0.08090284394054878,0.12826382456377936,0.027777777777777776,0.10567324441346501
41946,Sick_numeric_41946.csv,57,6.982456140350878,1.6849250520654306,0.017543859649122806,0.07634095702083155,1506.6603174603174,1244.4741093391467,0.5,0.11164843913471806,56,1.9310344827586208,0.014846235418875928,5.6,3.921450978627398,4.666666666666667,4.313474308032982,6.053097345132743,2.0695095518219224,0.1093422005375366,0.08338181979776121,0.08021518640350878,0.08602928879617208,0.034482758620689655,0.10931830900582329
4153,Smartphone-Based_Recognition_of_Human_Activities_4153.csv,8,3.6250,1.3024701806293193,0.1250,0.07046081628389851,32.13333333333333,13.205482267026902,0.16666666666666666,0.06454972243679029,7,0.10606060606060606,0.03888888888888889,1.4,0.5477225575051661,1.0,0.0,2.933333333333333,1.486446705914413,0.19706908487134,0.12184758058765026,0.2890625,0.11899645477912357,0.015151515151515152,0.05074043825778483
183,abalone_183.csv,error,,,,,,,,,,,,,,,,,,,,,,,
1455,acute-inflammations_1455.csv,3,1.6666666666666667,0.5773502691896257,0.3333333333333333,0.22047927592204924,6.0,0.0,0.5,0.23570226039551584,2,0.2857142857142857,0.016666666666666666,1.0,0.0,1.0,0.0,1.2,0.8366600265340756,0.35355339059327373,0.0,0.5,0.0,0.14285714285714285,0.2735506022160966
46279,algerian_forest_fires_46279.csv,7,3.4285714285714284,1.3972762620115438,0.14285714285714285,0.2309996727678597,26.8,12.985461956442759,0.5,0.10101525445522107,6,0.46153846153846156,0.024691358024691357,1.2,0.4472135954999579,1.5,0.5773502691896257,2.769230769230769,1.5358952955766088,0.19060458261114605,0.153253375940726,0.3125,0.1288470508005519,0.07692307692307693,0.2617924750984929
458,analcatdata_authorship_458.csv,32,5.5,1.270001270001905,0.03125,0.07766083632615316,333.29523809523806,238.3044955460746,0.25,0.06750771560841522,31,0.44285714285714284,0.036860879904875146,3.8750,2.5319388392523003,1.3478260869565217,0.7140598174697278,4.603174603174603,1.7183983778946745,0.1368765457195767,0.11581502383801513,0.142333984375,0.08446396088182535,0.014285714285714285,0.054374707629969196
452,analcatdata_broadwaymult_452.csv,110,9.045454545454545,3.4090714483737012,0.00909090909090909,0.018882132538596823,69149.68333104803,180167.0039442787,0.14285714285714285,0.043190361424197125,109,1.058252427184466,0.3824561403508772,6.411764705882353,4.886957431897322,2.2244897959183674,3.612854977498457,8.091324200913242,3.6284891565979973,0.060804790843756056,0.09092355977056425,0.04964155717329546,0.06338082877376719,0.009708737864077669,0.026916191109938873
461,analcatdata_creditscore_461.csv,4,2.25,0.9574271077563381,0.25,0.33476359818036766,9.333333333333332,1.5396007178390019,0.5,0.0,3,0.2727272727272727,0.03,1.0,0.0,1.0,0.0,1.7142857142857142,1.1126972805283737,0.2580005327400437,0.08275120230510061,0.4375,0.07216878364870322,0.09090909090909091,0.285453232978589
1014,analcatdata_dmft_1014.csv,170,10.764705882352942,3.3340525967231938,0.0058823529411764705,0.006542087404790102,135460.92100840335,235287.62585487752,0.5,0.557366521641161,169,9.38888888888889,0.2120451693851945,9.941176470588236,5.792997801605984,9.38888888888889,5.403037151224887,9.799410029498524,3.5652663170175742,0.05788088181696415,0.08085972227908969,0.029091778923483455,0.06215246434575977,0.05555555555555555,0.031948402866387365
984,analcatdata_draft_984.csv,51,8.72549019607843,3.914477903233324,0.0196078431372549,0.04722179730156679,29091.797446997443,61156.111472154735,0.5,0.01386483884679504,50,2.0,0.1366120218579235,3.1250,1.5864005379054391,3.3333333333333335,5.589105048046176,7.821782178217822,4.048199697653169,0.06174943735577444,0.1058049808995538,0.07970473345588236,0.11186036167800555,0.04000000000000001,0.09923162254412897
1025,analcatdata_germangss_1025.csv,84,8.75,2.3891068049171023,0.011904761904761908,0.03065455372041892,8313.104184704183,8368.62170087948,0.5,0.1683587574253685,83,5.928571428571429,0.2075,6.916666666666667,4.166060561977059,6.384615384615385,3.775766181374352,7.808383233532934,2.672785947231314,0.08074310236138012,0.07623500913213392,0.04990931919642857,0.08790373216579946,0.07142857142857142,0.04925765147426001
852,analcatdata_gsssexsurvey_852.csv,47,7.48936170212766,2.3578946064281854,0.02127659574468085,0.04547692644990466,2323.0574314574314,2542.988975731346,0.5,0.07522412565814339,46,4.6,0.2893081761006289,4.181818181818182,2.0404990476930793,5.111111111111111,5.464532103585001,6.580645161290323,2.6056901808106563,0.0868743289682679,0.0899297264266962,0.08311170212765957,0.11187312483265198,0.10000000000000002,0.11025164912174
966,analcatdata_halloffame_966.csv,53,7.056603773584905,2.1431024809447727,0.018867924528301886,0.0878961363756196,2055.3050505050505,2661.051359039424,0.5,0.040024912142634754,52,2.3636363636363638,0.03880597014925373,4.7272727272727275,2.5725827135743993,2.888888888888889,1.8751906221184675,6.133333333333334,2.4458232319714526,0.09605057239603419,0.09364475381783299,0.08844339622641509,0.0902803478694023,0.04545454545454545,0.08893841291418624
450,analcatdata_lawsuit_450.csv,8,3.3750,1.1877349391654208,0.1250,0.30192574666640404,28.8,14.68085893425923,0.5,0.1767766952966369,7,1.4,0.026515151515151516,1.4,0.5477225575051661,2.3333333333333335,0.5773502691896258,2.6666666666666665,1.4474937289114918,0.19060458261114605,0.153253375940726,0.3359375,0.13647139613957834,0.2,0.26285903739235855
986,analcatdata_marketing_986.csv,,,,,,,,,,,,,,,,,,,,,,,,
1008,analcatdata_reviewer_1008.csv,,,,,,,,,,,,,,,,,,,,,,,,
728,analcatdata_supreme_728.csv,49,7.122448979591836,2.1372943669238342,0.02040816326530612,0.10600558780767005,2077.680230880231,3464.5605675708275,0.5,0.27418426209274294,48,6.857142857142857,0.011846001974333662,4.0,2.891995221924885,8.0,6.260990336999411,6.206185567010309,2.427868339416188,0.08049406848223996,0.07876464492147545,0.08596739477040816,0.10029993020898952,0.14285714285714285,0.37034512975399525
748,analcatdata_wildcat_748.csv,41,7.048780487804878,2.448991828408122,0.024390243902439025,0.051939097508253484,1985.7437229437226,3198.3539711404533,0.5,0.08623253429104241,40,6.666666666666667,0.24539877300613497,3.3333333333333335,1.8257418583505536,8.0,6.041522986797286,6.148148148148148,2.683799131413858,0.07941655952621707,0.08670941683745823,0.09859708460365854,0.10955949700673895,0.16666666666666666,0.17972404882328047
45613,appendicitis_test_edsa_45613.csv,error,,,,,,,,,,,,,,,,,,,,,,,
1059,ar1_1059.csv,14,4.571428571428571,1.6508406117111138,0.07142857142857141,0.15494005882149686,102.03809523809522,78.88450375609226,0.5,0.10101525445522107,13,0.4482758620689655,0.10743801652892562,1.8571428571428572,0.6900655593423541,1.4444444444444444,0.5270462766947299,3.7777777777777777,1.887883090687176,0.13318105680701312,0.12789839346659074,0.22879464285714285,0.14827700620816076,0.03448275862068965,0.06040983441753984
1061,ar4_1061.csv,12,3.9166666666666665,0.9962049198956218,0.08333333333333333,0.1221444221129857,51.6,20.240014372973697,0.5,0.0,11,0.3793103448275862,0.102803738317757,2.2,0.8366600265340756,1.5714285714285714,0.7867957924694431,3.130434782608696,1.3916748518532023,0.20605956069785758,0.07141733960860029,0.2708333333333333,0.112542079672315,0.034482758620689655,0.08378980876134576
1064,ar6_1064.csv,17,5.0,1.8027756377319946,0.058823529411764705,0.10410589701499107,168.01904761904763,160.20514569602,0.5,0.12478354962115547,16,0.5517241379310345,0.15841584158415842,2.0,0.9258200997725514,1.4545454545454546,0.6875516509523286,4.181818181818182,2.037991435435657,0.11853437208625138,0.11560321768019768,0.19806985294117646,0.14323055926239223,0.034482758620689655,0.06036204405502134
949,arsenic-female-bladder_949.csv,96,10.8125,3.9371710388899395,0.01041666666666667,0.04484870291483616,122815.93679784269,259126.7175765237,0.5,0.10311973892303816,95,2.0652173913043477,0.16994633273703041,5.277777777777778,2.6525360906910014,4.75,9.909458533192044,9.87434554973822,4.0955587583533495,0.05143254000066041,0.07850827822132132,0.04273724555969238,0.08570032049884138,0.021739130434782615,0.0731053431728982
950,arsenic-female-lung_950.csv,17,5.411764705882353,1.8391174353957038,0.058823529411764705,0.2066836960302116,197.3904761904762,158.8080662458992,0.5,0.20797258270192576,16,0.34782608695652173,0.028622540250447227,2.0,0.9258200997725514,2.6666666666666665,1.9663841605003503,4.606060606060606,2.0300768756902094,0.11590849656280931,0.11768376347274803,0.15854779411764705,0.1299309622299544,0.021739130434782605,0.10592281786731897
947,arsenic-male-bladder_947.csv,27,6.37037037037037,1.8428270119605357,0.037037037037037035,0.1480184823837333,512.8825396825397,392.0032474582216,0.5,0.130945700219731,26,0.5652173913043478,0.046511627906976744,2.888888888888889,1.8333333333333333,2.6,3.405877273185281,5.509433962264151,2.090478795997867,0.10257979637234395,0.10906629517526767,0.10749421296296297,0.1151012226275131,0.021739130434782605,0.08620261238422788
951,arsenic-male-lung_951.csv,2,1.0,0.0,0.5,0.6742180936894988,4.0,0.0,0.5,0.0,1,0.021739130434782608,0.0017889087656529517,1.0,,1.0,,0.6666666666666666,0.5773502691896258,0.5,,0.5,0.0,0.021739130434782608,0.1474419561548971
756,autoPrice_756.csv,11,3.727272727272727,0.904534033733291,0.09090909090909091,0.1904604318786891,42.800000000000004,15.834813965858057,0.5,0.06428243465332248,10,0.6666666666666666,0.06289308176100629,2.0,1.0,1.25,0.4629100498862757,2.9523809523809526,1.3219754338182867,0.20271948824703734,0.10055483804113603,0.2897727272727273,0.10466735728878503,0.06666666666666667,0.21555803843258114
1547,autoUniv-au1-1000_1547.csv,285,9.375438596491229,1.9180646699427342,0.0035087719298245615,0.004429903215716765,38116.84351204352,51776.46158363079,0.5,0.13149705053644564,284,14.2,0.2840,20.285714285714285,17.85595600451471,14.2,5.782004751586462,8.393673110720563,2.343637334643642,0.08819491403347843,0.08213945364637795,0.024731873629385965,0.030122360227096513,0.049999999999999996,0.017635371202063214
1555,autoUniv-au6-1000_1555.csv,357,10.529411764705882,2.7585114332125893,0.0028011204481792717,0.0034522747556155592,243813.55106070405,639699.8889881829,0.1250,0.02441673291184911,356,8.476190476190476,0.3560,19.77777777777778,16.97248831129732,8.682926829268293,3.2972642022610494,9.545582047685835,3.070054848778556,0.05984992276664628,0.07009256380168952,0.019017345097218575,0.03142518695134821,0.023809523809523808,0.014522112311331116
1551,autoUniv-au6-400_1551.csv,128,8.4921875,2.1407044750750392,0.0078125,0.012040777174278658,12465.626906426907,22561.77896974987,0.1250,0.031803140287444215,127,3.0238095238095237,0.3175,9.071428571428571,7.549470543985551,3.2564102564102564,1.942840415446425,7.529411764705882,2.4968715951873,0.07482359993583867,0.07135204548025977,0.043999671936035156,0.05787612888186434,0.023809523809523808,0.025577870616523952
1549,autoUniv-au6-750_1549.csv,276,9.942028985507246,2.6223323856778658,0.0036231884057971015,0.005582052927732819,106270.52746469218,290698.65719606885,0.1250,0.006708841302699653,275,6.5476190476190474,0.36666666666666664,16.176470588235293,13.328706304990964,7.051282051282051,3.332051035408087,8.961887477313974,2.9431583644487627,0.06649506129662344,0.08869008984383013,0.024758822676064312,0.03237258756439004,0.023809523809523808,0.016034874882166445
1552,autoUniv-au7-1100_1552.csv,430,10.63953488372093,2.484041328485521,0.002325581395348837,0.002303373171140927,219491.18126840476,572502.5406397625,0.2,0.043507644032255134,429,28.6,0.39,23.833333333333332,22.18438772703744,28.6,29.168965895769624,9.653084982537834,2.831025933784058,0.06041290056492003,0.06546396083705619,0.0165009432060774,0.027678917863894575,0.06666666666666667,0.06564752225035242
1554,autoUniv-au7-500_1554.csv,171,8.660818713450292,2.0980768300014474,0.005847953216374269,0.0070092572332954295,18178.604773004772,30480.229228295753,0.2,0.04403473823863555,170,11.333333333333334,0.34,12.142857142857142,9.921671252342543,11.333333333333334,11.190982764623275,7.689149560117302,2.4763884123340696,0.07863847007169246,0.09019385190142824,0.037709732501827485,0.04020481129511979,0.06666666666666667,0.07588743004246756
1553,autoUniv-au7-700_1553.csv,209,11.746411483253588,4.36967247530132,0.004784688995215312,0.006261177126896275,1916560.3094757323,6406725.090441748,0.3333333333333333,0.015380623223274268,208,13.866666666666667,0.29714285714285715,9.454545454545455,6.28473034408283,13.866666666666667,14.922976850991835,10.776978417266188,4.550533303700871,0.04431348000177147,0.06987040464051206,0.025824332351319527,0.05305104932498584,0.06666666666666664,0.07447513835080509
463,backache_463.csv,29,5.827586206896552,1.8140122364771054,0.034482758620689655,0.09127959777461776,445.6634920634921,424.27983321240754,0.5,0.024382992454708544,28,0.5490196078431373,0.15555555555555556,3.111111111111111,1.6158932858054431,1.4736842105263157,0.8411910241920598,4.947368421052632,2.1164411894193225,0.11624297889352876,0.12354190089056348,0.14129849137931033,0.11485693599477646,0.0196078431372549,0.03641170445268985
1121,badges2_1121.csv,2,1.0,0.0,0.5,0.30304576336566325,4.0,0.0,0.5,0.0,1,0.09090909090909091,0.003401360544217687,1.0,,1.0,,0.6666666666666666,0.5773502691896258,0.5,,0.5,0.0,0.09090909090909091,0.30151134457776363
11,balance-scale_11.csv,161,8.111801242236025,1.4534174762429575,0.006211180124223602,0.014286641460595365,7467.009523809525,5244.848072517293,0.3333333333333333,0.025859204962312192,160,40.0,0.2560,16.0,11.944315244779277,40.0,5.0990195135927845,7.140186915887851,1.964283893675573,0.1250145716296406,0.07488376985306455,0.04068808229813665,0.03823166482879946,0.25,0.02712718322685089
481,biomed_481.csv,19,5.421052631578948,1.9239943830388155,0.05263157894736842,0.099191781853054,229.42857142857142,178.16697477218074,0.5,0.03721614637823934,18,1.2857142857142858,0.0861244019138756,2.25,1.0350983390135313,2.25,1.164964745021435,4.594594594594595,2.1403460190074597,0.13303320227955626,0.12894109100704226,0.17393092105263158,0.15339938977771056,0.07142857142857142,0.11905588220764537
1463,blogger_1463.csv,21,5.380952380952381,1.8296499795368097,0.047619047619047616,0.059992062967092745,253.77142857142857,228.80771215773552,0.5,0.03367175148507373,20,1.8181818181818181,0.2,2.5,0.9258200997725514,2.0,0.9428090415820634,4.536585365853658,2.086834456486783,0.12152893004268875,0.10008612632929129,0.17038690476190477,0.13273478994056334,0.09090909090909088,0.05941179071168865
1464,blood-transfusion-service-center_1464.csv,197,10.126903553299492,3.2637678638686918,0.005076142131979695,0.008003111205380001,186953.87204388322,634134.6641810329,0.5,0.19023684976084784,196,49.0,0.2620320855614973,10.31578947368421,8.062620414804133,49.0,34.88074922742725,9.155216284987278,3.512925043865262,0.05502697163494908,0.07766532190091495,0.03037333609489015,0.0471300604892024,0.25,0.12635372994175514
778,bodyfat_778.csv,2,1.0,0.0,0.5,0.01122391716169123,4.0,0.0,0.5,0.0,1,0.07142857142857142,0.003968253968253968,1.0,,1.0,,0.6666666666666666,0.5773502691896258,0.5,,0.5,0.0,0.07142857142857142,0.26726124191242434
853,boston_853.csv,56,7.589285714285714,2.8905915450854485,0.017857142857142856,0.052128384579074566,6590.253746253746,14197.250255157558,0.5,0.05050762722761051,55,3.9285714285714284,0.10869565217391304,3.9285714285714284,2.525692158423286,5.5,3.5668224265054493,6.666666666666667,3.1139957766460915,0.06992313439628724,0.10086437060191913,0.08554731096540179,0.08695535092399052,0.07142857142857142,0.15839102367259622
15,breast-w_15.csv,38,6.605263157894737,2.0994139939672296,0.026315789473684206,0.09705328947590841,1005.9174603174606,1003.6239097814849,0.5,0.14886458551295736,37,4.111111111111111,0.05293276108726753,3.7,1.766981104093143,4.6250,2.1998376563477846,5.706666666666667,2.37539944483502,0.10201762562781375,0.1195215310010299,0.11045435855263158,0.11232035948267666,0.11111111111111113,0.23316520784040023
844,breastTumor_844.csv,,,,,,,,,,,,,,,,,,,,,,,,
327,bridges_327.csv,,,,,,,,,,,,,,,,,,,,,,,,
45717,bwin_amlb_45717.csv,105,9.552380952380952,3.207506077639642,0.009523809523809525,0.015389398779359867,57456.928574693295,162899.71811564738,0.5,0.020203050891044183,104,3.1515151515151514,0.19622641509433963,6.117647058823529,4.226144119365436,6.5,4.802776974487434,8.602870813397129,3.4292563933184117,0.058511352085619625,0.0794243852638524,0.04230986095610119,0.0764691351874501,0.030303030303030304,0.04626178284166445
40663,calendarDOW_40663.csv,114,14.394736842105264,6.211064094563205,0.008771929824561403,0.01644060100923965,10228315.07455469,30150279.510429382,0.19999999999999998,0.04532635327285548,113,1.0089285714285714,0.2832080200501253,4.52,2.365022903342235,2.306122448979592,2.1233236685349093,13.462555066079295,6.287518088104201,0.03777691176744,0.08267040404195633,0.037125816470698306,0.0823330080139298,0.008928571428571428,0.01854205540433977
820,chatfield_4_820.csv,21,5.714285714285714,2.052872551885702,0.047619047619047616,0.10397808599797706,335.68253968253964,349.96996817489736,0.5,0.03367175148507373,20,1.6666666666666667,0.0851063829787234,2.2222222222222223,0.97182531580755,2.0,1.632993161855452,4.878048780487805,2.2604769624043892,0.10173032182829739,0.11471461514857291,0.15569196428571427,0.14548899162196166,0.08333333333333333,0.20045417184265282
798,cholesterol_798.csv,,,,,,,,,,,,,,,,,,,,,,,,
909,chscase_census2_909.csv,88,10.579545454545455,3.9558529048495585,0.011363636363636364,0.013687339412321437,102384.18184952303,221797.99831585423,0.5,0.1124942606433144,87,12.428571428571429,0.2175,4.833333333333333,2.357715743980127,12.428571428571429,2.63673679998231,9.645714285714286,4.109167131621607,0.05104144578256736,0.08026796351297252,0.04592331972989169,0.08977419723462238,0.14285714285714285,0.03895383413666907
908,chscase_census3_908.csv,94,8.170212765957446,2.317016518206491,0.010638297872340424,0.012014418813958492,7713.577533577531,11076.970274509082,0.5,0.015044825131628652,93,13.285714285714286,0.2325,7.153846153846154,4.579777175186471,13.285714285714286,3.946064947695181,7.219251336898396,2.6314993224019583,0.07919575436418083,0.0858341539171183,0.05619130236037234,0.06860346473961648,0.14285714285714285,0.05660615705051625
907,chscase_census4_907.csv,101,9.524752475247524,2.90377016792287,0.009900990099009901,0.01030728378429065,27108.619780219782,47564.70051156068,0.5,0.06300951515523692,100,14.285714285714286,0.25,6.666666666666667,4.0824829046386295,14.285714285714286,3.199702367110922,8.577114427860696,3.144085500084372,0.06350259875951528,0.07470144087772493,0.04213963876856436,0.08113520645230056,0.14285714285714288,0.037821972165089396
906,chscase_census5_906.csv,103,9.563106796116505,3.173634963356629,0.009708737864077669,0.009356114775135725,39233.89486069486,76826.53437770376,0.5,0.020595343141355745,102,14.571428571428571,0.2550,6.3750,3.7036018504513506,14.571428571428571,4.429339411136565,8.614634146341464,3.395900135920083,0.05957975883142757,0.07201824854889799,0.043704431033828886,0.07653941748665029,0.14285714285714285,0.048262212141017856
900,chscase_census6_900.csv,107,11.22429906542056,3.822249686301652,0.009345794392523364,0.009793483397222174,240601.03484406893,625728.1790752118,0.5,0.006608474590528443,106,17.666666666666668,0.2650,5.578947368421052,3.656285143780717,17.666666666666668,3.6147844564602556,10.28169014084507,3.988839732675202,0.045742776149426546,0.08617136253875889,0.03313053879782418,0.08548093344744495,0.16666666666666666,0.027077185924991275
939,chscase_whale_939.csv,3,1.6666666666666667,0.5773502691896257,0.3333333333333333,0.2773581009431996,6.0,0.0,0.5,0.23570226039551584,2,0.25,0.008771929824561403,1.0,0.0,1.0,0.0,1.2,0.8366600265340756,0.35355339059327373,0.0,0.5,0.0,0.1250,0.3333157222735756
786,cleveland_786.csv,,,,,,,,,,,,,,,,,,,,,,,,
1467,climate-model-simulation-crashes_1467.csv,37,6.891891891891892,2.389604613782416,0.027027027027027032,0.09383473355104215,1293.853968253968,1289.8646662712908,0.5,0.01911099408612287,36,1.8,0.06666666666666667,3.6,1.505545305418162,2.5714285714285716,1.0894095588038444,6.0,2.619372274250285,0.09902808364024376,0.13064887786374496,0.10953336148648649,0.1201144336666124,0.05,0.04984957896865886
890,cloud_890.csv,10,5.0,2.309401076758503,0.1,0.0737906098877462,105.14285714285715,73.8341996642509,0.5,0.0,9,1.1250,0.08333333333333333,1.2857142857142858,0.4879500364742666,3.0,3.4641016151377544,4.315789473684211,2.3106668488879367,0.1332356597885714,0.12749517640138822,0.203125,0.18858194781491325,0.1250,0.32353524977143583
27,colic_27.csv,,,,,,,,,,,,,,,,,,,,,,,,
897,colleges_aaup_897.csv,20,4.85,1.3088765773505315,0.05,0.15466114840903822,148.5714285714286,95.27738537920453,0.5,0.21213203435596428,19,0.27941176470588236,0.01636520241171404,2.7142857142857144,1.3801311186847083,2.3750,2.065879266282796,4.0,1.6858544608470492,0.1586905405756434,0.131011419281668,0.19296875,0.11233369011946176,0.014705882352941173,0.099562772664947
987,collins_987.csv,2,1.0,0.0,0.5,0.4808326112068523,4.0,0.0,0.5,0.0,1,0.02857142857142857,0.0020,1.0,,1.0,,0.6666666666666666,0.5773502691896258,0.5,,0.5,0.0,0.02857142857142857,0.1690308509457033
41538,conference_attendance_41538_copy.csv,61,8.852459016393443,2.815647146298523,0.01639344262295082,0.027460016191038272,10710.707736707735,18706.93394838362,0.5,0.24343020335930324,60,2.857142857142857,0.24390243902439024,4.285714285714286,2.840058813816021,3.1578947368421053,2.2672341910779714,7.933884297520661,3.0214111967480877,0.06337404466399861,0.09632125087655279,0.051181480532786885,0.08745128357150114,0.047619047619047616,0.038199565315529656
40669,corral_40669.csv,14,4.0,0.7844645405527362,0.07142857142857142,0.056951516878176955,60.26666666666667,20.85620283227981,0.5,0.10101525445522107,13,1.8571428571428572,0.08125,2.6,1.3416407864998738,2.1666666666666665,1.4719601443879744,3.185185185185185,1.3019818336507984,0.2524478085859489,0.12362330601958614,0.25892857142857145,0.08617521443209517,0.14285714285714285,0.09663819350617858
796,cpu_796.csv,10,3.6,0.9660917830792959,0.1,0.20732977537786781,37.46666666666667,15.63092850492017,0.5,0.14142135623730948,9,0.25,0.0430622009569378,1.8,0.8366600265340756,1.5,0.8366600265340756,2.8421052631578947,1.344253526630914,0.19706908487134,0.12184758058765026,0.30625,0.11102427162061856,0.027777777777777776,0.10742491373547736
31,credit-g_31.csv,190,9.578947368421053,2.8621926969112854,0.005263157894736842,0.010997075634668514,73378.49996278233,190044.0464688726,0.5,0.029772917102591452,189,3.857142857142857,0.1890,11.117647058823529,8.666619532300183,4.2,5.128352561983235,8.606860158311346,3.146519940245226,0.061700360543479715,0.08734375573667547,0.03257904052734375,0.04428873713272983,0.02040816326530612,0.02910601156643066
1075,datatrieve_1075.csv,13,4.615384615384615,2.0223114472661203,0.07692307692307691,0.1381763444646921,124.01904761904763,142.13153032427562,0.5,0.16317848796612636,12,1.5,0.09230769230769231,1.5,0.7559289460184544,2.0,0.8944271909999159,3.84,2.1924111536540463,0.11285768786857539,0.13443720252321334,0.23978365384615385,0.1556428508323603,0.1250,0.12706225499745294
35,dermatology_35.csv,33,10.848484848484848,5.196881349191624,0.030303030303030304,0.04364836212511047,186736.71509776774,446663.36030926666,0.16666666666666666,0.07843744912451384,32,0.32653061224489793,0.08743169398907104,1.6,0.8825799501580878,1.103448275862069,0.3099340466946034,10.03076923076923,5.177985946440804,0.047040840426641764,0.09675373493284418,0.06520791487260298,0.13341092526349424,0.01020408163265306,0.02751096264932169
37,diabetes_37.csv,127,8.448818897637794,2.065240142911718,0.007874015748031496,0.01759656974599276,10396.097591297594,13822.58595223164,0.5,0.038974389514219124,126,15.75,0.1640625,9.692307692307692,7.531983087525437,15.75,8.29371534872727,7.486166007905139,2.4325843441450568,0.08583942870706637,0.09340042820038345,0.04462390809547244,0.058066211791425314,0.1250,0.1037720374859188
818,diggle_table_a2_818.csv,2,1.0,0.0,0.5,0.04561979233461597,4.0,0.0,0.5,0.0,1,0.0625,0.0032258064516129032,1.0,,1.0,,0.6666666666666666,0.5773502691896258,0.5,,0.5,0.0,0.0625,0.25
45712,doa_bwin_balanced_45712.csv,129,9.155038759689923,2.644125600987678,0.007751937984496124,0.01000471614870825,24760.66338106338,38904.006003295166,0.5,0.03837013541322354,128,3.878787878787879,0.1807909604519774,9.142857142857142,5.641292035001896,5.818181818181818,5.197401948376421,8.194552529182879,2.9316913137545653,0.07403589173916848,0.07724018970356739,0.03944101259689922,0.06175773874884289,0.030303030303030304,0.042608332504163904
45604,dummy_45604-copy.csv,77,6.779220779220779,1.2939472109888026,0.012987012987012988,0.031182608811261208,1669.4603174603174,1492.78332299763,0.5,0.009183204950474607,76,12.666666666666666,0.0760,7.6,6.619835513230085,12.666666666666666,3.9832984656772417,5.830065359477124,1.8129317985589943,0.11928221297825646,0.11054526377322783,0.07541091720779221,0.049078465823853896,0.16666666666666666,0.07107990001340295
944,echoMonths_944.csv,,,,,,,,,,,,,,,,,,,,,,,,
1011,ecoli_1011.csv,25,5.24,1.3625955623979797,0.04,0.0844817062026899,229.44761904761904,145.80397696104467,0.5,0.08485281374238575,24,3.4285714285714284,0.07142857142857142,3.4285714285714284,1.5118578920369088,4.8,1.3038404810405297,4.36734693877551,1.7523065460393956,0.16496712134635466,0.10666867826557212,0.164375,0.10552853243959269,0.14285714285714285,0.25556402220817886
1472,energy-efficiency_1472.csv,249,9.477911646586346,2.1758651542734793,0.004016064257028112,0.005952688193031191,50650.54012654012,121096.27283823372,0.027027027027027025,0.02280978071628906,248,5.391304347826087,0.3229166666666667,15.5,14.742229591663987,6.526315789473684,14.848308379590572,8.498993963782697,2.552769486335716,0.0645819566720806,0.06648113465357644,0.026031249019515562,0.0380869081206251,0.021739130434782605,0.04166851261447643
188,eucalyptus_188.csv,185,10.243243243243244,2.948888934148919,0.005405405405405406,0.013147089383589597,93886.78190306427,205166.7632399882,0.2,0.05896601143046332,184,2.1149425287356323,0.25,10.823529411764707,7.954835747185851,4.0,5.395471352079548,9.27371273712737,3.2182204665938645,0.05885195036970509,0.07679110107617874,0.029048362938133447,0.055478677112486434,0.011494252873563218,0.042632323448946366
1473,fertility_1473.csv,22,5.318181818181818,1.5239786161593025,0.045454545454545456,0.09440173892301089,215.44761904761907,131.6758803696236,0.5,0.25712973861328997,21,2.3333333333333335,0.21,3.0,1.2909944487358056,2.3333333333333335,1.5,4.465116279069767,1.843248132138873,0.14054513353696532,0.09748841258442388,0.1640625,0.12920746283547616,0.1111111111111111,0.08849367669240633
285,flags_285.csv,51,8.07843137254902,2.3481323408607273,0.019607843137254898,0.032682519816324015,3942.605527805528,6544.254145704999,0.1250,0.06705890543346842,50,0.5263157894736842,0.25773195876288657,3.8461538461538463,2.911075226502911,1.3888888888888888,1.021980647783726,7.1683168316831685,2.5887035632945428,0.0685428307441327,0.09937940089250782,0.06025486366421569,0.09420497824772553,0.010526315789473682,0.023855854569300748
904,fri_c0_1000_50_904.csv,86,7.709302325581396,2.124735438588656,0.011627906976744186,0.03153449894643975,4844.918903318904,6137.745153925406,0.5,0.01644434374852439,85,1.7,0.0850,7.083333333333333,4.561864318522205,2.1250,1.727418408774886,6.760233918128655,2.4652521534834033,0.08484631245872332,0.09741568164402234,0.06310751271802326,0.06468327405964057,0.019999999999999997,0.047988543984920536
888,fri_c0_500_50_888.csv,48,6.270833333333333,1.3797869606347166,0.020833333333333332,0.047704468470539926,771.3015873015873,566.9200416854428,0.5,0.058925565098878946,47,0.94,0.0940,5.222222222222222,3.8658045015810676,1.88,1.3012814197295424,5.347368421052631,1.8321503530042065,0.12184949885033226,0.09543924285396689,0.10213216145833333,0.07973629112001075,0.02,0.0488746055904409
837,fri_c1_1000_50_837.csv,67,7.1940298507462686,2.1619211852462716,0.014925373134328358,0.043895990509535236,3308.5922077922073,5564.695239226427,0.5,0.09498449299520788,66,1.32,0.0660,5.5,3.7779263191236634,2.0,1.8371173070873836,6.2556390977443606,2.4852721798943382,0.09192725137770123,0.11281238894515654,0.07930562033582089,0.06800785722774631,0.02,0.06647524435431973
766,fri_c1_500_50_766.csv,45,6.177777777777778,1.4188485871055139,0.022222222222222223,0.0535693640775842,704.5587301587303,552.0735544133416,0.5,0.015713484026367706,44,0.88,0.0880,4.888888888888889,3.4075080500434787,1.5172413793103448,1.0562970921090475,5.258426966292135,1.8557532768983867,0.12155860120867402,0.09736934043735247,0.10755208333333334,0.0813833569466656,0.019999999999999997,0.06596832974074883
866,fri_c2_1000_50_866.csv,71,7.422535211267606,2.4181573376140646,0.014084507042253521,0.042319784795183724,6476.607570207571,16189.048219027065,0.5,0.029877751317741445,70,1.4,0.07,5.0,4.206222496766866,2.2580645161290325,2.190399384214119,6.4822695035460995,2.7113592713393055,0.08415013593671233,0.10540041025102899,0.07494257537411972,0.06844914462297776,0.019999999999999997,0.07008630294109192
920,fri_c2_500_50_920.csv,40,7.2250,2.974140686065947,0.0250,0.06597435399164879,3435.312598512599,6275.909056708289,0.5,0.10606601717798211,39,0.78,0.0780,3.0,1.7320508075688772,1.56,1.003327796219494,6.329113924050633,3.1611484402371697,0.07388708755281931,0.11496308545842536,0.107305908203125,0.10859702150574652,0.02,0.07154970472805652
806,fri_c3_1000_50_806.csv,77,7.545454545454546,2.191763616633001,0.012987012987012988,0.038989706302296034,4777.128471528471,8990.148280880818,0.5,0.009183204950474607,76,1.52,0.0760,5.846153846153846,4.3175254071082945,2.235294117647059,2.1042356062549215,6.601307189542483,2.516628564696296,0.08419584440337573,0.10375433997447486,0.06903472504058442,0.06930126735696622,0.02,0.062190703841786946
937,fri_c3_500_50_937.csv,39,5.923076923076923,1.3255508365366133,0.025641025641025647,0.046690181081750944,504.99047619047604,324.5195885036714,0.5,0.054392829322042084,38,0.76,0.0760,4.75,2.9640705601780613,1.9,2.125038699338017,5.012987012987013,1.77329240689612,0.14375573256348284,0.0806887902898425,0.11899038461538461,0.08724450072500889,0.02,0.06477466328878487
797,fri_c4_1000_50_797.csv,85,8.411764705882353,3.4096994618540895,0.01176470588235294,0.0352314277513779,30895.21456321457,69203.3900817247,0.5,0.008318903308077,84,1.68,0.0840,5.25,4.139243087006769,2.1538461538461537,1.5817788377323727,7.4674556213017755,3.620437198932149,0.06366014454367457,0.10075038629452295,0.06432064280790441,0.06393183996804458,0.019999999999999997,0.06059211702497166
805,fri_c4_500_50_805.csv,44,6.181818181818182,1.6178183310309824,0.022727272727272728,0.04875776080687703,824.4571428571428,1002.5517249472005,0.5,0.06428243465332248,43,0.86,0.0860,4.3,3.2335051500740732,1.72,0.8426149773176358,5.264367816091954,2.008469104120839,0.10547363454022164,0.10500773085204537,0.11066228693181818,0.07859702874823764,0.019999999999999997,0.051389290921296994
714,fruitfly_714.csv,56,9.357142857142858,3.8726480084565647,0.017857142857142856,0.01719135995617732,30325.518747918748,61388.664176653445,0.5,0.07576144084141581,55,7.857142857142857,0.44,3.4375,1.3149778198382918,7.857142857142857,10.073539123673987,8.45045045045045,4.003949728906875,0.05412483610688094,0.10829414377774202,0.06993647984095983,0.11248651766111065,0.14285714285714285,0.17337752106703663
1005,glass_1005.csv,33,6.363636363636363,2.233525545776534,0.0303030303030303,0.04825376186428211,882.6539682539682,1058.195320742118,0.5,0.02142747821777415,32,3.5555555555555554,0.14953271028037382,3.2,1.3984117975602022,4.0,2.0,5.476923076923077,2.481857245011361,0.10259869727551485,0.11981716662756457,0.12535511363636365,0.11498837302917135,0.1111111111111111,0.09619881814225038
1026,grub-damage_1026.csv,45,7.377777777777778,2.433561633125864,0.02222222222222222,0.03532503923085899,2435.808946608947,3557.2417802498862,0.5,0.10999438818457402,44,1.0232558139534884,0.2838709677419355,3.6666666666666665,2.015094553763188,1.9130434782608696,1.928566200298244,6.47191011235955,2.6717796573226136,0.0799733377086684,0.0826978304747219,0.08733723958333334,0.1118917165407744,0.023255813953488372,0.038480816718032385
329,hayes-roth_329.csv,25,7.56,2.5508168626278653,0.04,0.03197085261088085,1154.1968253968255,922.5932613794242,0.3333333333333333,0.24440403706431146,24,6.0,0.15,2.4,1.429840705968481,6.0,1.632993161855452,6.73469387755102,2.6439830291632735,0.08896948028320784,0.11979540816679059,0.088046875,0.14556888399583537,0.25,0.17713259529821834
49,heart-c_49.csv,,,,,,,,,,,,,,,,,,,,,,,,
51,heart-h_51.csv,,,,,,,,,,,,,,,,,,,,,,,,
1512,heart-long-beach_1512.csv,90,8.022222222222222,2.2782694880489407,0.011111111111111112,0.00843939989938105,6919.313752913752,10666.693456606541,0.19999999999999998,0.09460770203292446,89,6.846153846153846,0.4450,6.846153846153846,4.543239553559292,8.090909090909092,5.940615211483496,7.072625698324022,2.596514372615922,0.08018211080992049,0.0816561728657581,0.05851508246527778,0.069341071814211,0.07692307692307693,0.06865974578163193
53,heart-statlog_53.csv,46,6.086956521739131,1.3470310885882286,0.021739130434782608,0.041239806687629964,681.8158730158731,561.929729436232,0.5,0.0,45,3.4615384615384617,0.16666666666666666,5.0,3.6742346141747673,3.75,2.137330535547045,5.164835164835165,1.8090128447657503,0.1352309942769282,0.1257298765458822,0.10929008152173914,0.07180249555984582,0.07692307692307694,0.06739591490073765
1513,heart-switzerland_1513.csv,61,7.459016393442623,2.5071482504484606,0.016393442622950824,0.015531917155412312,4408.019092019093,8041.76592798676,0.2,0.11900781254348548,60,5.0,0.4878048780487805,4.615384615384615,2.902253766140536,5.454545454545454,3.984059145234577,6.528925619834711,2.775110749037142,0.07826558645458655,0.11948567678075914,0.08088258837090163,0.08268115939583795,0.08333333333333333,0.07221670406252234
55,hepatitis_55.csv,,,,,,,,,,,,,,,,,,,,,,,,
41945,ilpd-numeric_41945.csv,116,11.060344827586206,4.642504558502032,0.008620689655172415,0.019946219885953336,447385.19879625016,1059462.326907438,0.5,0.024382992454708544,115,11.5,0.19725557461406518,5.75,2.9177316351468727,11.5,5.797509043642029,10.112554112554113,4.7881527676554905,0.047818197197301876,0.08011632931298533,0.04111814498901367,0.07344706199163498,0.1,0.04998313000865074
59,ionosphere_59.csv,23,5.521739130434782,1.7286243931201823,0.04347826086956521,0.09518405448963788,274.8,204.57909995531836,0.5,0.215206411665471,22,0.6470588235294118,0.06267806267806268,2.75,1.2817398889233114,1.2222222222222223,0.5483188805533162,4.666666666666667,2.0113315354397807,0.12174447537121658,0.09828140804560678,0.15794836956521738,0.1308756778714074,0.02941176470588236,0.08407463752317015
61,iris_61.csv,9,3.7777777777777777,1.2018504251546631,0.1111111111111111,0.15051762539834182,37.46666666666667,13.142298124757328,0.3333333333333333,0.22222222222222224,8,2.0,0.05333333333333334,1.6,0.8944271909999159,2.6666666666666665,1.1547005383792515,3.0588235294117645,1.4348601079588785,0.19491705385114735,0.13300709991513865,0.2708333333333333,0.10711960313126631,0.25,0.44888544020359966
1073,jEdit_4.0_4.2_1073.csv,62.0,7.290322580645161,2.0516854069252313,0.01612903225806452,0.02971266373460489,2520.066955266956,2978.105327783191,0.5,0.022809896167307966,61.0,7.6250,0.22262773722627738,5.545454545454546,3.205109557055308,7.6250,4.103569874424672,6.357723577235772,2.378627794603273,0.0971579922085933,0.08634224700719134,0.07765246975806452,0.08498646412904189,0.1250,0.11699429109372318
1066,kc1-binary_1066.csv,22.0,5.181818181818182,1.4019158196439492,0.045454545454545456,0.07936841141023729,194.8761904761905,118.17202843160014,0.5,0.06428243465332248,21.0,0.22340425531914893,0.14482758620689656,3.0,1.4142135623730951,1.05,0.223606797749979,4.325581395348837,1.7555480792884157,0.14469624541433534,0.07160690024359485,0.1690340909090909,0.11978872573088602,0.010638297872340429,0.03916826722139601
1045,kc1-top5_1045.csv,8.0,3.1250,0.6408699444616557,0.1250,0.29812704508202975,23.333333333333332,5.656854249492381,0.5,0.0,7.0,0.07446808510638298,0.04827586206896552,1.75,0.9574271077563381,1.1666666666666667,0.408248290463863,2.4,1.1212238211627763,0.24337065668081773,0.1481265199364758,0.359375,0.08010874305770696,0.010638297872340425,0.050597824585675924
1067,kc1_1067.csv,error,,,,,,,,,,,,,,,,,,,,,,,
1063,kc2_1063.csv,error,,,,,,,,,,,,,,,,,,,,,,,
1065,kc3_1065.csv,36.0,6.777777777777778,2.7371634025142697,0.027777777777777776,0.06375206391442954,2431.6323676323677,5475.08433623038,0.5,0.11785113019775793,35.0,0.8974358974358975,0.07641921397379912,2.6923076923076925,1.702185623672077,1.3461538461538463,0.6287961636211018,5.887323943661972,2.940113194004845,0.07269829482606843,0.11370226190671355,0.11750623914930555,0.11159515967448633,0.025641025641025637,0.02915657106593477
807,kin8nm_807.csv,1068.0,12.138576779026216,2.8815235082972754,0.0009363295880149813,0.002597751439533512,2337343.391081021,7192900.21035916,0.5,0.009269190015553977,1067.0,133.3750,0.1302490234375,50.80952380952381,49.44554484240116,133.3750,19.279430193121076,11.14473067915691,3.1973716815798783,0.05268999628015443,0.06937195251856336,0.00800833273469732,0.012990489015025431,0.1250,0.06087123557422022
1481,kr-vs-k_1481.csv,6578.0,15.02493159014898,2.9216600059023006,0.00015202189115232594,0.0002682988587427329,85087895.21183267,248705303.43324038,0.05555555555555555,0.05265424027136605,6577.0,1096.1666666666667,0.23442400912460792,274.0416666666667,293.93484625096715,1096.1666666666667,672.1504047954347,14.026149752945647,3.2429500908193587,0.05032442036728979,0.06369064687239548,0.0016531204336426766,0.0033772455246515445,0.16666666666666666,0.08530796379348023
184,kropt_184.csv,6581.0,15.02902294484121,2.9277380248025384,0.000151952590791673,0.0002683105753904877,86151903.65824199,251205936.7997262,0.05555555555555555,0.05260245996898487,6580.0,1096.6666666666667,0.2345309381237525,274.1666666666667,293.706399786185,1096.6666666666667,672.8038842535518,14.030240863156296,3.248426836187886,0.05032647323461862,0.06367719556632398,0.0016524576340162217,0.003376257884128464,0.16666666666666666,0.08511054888481774
1056,mc1_1056.csv,65,8.446153846153846,2.8778831697033045,0.015384615384615387,0.10325221892157305,9248.765723165725,15754.094693221328,0.5,0.18493561969494315,64,1.6842105263157894,0.006761039509824636,4.571428571428571,2.5332947751066035,2.3703703703703702,1.4451017570811713,7.51937984496124,3.097632097651866,0.06791605776550108,0.10336552417543336,0.06576209435096154,0.09913514302591352,0.026315789473684216,0.034613277461099774
1054,mc2_1054.csv,28,6.5,2.252570548079255,0.03571428571428571,0.04358083794996938,748.6349206349206,802.4959530127664,0.5,0.10101525445522107,27,0.6923076923076923,0.16770186335403728,2.7,1.2516655570345725,1.4210526315789473,0.606976978666884,5.636363636363637,2.4597774392219005,0.09093105390527377,0.10933000334513875,0.12018694196428571,0.13737902950653702,0.02564102564102564,0.04014806003192918
1488,parkinsons_1488.csv,15,4.2,1.01418510567422,0.06666666666666667,0.13044202402027594,75.2,39.6614242234009,0.5,0.04714045207910316,14,0.6363636363636364,0.07179487179487179,2.3333333333333335,1.3662601021279464,1.4,0.8432740427115679,3.3793103448275863,1.4494775685311163,0.19028747628660592,0.15538328438946714,0.24375,0.09896224929595267,0.04545454545454545,0.09328196307561014
750,pm10_750.csv,128,10.046875,3.5954025214624554,0.007812500000000002,0.01026403398770617,118977.16035598388,293399.37493263447,0.5,0.07733980419227864,127,18.142857142857142,0.2540,7.055555555555555,4.6586064846781134,18.142857142857142,3.9761191895520196,9.090196078431372,3.801639456843203,0.05424044641215504,0.07984977236314618,0.038706839084625244,0.06850086390796836,0.14285714285714285,0.03775774109861407
722,pol_722.csv,276,11.23913043478261,3.3140019154569256,0.0036231884057971015,0.02269378506429847,295608.2819559526,557884.5516628161,0.5,0.07685943273766824,275,5.729166666666667,0.018333333333333333,15.277777777777779,9.760698839225876,10.576923076923077,10.662731645964188,10.261343012704174,3.565584640616611,0.05634547762801408,0.06720797046477886,0.02143315301425215,0.04273279178687754,0.02083333333333334,0.06225128404553479
871,pollen_871.csv,1053,18.163342830009498,5.871234335056534,0.000949667616334283,0.0009446418172690185,28660749642.49078,266472848635.2764,0.5,0.002014549234149714,1052,210.4,0.2733887733887734,28.43243243243243,25.789253296394325,210.4,16.831518053936787,17.172446555819477,6.024758877692403,0.025416835750270813,0.055617679363769365,0.005038471536513848,0.026419688417806852,0.2,0.01429386078843922
1003,primary-tumor_1003.csv,,,,,,,,,,,,,,,,,,,,,,,,
446,prnn_crabs_446.csv,17,5.176470588235294,1.8109146210426053,0.058823529411764705,0.06355434219441428,170.78095238095236,116.54253279431238,0.5,0.04159451654038516,16,2.0,0.08,2.2857142857142856,0.7559289460184545,3.2,1.4832396974191326,4.363636363636363,2.028210137938464,0.1332893788862464,0.12711414771058002,0.18474264705882354,0.1539365149214081,0.1250,0.16476060519503086
952,prnn_fglass_952.csv,50,7.24,2.3172820109704704,0.019999999999999997,0.03202936971401623,2456.539105339105,3766.600650272178,0.16666666666666666,0.10557777543908882,49,5.444444444444445,0.22897196261682243,4.083333333333333,2.503028468705763,6.1250,3.090885217631258,6.3232323232323235,2.5865755583289167,0.0811211954274101,0.11118479762058897,0.087314453125,0.10137849436949951,0.1111111111111111,0.06466978130288678
470,profb_470.csv,,,,,,,,,,,,,,,,,,,,,,,,
752,puma32H_752.csv,536,11.473880597014926,3.3682504203410253,0.0018656716417910447,0.012015014798546445,6734082.6739035705,52693589.25433251,0.5,0.005276916277511525,535,16.71875,0.0653076171875,21.4,24.20055095791554,16.71875,6.5659649071016455,10.485527544351074,3.6333766480089387,0.0431155438785721,0.06169093327091423,0.013626350506917755,0.024396126497722527,0.031249999999999997,0.10059580287811463
816,puma8NH_816.csv,1074,12.8268156424581,3.347779961488995,0.000931098696461825,0.0033179541753993813,7031342.531711079,38704781.79960228,0.5,0.026335448088884425,1073,134.1250,0.1309814453125,44.708333333333336,42.47605890039876,134.1250,17.2165825379404,11.833255705635771,3.622075935597266,0.04659375724482507,0.07178112695617236,0.007698557563334204,0.013993619733110403,0.1250,0.12679770978003116
721,pwLinear_721.csv,36,5.833333333333333,1.4040757000349275,0.027777777777777776,0.04359627186623784,477.77777777777777,443.36416485293097,0.5,0.0,35,3.5,0.1750,3.888888888888889,3.018461712712472,3.5,1.8408935028645435,4.929577464788732,1.823058212862362,0.11796387888131221,0.11763217761986622,0.12532552083333334,0.09119531235658296,0.1,0.12355126905499969
1495,qualitative-bankruptcy_1495.csv,5,2.8,1.3038404810405297,0.2,0.2581317493064346,14.666666666666668,5.055250296034367,0.5,0.14142135623730948,4,0.3076923076923077,0.0160,1.0,0.0,1.0,0.0,2.2222222222222223,1.3944333775567928,0.19825712630196757,0.11291388205586965,0.3750,0.1250,0.07692307692307693,0.25843001490196493
42172,regime_alimentaire_42172.csv,,,,,,,,,,,,,,,,,,,,,,,,
42665,ricci_vs_destefano_42665.csv,error,,,,,,,,,,,,,,,,,,,,,,,
717,rmftsa_ladata_717.csv,46,6.260869565217392,1.5696394859782385,0.021739130434782608,0.0632526280743469,868.7619047619046,1020.5061756250943,0.5,0.03074377309506726,45,4.5,0.08858267716535433,4.5,3.5668224265054493,4.5,2.0138409955990952,5.34065934065934,1.973264527064958,0.10407534687072931,0.11096285194117625,0.10551120923913043,0.07953639286083157,0.09999999999999998,0.19359068113550257
1519,robot-failures-lp4_1519.csv,14,5.142857142857143,2.0326997151247235,0.07142857142857142,0.1203888247661618,158.7238095238095,147.83483243166233,0.3333333333333333,0.10910894511799618,13,0.14444444444444443,0.1111111111111111,1.6250,0.7440238091428449,1.0833333333333333,0.28867513459481287,4.37037037037037,2.1688023662159037,0.1328474557790727,0.13019411600529007,0.18359375,0.13947681635914513,0.011111111111111112,0.05432544653180427
1520,robot-failures-lp5_1520.csv,27,5.222222222222222,1.0127393670836664,0.037037037037037035,0.05762178806984075,216.13333333333335,80.90906576569108,0.2,0.13250773199998753,26,0.28888888888888886,0.15853658536585366,4.333333333333333,2.6583202716502514,1.1304347826086956,0.34435022157509093,4.339622641509434,1.5183923206725933,0.20945279741119793,0.030016434132853844,0.15393518518518517,0.09128404508710374,0.011111111111111112,0.029561863475597267
1498,sa-heart_1498.csv,97,7.948453608247423,2.292974478436881,0.010309278350515464,0.019798030731905433,9022.348407148407,19449.97245942489,0.5,0.007289760630789124,96,9.6,0.2077922077922078,6.857142857142857,5.586482901503522,10.666666666666666,4.847679857416329,6.994818652849741,2.61704630206465,0.0783506456412609,0.09340446875671801,0.05758824299291237,0.06110371051646664,0.09999999999999999,0.05900758967297952
182,satimage_182.csv,503,11.978131212723659,3.6957926556108167,0.0019880715705765406,0.009345446628129035,4382115.535573395,27164124.461336188,0.16666666666666666,0.0863236762294028,502,13.944444444444445,0.07807153965785381,20.916666666666668,18.62424008760034,13.944444444444445,3.4388074714058687,10.991044776119402,3.9361081809999754,0.0441541164894552,0.07143617137924312,0.014220132742440014,0.025236809517300993,0.027777777777777776,0.06453522966761253
466,schizo_466.csv,48,7.6250,2.159836479231999,0.020833333333333332,0.022635014053431643,2456.334199134199,3410.749285962934,0.5,0.058925565098878946,47,2.9375,0.13823529411764707,3.9166666666666665,2.8109633849474367,3.6153846153846154,3.79777262656375,6.71578947368421,2.426200768273954,0.0814982278140329,0.10877018407767146,0.06769816080729167,0.08997467351917901,0.0625,0.1336982850496522
1499,seeds_1499.csv,16,4.4375,1.0935416468216166,0.0625,0.1052064881071206,89.46666666666667,40.525613299903725,0.3333333333333333,0.14433756729740643,15,2.142857142857143,0.07142857142857142,2.5,1.378404875209022,2.5,0.5477225575051661,3.6129032258064515,1.4983862286882446,0.16984533482253455,0.07844538137044721,0.220703125,0.1126554192641585,0.14285714285714285,0.21126307344979153
36,segment_36.csv,75,10.946666666666667,3.5332143444183517,0.013333333333333334,0.03464950711691995,61904.02752802752,90044.93925606954,0.14285714285714282,0.1445738126411118,74,3.8947368421052633,0.032034632034632034,4.6250,2.526525941551627,4.6250,3.1806707887907337,10.026845637583893,3.6778120492018744,0.05369846339207065,0.09901217126349682,0.033494059244791666,0.08780868598956318,0.05263157894736842,0.09828251857197251
1500,seismic-bumps_1500.csv,16,4.4375,1.0935416468216166,0.0625,0.1052064881071206,89.46666666666667,40.525613299903725,0.3333333333333333,0.14433756729740643,15,2.142857142857143,0.07142857142857142,2.5,1.378404875209022,2.5,1.0488088481701516,3.6129032258064515,1.4983862286882446,0.16984533482253455,0.07844538137044721,0.220703125,0.1126554192641585,0.14285714285714285,0.21171686069587647
826,sensory_826.csv,221,9.606334841628959,2.422199536880139,0.004524886877828055,0.00586499990860546,44524.432456432456,61093.242405444194,0.5,0.054392829322042084,220,8.461538461538462,0.3819444444444444,15.714285714285714,10.373253858090797,8.461538461538462,6.8072359690598025,8.630385487528345,2.759591881250131,0.0789558669880898,0.08737129452918854,0.028793680182409503,0.04069175312859909,0.03846153846153846,0.020818886751016084
747,servo_747.csv,26,6.846153846153846,2.2215725546073473,0.038461538461538464,0.08314815897965673,750.4190476190475,699.9454128514101,0.5,0.21757131728816848,25,1.5625,0.1497005988023952,2.5,1.6499158227686108,2.272727272727273,1.009049958219026,6.0,2.3916521486202797,0.09995993867448734,0.12391476693829635,0.10133713942307693,0.1323225417018692,0.0625,0.07571614913737448
38,sick_38.csv,error,,,,,,,,,,,,,,,,,,,,,,,
902,sleuth_case2002_902.csv,57,7.280701754385965,1.9708082638939235,0.017543859649122806,0.02143309716739125,2109.3731601731597,2283.0786220431837,0.5,0.11164843913471806,56,8.0,0.38095238095238093,5.090909090909091,3.300137738172316,9.333333333333334,6.97614984548545,6.353982300884955,2.2987588032236506,0.08871026533313499,0.0764708835511745,0.07687431469298246,0.09207463860789222,0.14285714285714288,0.16662413809326135
934,socmob_934.csv,86.0,7.732558139534884,2.246170171148326,0.011627906976744186,0.051318130351929094,6987.338261738265,16616.298349937966,0.5,0.01644434374852439,85.0,17.0,0.07352941176470588,6.071428571428571,5.014813221681506,17.0,12.144957801491119,6.783625730994152,2.570184420078912,0.0703007192209259,0.09446368573798274,0.06309473791787791,0.06482736878468733,0.2,0.32410005711388623
40667,solar-flare_40687.csv,error,,,,,,,,,,,,,,,,,,,,,,,
40,sonar_40.csv,23,5.043478260869565,1.2960871487802053,0.043478260869565216,0.08707678163064489,188.60952380952375,123.46578296425572,0.5,0.15371886547533642,22,0.36666666666666664,0.10576923076923077,3.142857142857143,1.5735915849388864,1.0476190476190477,0.21821789023599242,4.177777777777778,1.6961036751235687,0.16384164236942148,0.11464006290465181,0.1766304347826087,0.1033158081762929,0.016666666666666666,0.039546237116564034
42,soybean_42.csv,,,,,,,,,,,,,,,,,,,,,,,,
737,space_ga_737.csv,439,11.432801822323462,3.6595305153880098,0.002277904328018223,0.004709556054454884,4431543.170569291,26026275.225375153,0.5,0.014496494375122867,438,73.0,0.14097199871258448,18.25,17.969176507225534,73.0,25.84569596664017,10.446978335233752,3.900998656325504,0.042642901417221005,0.06543717986574614,0.01619128730139591,0.026892043972666178,0.1666666666666667,0.11885919790716738
44,spambase_44.csv,298,15.473154362416107,6.989237815051887,0.0033557046979865767,0.01436677444291788,1973785754.702014,13453581389.744444,0.5,0.014237049285635203,297,5.2105263157894735,0.06455118452510324,8.735294117647058,5.863646727180661,5.94,5.814864836023662,14.500840336134454,7.0989577624358615,0.02706662286419664,0.06222061901323374,0.016845680325957728,0.048480718032877936,0.017543859649122806,0.04903605103987246
46,splice_46.csv,171,9.280701754385966,2.25248400893909,0.005847953216374269,0.020487033620239247,24648.104428904426,33022.35362095751,0.3333333333333333,0.08249553204482973,170,0.7456140350877193,0.05329153605015674,12.142857142857142,9.355024506460873,1.683168316831683,0.8709844208630477,8.310850439882698,2.6014983541008654,0.07474797697374262,0.0709118241492331,0.033155296281067254,0.05361102986391343,0.0043859649122807015,0.0237958724549607
40982,steel-plates-fault_40982.csv,301,11.813953488372093,3.065714378601306,0.0033222591362126247,0.009998408262869582,573824.2776957477,2006202.733220855,0.14285714285714288,0.1407948179429707,300,11.11111111111111,0.1545595054095827,15.0,13.81075096094572,11.538461538461538,6.74228904293353,10.835274542429284,3.3358387700098504,0.047737382641404064,0.07934810695035392,0.016812891659150488,0.04906191348353669,0.037037037037037035,0.04065993644698874
841,stock_841.csv,40,7.3750,2.203581001635572,0.024999999999999998,0.07516225316900674,1730.1096681096683,1913.269871101242,0.5,0.03535533905932741,39,4.333333333333333,0.04105263157894737,3.5454545454545454,2.2074254852038093,4.333333333333333,2.1213203435596424,6.481012658227848,2.443519736970815,0.08222835872805674,0.10431112760699135,0.0767822265625,0.09972332496724487,0.1111111111111111,0.170662343478934
770,strikes_770.csv,31,5.709677419354839,1.346440947760596,0.03225806451612904,0.04141311204754318,351.2952380952381,187.7955001042635,0.5,0.022809896167307966,30,5.0,0.0480,4.285714285714286,2.2886885410853175,6.0,4.183300132670378,4.819672131147541,1.7560200902543939,0.14590426146004645,0.05717345141252732,0.13205645161290322,0.10351400035497248,0.16666666666666666,0.17782058128819445
43097,students_scores_43097.csv,error,,,,,,,,,,,,,,,,,,,,,,,
41146,sylvine_41146.csv,257,11.657587548638132,3.887011476680299,0.0038910505836575885,0.024019247640287057,718991.16209006,1785681.946124495,0.5,0.024762494282797413,256,12.8,0.04996096799375488,12.8,7.6474970105463775,12.8,5.28752255189915,10.682261208576998,4.098687046109927,0.05142123758840163,0.07834539571843896,0.022822465414203096,0.04461218152670776,0.05,0.1615840516275821
1004,synthetic_control_1004.csv,4,2.25,0.9574271077563381,0.25,0.39479718187293944,9.333333333333332,1.5396007178390019,0.5,0.3535533905932738,3,0.05,0.0050,1.0,0.0,1.0,0.0,1.7142857142857142,1.1126972805283737,0.2580005327400437,0.08275120230510061,0.4375,0.07216878364870322,0.016666666666666666,0.11569493130578526
48,tae_48.csv,56,7.571428571428571,2.455843812454048,0.01785714285714286,0.014058104987048793,3919.515195915196,7123.775135637605,0.3333333333333333,0.05455447255899809,55,9.166666666666666,0.36423841059602646,4.230769230769231,2.743290182543769,9.166666666666666,10.245324136730213,6.648648648648648,2.7157742865396552,0.07726842430209846,0.09677086216656658,0.07763235909598214,0.0945048402492488,0.16666666666666666,0.16726318282588348
1115,teachingAssistant_1115.csv,12,6.416666666666667,3.4761089357690347,0.08333333333333333,0.0170506175676966,609.6715728715728,837.8052511778518,0.3333333333333333,0.0,11,0.2037037037037037,0.0728476821192053,1.0,0.0,11.0,,5.739130434782608,3.4007671768741163,0.07271441374807157,0.11358226692175008,0.16658528645833334,0.1925308885229232,0.018518518518518517,0.13608276348795434
41526,test_dataset_41526.csv,1682,14.130796670630202,4.193506831209834,0.0005945303210463733,0.003176766402511137,487659787.5475551,5194707226.340314,0.5,0.014293478335518814,1681,28.016666666666666,0.10812375377886409,54.225806451612904,59.171901934065154,28.016666666666666,16.016402256528707,13.135295866785608,4.417915516125025,0.03343806118007705,0.0577925655621591,0.005137247752672888,0.011017428105373487,0.016666666666666666,0.027319660984555478
4329,thoracic_surgery_4329.csv,88,10.579545454545455,3.867701776558386,0.011363636363636364,0.023208650045314666,125058.61610766254,390938.0026491997,0.5,0.08035304331665309,87,3.48,0.1851063829787234,4.578947368421052,2.8149558803269255,4.35,6.276732304396343,9.645714285714286,4.024375646381132,0.04739930943455558,0.08222261901195385,0.045213482596657494,0.09099741122138288,0.04,0.06624648851988149
40690,threeOf9_40690.csv,30,5.666666666666667,1.6259391627362754,0.03333333333333333,0.032709926223201714,391.69523809523815,325.22004618782563,0.5,0.04714045207910316,29,2.9,0.056640625,3.6250,1.7677669529663689,3.2222222222222223,1.986062547968831,4.779661016949152,1.9745605937224886,0.13708037087477795,0.11961467885400241,0.14348958333333334,0.10114684784255117,0.09999999999999999,0.05978340724693309
40705,tokyo1_40705.csv,45,6.711111111111111,1.9842816678520563,0.022222222222222223,0.08274468811581541,1202.0190476190476,1148.0411620813184,0.5,0.07856742013183865,44,1.0232558139534884,0.045881126173096975,4.4,2.3190036174568114,1.8333333333333333,0.9630868246861537,5.797752808988764,2.2971314883057703,0.1055837930684619,0.10593871424932548,0.10047743055555555,0.09761589680789583,0.02325581395348837,0.09753403464377912
788,triazines_788.csv,43,7.209302325581396,2.4059266063191664,0.02325581395348837,0.04144156412513902,1849.277922077922,2017.0799999816606,0.5,0.049333031245573054,42,0.7,0.22580645161290322,3.8181818181818183,1.8340219092574557,2.1,1.3337718577107003,6.305882352941176,2.645857181347783,0.08825123648921397,0.12518239291770958,0.09622547238372094,0.11424213134318419,0.01666666666666667,0.037084882213480795
1507,twonorm_1507.csv,466,10.034334763948499,2.215027194074103,0.002145922746781116,0.009159012604804383,154852.8545859369,367940.0643928075,0.5,0.012139172209211086,465,23.25,0.06283783783783783,27.352941176470587,28.195613968467217,23.25,4.85446078093996,9.046186895810957,2.6033506043814905,0.07137628287902797,0.09384094197011739,0.01727186866072626,0.017188703292383613,0.05,0.03131626043297669
1508,user-knowledge_1508.csv,40,6.45,2.037469521559047,0.0250,0.054632164422478265,993.3460317460318,1056.5377632682757,0.19999999999999998,0.06123724356957945,39,7.8,0.0967741935483871,3.9,2.024845673131659,7.8,4.207136793592526,5.544303797468355,2.335882133674833,0.10070219175646461,0.12030580384976028,0.113134765625,0.09733157918519789,0.2,0.2949656177898523
1047,usp05_1047.csv,32,6.78125,2.813955716459225,0.03125,0.0869459084669747,1802.532756132756,2970.4929452991596,0.09090909090909091,0.09318008590407559,31,0.07888040712468193,0.15270935960591134,2.5833333333333335,1.1645001528813153,1.1481481481481481,0.45604518194714877,5.904761904761905,2.9930795755579442,0.07985582025768145,0.11787826820731274,0.1234893798828125,0.12455623730827971,0.0025445292620865146,0.015340398473684626
54,vehicle_54.csv,135,9.22962962962963,3.199675218454702,0.007407407407407408,0.016745264774861764,73021.96731373202,195717.7364924816,0.25,0.17153386928754683,134,7.444444444444445,0.15839243498817968,7.882352941176471,6.213718220007008,7.444444444444445,3.568196483349936,8.267657992565056,3.442886146378184,0.062041518113685946,0.0854107387523508,0.04251415111400463,0.05548888587120657,0.05555555555555555,0.049385735434297515
44153,vehicle_reproduced_44153.csv,133,9.135338345864662,3.1593582846866948,0.007518796992481203,0.016906203008090235,81711.36481818835,280497.8694200202,0.25,0.16950677169316533,132,7.333333333333333,0.15602836879432624,7.333333333333333,6.516946235415336,7.333333333333333,3.834824944236852,8.173584905660377,3.4056632282146926,0.062053238872012285,0.0853059237104521,0.043166597982994596,0.05563678796202071,0.055555555555555566,0.0502190708290077
719,veteran_719.csv,39,7.923076923076923,3.6805649979933026,0.025641025641025637,0.029855794270778623,10372.484892884891,21761.162434739534,0.5,0.12691660175143163,38,3.8,0.2773722627737226,2.533333333333333,1.3020130933435712,3.8,3.966526608171604,7.038961038961039,3.8094120227389925,0.06615812212834926,0.09075826655549779,0.09964224008413461,0.11726831409946353,0.1,0.10248674339503888
925,visualizing_galaxy_925.csv,19,5.526315789473684,2.064741604835056,0.05263157894736842,0.10452196608291728,281.16825396825396,316.0350864357605,0.5,0.03721614637823934,18,4.5,0.05572755417956656,2.0,0.8660254037844386,4.5,3.3166247903554,4.702702702702703,2.2591156684870306,0.10142256792273338,0.11638479462893705,0.16837993421052633,0.15062940289105778,0.25,0.3583681977843885
923,visualizing_soil_923.csv,5,2.4,0.5477225575051661,0.2,0.22564594145943345,11.333333333333334,1.8257418583505538,0.5,0.14142135623730948,4,0.8,0.0004629093854877908,1.3333333333333333,0.5773502691896257,1.3333333333333333,0.5773502691896257,1.7777777777777777,0.97182531580755,0.32808838596972456,0.1666852663448028,0.45,0.06846531968814576,0.2,0.28782428732157084
56,vote_56.csv,,,,,,,,,,,,,,,,,,,,,,,,
1016,vowel_1016.csv,17,4.529411764705882,1.280510008689093,0.058823529411764705,0.20293402203858182,109.9047619047619,83.41529574739785,0.5,0.04159451654038516,16,0.6153846153846154,0.01616161616161616,2.2857142857142856,1.3801311186847083,1.6,0.6992058987801011,3.696969696969697,1.6485760614248377,0.15526350537145486,0.1482612454233266,0.21966911764705882,0.10940576970024957,0.038461538461538464,0.10772382378759972
1497,wall-robot-navigation_1497.csv,33,6.484848484848484,1.9384467383902395,0.030303030303030304,0.08039598417469807,706.3555555555556,558.9500006981154,0.25,0.17734393804120643,32,1.3333333333333333,0.005865102639296188,3.5555555555555554,1.8104634152000358,2.4615384615384617,1.3913653136029502,5.6,2.2135943621178655,0.10658999054101118,0.09645558177600519,0.11221590909090909,0.12659871175237375,0.041666666666666664,0.09091162393372346
940,water-treatment_940.csv,,,,,,,,,,,,,,,,,,,,,,,,
60,waveform-5000_60.csv,514,11.009727626459144,3.334780785693567,0.0019455252918287938,0.00739816039356479,2764496.485211383,12662460.543440716,0.3333333333333333,0.035037464745110505,513,12.8250,0.1026,23.318181818181817,24.95021015969579,12.8250,5.891704293935626,10.021421616358325,3.6030538168956774,0.04899655486225089,0.0742366066600237,0.015126168032100692,0.020326180590782273,0.0250,0.04204157080555019
1510,wdbc_1510.csv,22,4.954545454545454,1.2140947137789433,0.04545454545454545,0.12134757803349355,166.17142857142858,97.39510214382825,0.5,0.06428243465332248,21,0.7,0.03690685413005272,3.0,1.8257418583505538,1.5,1.0919284281983377,4.093023255813954,1.6302782918784449,0.15781536441923114,0.13498921418359391,0.18110795454545456,0.10590906115298802,0.03333333333333334,0.12742025919854175
1511,wholesale-customers_1511.csv,38,7.026315789473684,2.5520192546217535,0.02631578947368421,0.07611070119961587,1781.0002886002883,2254.971414882796,0.5,0.0,37,3.7,0.08409090909090909,3.3636363636363638,1.3618169680781094,4.111111111111111,3.7230513172814463,6.133333333333334,2.7672473069203005,0.08658767520879164,0.0910994439601966,0.1039782072368421,0.11464195736494985,0.10000000000000002,0.22929655704403926
40983,wilt_40983.csv,77,7.12987012987013,1.8521015755270336,0.012987012987012986,0.04448859239832444,3179.4920634920636,5756.987233490447,0.5,0.0275496148514239,76,15.2,0.015705724323207274,6.333333333333333,5.382350506024015,15.2,6.833739825307955,6.183006535947713,2.2373560185863064,0.1061065217562582,0.10403404530598608,0.07295048701298701,0.05777184152733343,0.19999999999999998,0.24846906727218934
847,wind_847.csv,689,11.304789550072568,2.6925808366233137,0.0014513788098693763,0.005566256283068217,713460.7273241378,1991418.7649388395,0.5,0.021551875769111026,688,49.142857142857146,0.10465470033465166,36.21052631578947,33.27925437761226,49.142857142857146,9.929421261755722,10.313725490196079,3.0234633070961925,0.05885828288746582,0.07703228281668115,0.011716712541953918,0.016924212098054933,0.07142857142857142,0.1146311348452347
187,wine_187.csv,12,3.75,0.7537783614444091,0.08333333333333333,0.1265510065295304,46.13333333333333,16.228668983305347,0.3333333333333333,0.16666666666666669,11,0.8461538461538461,0.06179775280898876,2.2,1.3038404810405297,1.3750,0.7440238091428449,2.9565217391304346,1.2605287804426009,0.23891722674639074,0.17305714131305633,0.2864583333333333,0.08514832201766658,0.07692307692307694,0.13175534575671322
753,wisconsin_753.csv,36,6.166666666666667,1.8126539343499315,0.027777777777777776,0.03818367150370726,701.688888888889,845.4954356045441,0.5,0.07856742013183865,35,1.09375,0.18041237113402062,3.5,2.223610677354389,1.75,0.7163503994113789,5.267605633802817,2.1378075984446796,0.10537346950872564,0.10560373781358971,0.12017144097222222,0.10412659373821251,0.03125,0.03424711401285452
40693,xd6_40693.csv,40,6.0750,1.5087352489028854,0.0250,0.029227457413403407,617.5492063492063,520.8081264445469,0.5,0.24748737341529167,39,3.9,0.040082219938335044,4.333333333333333,2.7838821814150108,3.9,2.4244128727957577,5.1645569620253164,1.911036634695847,0.12300230208809042,0.09238146659429011,0.11552734375,0.08958704923089518,0.09999999999999998,0.04636257638651772
181,yeast_181.csv,510,13.411764705882353,4.593822069028719,0.00196078431372549,0.003305769821472694,13137114.177161228,44150080.77457303,0.1,0.10710182924841487,509,63.6250,0.34299191374663074,21.208333333333332,13.799745324262068,63.6250,41.1927091329799,12.425907752698723,4.785492569315229,0.04147602948329032,0.057955590312237286,0.012563164093915153,0.03050167206597311,0.12499999999999999,0.08189654147596531
62,zoo_62.csv,10,4.8,2.0976176963403033,0.1,0.1221969200435623,88.03809523809524,60.738832261742,0.14285714285714285,0.053452248382484885,9,0.5294117647058824,0.0891089108910891,1.2857142857142858,0.4879500364742666,1.0,0.0,4.105263157894737,2.1316330943956574,0.13318105680701312,0.12789839346659077,0.2078125,0.17948735834469112,0.05882352941176472,0.10364486011064565
