Flow ID,Number of Executions, Datasets
7719,0
7720,0
7721,0
7731,0
7732,0
7733,0
7734,0
7735,0
7736,0
7737,0
7738,0
8015,1, Speech
9004,0
9005,0
9011,0
9015,0
9024,0
9033,0
9037,0
9039,0
9083,0
9084,0
9085,0
9097,0
9109,0
9110,0
9124,0
9131,0
9135,0
9137,0
9140,0
9156,0
9160,0
9161,0
9162,0
9164,0
9165,0
9166,0
9172,0
9183,0
9192,0
9196,0
9198,0
9209,0
9214,0
9229,0
9247,0
9248,0
9250,0
9251,0
9253,0
9259,0
9276,0
9285,0
9289,0
9295,0
9296,0
9305,0
9307,0
9308,0
9311,0
9312,0
9313,0
9329,0
9331,0
9334,0
9346,0
9348,0
9354,0
9359,0
9368,0
9370,0
9373,0
9379,0
9381,0
9383,0
9385,0
9386,0
9387,0
9397,0
9398,0
9399,0
9400,0
9414,0
9416,0
9418,0
9426,0
9428,0
9429,0
9440,0
9441,0
9445,0
9447,0
9448,0
9451,0
9453,0
9454,0
9455,0
9458,0
9459,0
9461,0
9462,0
9481,0
9483,0
9484,0
9485,0
9495,0
9496,0
9498,0
9516,0
9517,0
9533,0
17729,28, pollen-wilt-cnae9-elevators-gina-egg,DecisionTreeClassifier
17730,0
17763,18, pollen-wilt-cnae9-elevators-gina-egg, RandomForestClassifier
17794,17, pollen-wilt-cnae9-elevators-gina-egg, LinearDiscriminantAnalysis
17818,15, pollen-wilt-cnae9-elevators-egg, SGDClassifier
17835,13, pollen-wilt-cnae9-gina-egg,SVC
17850,9, pollen-wilt-elevators-gina-egg, HistGradientBoostingClassifier
17922,18,wilt-cnae9-gina-egg,  MultinomialNB
17966,11, wilt-cnae9-gina-egg,BernoulliNB
17984,7, wilt-cnae9-elevators-gina-egg, AdaBoostClassifier
17998,2, socmob-bankmarketing, LinearDiscriminantAnalysis
18043,6,socmob-abalone-bank-marketing,  DecisionTreeClassifier
18046,4, socmob-bankmarketing, AdaBoostClassifier
18047,5, socmob-bankmarketing,SVC
18136,4,socmob,  HistGradientBoostingClassifier
18152,2,  socmob-bankmarketing, LinearDiscriminantAnalysis
18195,2, socmob, SGDClassifier
18196,6,  socmob-bankmarketing, SVC
18216,2, socmob, DecisionTreeClassifier
18235,1, socmob, RandomForestClassifier
18250,4,socmob-bankmarketing-sick,  HistGradientBoostingClassifier
18373,2,bankmarketing,  SGDClassifier
18415,1,bankmarketing,  AdaBoostClassifier
18418,1, bankmarketing, BernoulliNB
18442,1, bankmarketing, RandomForestClassifier
18509,1, sick, HistGradientBoostingClassifier
18518,3, sick,SGDClassifier
18527,2,  sick, LinearDiscriminantAnalysis
18535,4, sick, SVC
18558,2, sick, RandomForestClassifier
18563,2, sick, AdaBoostClassifier
19015,1, credit-g, SVC
19017,0
