Flow ID,Flow Name,Number of Executions
3413,sklearn.svm.classes.SVC,3
3440,sklearn.svm.classes.SVC,3
3453,sklearn.svm.classes.SVC,1
4835,sklearn.svm.classes.SVC,531
5499,sklearn.svm.classes.SVC,54
5656,"sklearn.pipeline.Pipeline(feature_select=sklearn.feature_selection.from_model.SelectFromModel(estimator=sklearn.ensemble.forest.RandomForestClassifier),classifier=sklearn.svm.classes.SVC)",0
5659,"sklearn.pipeline.Pipeline(steps__scaling=sklearn.preprocessing.data.StandardScaler,steps__selector=sklearn.feature_selection.univariate_selection.GenericUnivariateSelect,steps__classifier=sklearn.svm.classes.SVC)",0
5662,"sklearn.pipeline.Pipeline(scaling=sklearn.preprocessing.data.StandardScaler,selector=sklearn.feature_selection.univariate_selection.GenericUnivariateSelect,classifier=sklearn.svm.classes.SVC)",1
5744,"sklearn.pipeline.Pipeline(standardscaler=sklearn.preprocessing.data.StandardScaler,selectfrommodel=sklearn.feature_selection.from_model.SelectFromModel(estimator=sklearn.ensemble.forest.ExtraTreesClassifier),svc=sklearn.svm.classes.SVC)",0
5745,"sklearn.pipeline.Pipeline(standardscaler=sklearn.preprocessing.data.StandardScaler,selectfrommodel=sklearn.feature_selection.from_model.SelectFromModel(estimator=sklearn.svm.classes.LinearSVC),svc=sklearn.svm.classes.SVC)",0
5746,"sklearn.pipeline.Pipeline(selectfrommodel=sklearn.feature_selection.from_model.SelectFromModel(estimator=sklearn.svm.classes.LinearSVC),svc=sklearn.svm.classes.SVC)",0
5780,"sklearn.model_selection._search.GridSearchCV(estimator=sklearn.pipeline.Pipeline(Imputer=sklearn.preprocessing.imputation.Imputer,select=sklearn.feature_selection.univariate_selection.SelectPercentile,scaler=sklearn.preprocessing.data.MinMaxScaler,Classifier=sklearn.svm.classes.SVC))",2
5781,"sklearn.pipeline.Pipeline(Imputer=sklearn.preprocessing.imputation.Imputer,select=sklearn.feature_selection.univariate_selection.SelectPercentile,scaler=sklearn.preprocessing.data.MinMaxScaler,Classifier=sklearn.svm.classes.SVC)",0
5800,"sklearn.pipeline.Pipeline(Imputer=sklearn.preprocessing.imputation.Imputer,OneHotEncoder=sklearn.preprocessing.data.OneHotEncoder,Feature_Removal=sklearn.feature_selection.univariate_selection.SelectKBest,Classifier=sklearn.svm.classes.SVC)",0
5811,"sklearn.model_selection._search.GridSearchCV(estimator=sklearn.pipeline.Pipeline(steps__OneHotEncoder=sklearn.preprocessing.data.OneHotEncoder,steps__scaler=sklearn.preprocessing.data.StandardScaler,steps__select=sklearn.feature_selection.univariate_selection.SelectPercentile,steps__model=sklearn.svm.classes.SVC))",0
5812,"sklearn.pipeline.Pipeline(steps__OneHotEncoder=sklearn.preprocessing.data.OneHotEncoder,steps__scaler=sklearn.preprocessing.data.StandardScaler,steps__select=sklearn.feature_selection.univariate_selection.SelectPercentile,steps__model=sklearn.svm.classes.SVC)",0
5828,"sklearn.pipeline.Pipeline(OneHotEncoder=sklearn.preprocessing.data.OneHotEncoder,Feature_Removal=sklearn.feature_selection.univariate_selection.SelectKBest,Classifier=sklearn.svm.classes.SVC)",0
5840,"sklearn.pipeline.Pipeline(steps__Imputer=sklearn.preprocessing.imputation.Imputer,steps__preprocessing=sklearn.preprocessing.data.StandardScaler,steps__features=sklearn.feature_selection.univariate_selection.SelectPercentile,steps__classifier=sklearn.svm.classes.SVC)",0
5875,"sklearn.pipeline.Pipeline(Imputer=openml.utils.preprocessing.ConditionalImputer,OneHotEncoder=sklearn.preprocessing.data.OneHotEncoder,VarianceThreshold=sklearn.feature_selection.variance_threshold.VarianceThreshold,Estimator=sklearn.model_selection._search.RandomizedSearchCV(estimator=sklearn.svm.classes.SVC))",0
5876,sklearn.model_selection._search.RandomizedSearchCV(estimator=sklearn.svm.classes.SVC),0
5877,sklearn.svm.classes.SVC,0
5983,"sklearn.pipeline.Pipeline(dualimputer=helper.dual_imputer.DualImputer,standardscaler=sklearn.preprocessing.data.StandardScaler,svc=sklearn.svm.classes.SVC)",56
6009,sklearn.pipeline.Pipeline(svc=sklearn.svm.classes.SVC),7
6010,"sklearn.pipeline.Pipeline(dualimputer=helper.dual_imputer.DualImputer,svc=sklearn.svm.classes.SVC)",2
6041,"sklearn.pipeline.Pipeline(dualimputer=helper.dual_imputer.DualImputer,kernelpca=sklearn.decomposition.kernel_pca.KernelPCA,svc=sklearn.svm.classes.SVC)",2
6043,"sklearn.pipeline.Pipeline(dualimputer=helper.dual_imputer.DualImputer,variancethreshold=sklearn.feature_selection.variance_threshold.VarianceThreshold,svc=sklearn.svm.classes.SVC)",1
6097,"sklearn.pipeline.Pipeline(nystroem=sklearn.kernel_approximation.Nystroem,svc=sklearn.svm.classes.SVC)",3
6246,"sklearn.pipeline.Pipeline(dualimputer=extra.dual_imputer.DualImputer,standardscaler=sklearn.preprocessing.data.StandardScaler,svc=sklearn.svm.classes.SVC)",4
6264,"sklearn.pipeline.Pipeline(dualimputer=extra.dual_imputer.DualImputer,svc=sklearn.svm.classes.SVC)",1
6269,"sklearn.pipeline.Pipeline(standardscaler=sklearn.preprocessing.data.StandardScaler,svc=sklearn.svm.classes.SVC)",50
6589,"sklearn.pipeline.Pipeline(dualimputer=extra.dual_imputer.DualImputer,standardscaler=sklearn.preprocessing.data.StandardScaler,svc=sklearn.svm.classes.SVC)",1
6600,"sklearn.pipeline.Pipeline(dualimputer=extra.dual_imputer.DualImputer,svc=sklearn.svm.classes.SVC)",2
6952,"sklearn.pipeline.Pipeline(imputation=openmlstudy14.preprocessing.ConditionalImputer,hotencoding=sklearn.preprocessing.data.OneHotEncoder,variencethreshold=sklearn.feature_selection.variance_threshold.VarianceThreshold,classifier=sklearn.svm.classes.SVC)",58972
6953,sklearn.svm.classes.SVC,0
6954,"sklearn.pipeline.Pipeline(imputation=openmlstudy14.preprocessing.ConditionalImputer,hotencoding=sklearn.preprocessing.data.OneHotEncoder,variencethreshold=sklearn.feature_selection.variance_threshold.VarianceThreshold,classifier=sklearn.svm.classes.SVC)",279
6957,sklearn.svm.classes.SVC,1
6994,sklearn.model_selection._search.GridSearchCV(estimator=sklearn.svm.classes.SVC),0
6995,sklearn.svm.classes.SVC,2
7010,optimus_ml.optimizer.model_optimizer.ModelOptimizer(estimator=sklearn.svm.classes.SVC),8
7091,optimus_ml.optimizer.model_optimizer.ModelOptimizer(estimator=sklearn.svm.classes.SVC),1
7103,"sklearn.pipeline.Pipeline(imputation=openmlstudy14.preprocessing.ConditionalImputer,hotencoding=sklearn.preprocessing.data.OneHotEncoder,variencethreshold=sklearn.feature_selection.variance_threshold.VarianceThreshold,classifier=sklearn.svm.classes.SVC)",42
7107,sklearn.svm.classes.SVC,0
7120,"sklearn.model_selection._search.RandomizedSearchCV(estimator=sklearn.pipeline.Pipeline(imputation=openmlstudy14.preprocessing.ConditionalImputer,hotencoding=sklearn.preprocessing.data.OneHotEncoder,variencethreshold=sklearn.feature_selection.variance_threshold.VarianceThreshold,classifier=sklearn.svm.classes.SVC))",30
7121,"sklearn.model_selection._search.RandomizedSearchCV(estimator=sklearn.pipeline.Pipeline(imputation=openmlstudy14.preprocessing.ConditionalImputer,hotencoding=sklearn.preprocessing.data.OneHotEncoder,variencethreshold=sklearn.feature_selection.variance_threshold.VarianceThreshold,classifier=sklearn.svm.classes.SVC))",0
7194,sklearn.svm.classes.SVC,1
7199,sklearn.model_selection._search.RandomizedSearchCV(estimator=sklearn.svm.classes.SVC),2
7202,"sklearn.pipeline.Pipeline(imputer=Preprocessing.preprocessingOpenML14.ConditionalImputer,one_hot_encoder=sklearn.preprocessing.data.OneHotEncoder,standardization=sklearn.preprocessing.data.StandardScaler,variance-thresholding=sklearn.feature_selection.variance_threshold.VarianceThreshold,estimator=sklearn.svm.classes.SVC)",0
7207,sklearn.svm.classes.SVC,0
7208,"sklearn.model_selection._search.RandomizedSearchCV(estimator=sklearn.pipeline.Pipeline(imputer=Preprocessing.preprocessingOpenML14.ConditionalImputer,one_hot_encoder=sklearn.preprocessing.data.OneHotEncoder,standardization=sklearn.preprocessing.data.StandardScaler,variance-thresholding=sklearn.feature_selection.variance_threshold.VarianceThreshold,estimator=sklearn.svm.classes.SVC))",0
7215,"sklearn.pipeline.Pipeline(imputer=sklearn.preprocessing.imputation.Imputer,estimator=sklearn.svm.classes.SVC)",0
7220,"sklearn.model_selection._search.RandomizedSearchCV(estimator=sklearn.pipeline.Pipeline(imputer=Preprocessing.preprocessingOpenML14.ConditionalImputer,one_hot_encoder=sklearn.preprocessing.data.OneHotEncoder,standardization=sklearn.preprocessing.data.StandardScaler,variance-thresholding=Preprocessing.preprocessingOpenML14.MemoryEfficientVarianceThreshold,estimator=sklearn.svm.classes.SVC))",0
7221,"sklearn.pipeline.Pipeline(imputer=Preprocessing.preprocessingOpenML14.ConditionalImputer,one_hot_encoder=sklearn.preprocessing.data.OneHotEncoder,standardization=sklearn.preprocessing.data.StandardScaler,variance-thresholding=Preprocessing.preprocessingOpenML14.MemoryEfficientVarianceThreshold,estimator=sklearn.svm.classes.SVC)",0
7362,TESTbd1cdc339dsklearn.svm.classes.SVC,0
7519,TEST1d4eae7525sklearn.svm.classes.SVC,0
7527,TEST83af9daba4sklearn.svm.classes.SVC,0
7557,TESTfb6541bc26sklearn.svm.classes.SVC,0
7566,TESTac56914152sklearn.svm.classes.SVC,0
7610,"sklearn.model_selection._search.RandomizedSearchCV(estimator=sklearn.pipeline.Pipeline(imputation=Preprocessing.preprocessingOpenML14.ConditionalImputer,one_hot_encoder=sklearn.preprocessing.data.OneHotEncoder,variance-thresholding=sklearn.feature_selection.variance_threshold.VarianceThreshold,standardization=sklearn.preprocessing.data.StandardScaler,classifier=sklearn.svm.classes.SVC))",0
7611,"sklearn.pipeline.Pipeline(imputation=Preprocessing.preprocessingOpenML14.ConditionalImputer,one_hot_encoder=sklearn.preprocessing.data.OneHotEncoder,variance-thresholding=sklearn.feature_selection.variance_threshold.VarianceThreshold,standardization=sklearn.preprocessing.data.StandardScaler,classifier=sklearn.svm.classes.SVC)",0
7628,"sklearn.model_selection._search.RandomizedSearchCV(estimator=sklearn.pipeline.Pipeline(imputation=Preprocessing.preprocessingOpenML14.ConditionalImputer,one_hot_encoder=sklearn.preprocessing.data.OneHotEncoder,variance-thresholding=sklearn.feature_selection.variance_threshold.VarianceThreshold,standardization=sklearn.preprocessing.data.StandardScaler,classifier=sklearn.svm.classes.SVC))",0
7629,"sklearn.pipeline.Pipeline(imputation=Preprocessing.preprocessingOpenML14.ConditionalImputer,one_hot_encoder=sklearn.preprocessing.data.OneHotEncoder,variance-thresholding=sklearn.feature_selection.variance_threshold.VarianceThreshold,standardization=sklearn.preprocessing.data.StandardScaler,classifier=sklearn.svm.classes.SVC)",0
7630,sklearn.svm.classes.SVC,14
7638,"sklearn.model_selection._search.RandomizedSearchCV(estimator=sklearn.pipeline.Pipeline(imputation=mylib.preprocessing_openml14.ConditionalImputer,one_hot_encoder=sklearn.preprocessing.data.OneHotEncoder,variance-thresholding=sklearn.feature_selection.variance_threshold.VarianceThreshold,standardization=sklearn.preprocessing.data.StandardScaler,classifier=sklearn.svm.classes.SVC))",0
7639,"sklearn.pipeline.Pipeline(imputation=mylib.preprocessing_openml14.ConditionalImputer,one_hot_encoder=sklearn.preprocessing.data.OneHotEncoder,variance-thresholding=sklearn.feature_selection.variance_threshold.VarianceThreshold,standardization=sklearn.preprocessing.data.StandardScaler,classifier=sklearn.svm.classes.SVC)",0
7648,"sklearn.model_selection._search.RandomizedSearchCV(estimator=sklearn.pipeline.Pipeline(imputation=mylib.preprocessing_openml14.ConditionalImputer,one_hot_encoder=sklearn.preprocessing.data.OneHotEncoder,variance-thresholding=sklearn.feature_selection.variance_threshold.VarianceThreshold,standardization=sklearn.preprocessing.data.StandardScaler,classifier=sklearn.svm.classes.SVC))",0
7649,"sklearn.pipeline.Pipeline(imputation=mylib.preprocessing_openml14.ConditionalImputer,one_hot_encoder=sklearn.preprocessing.data.OneHotEncoder,variance-thresholding=sklearn.feature_selection.variance_threshold.VarianceThreshold,standardization=sklearn.preprocessing.data.StandardScaler,classifier=sklearn.svm.classes.SVC)",0
7650,sklearn.svm.classes.SVC,67
7704,"sklearn.model_selection._search.RandomizedSearchCV(estimator=sklearn.pipeline.Pipeline(imputation=mylib.preprocessing_openml14.ConditionalImputer,one_hot_encoder=sklearn.preprocessing.data.OneHotEncoder,variance-thresholding=sklearn.feature_selection.variance_threshold.VarianceThreshold,standardization=sklearn.preprocessing.data.MinMaxScaler,classifier=sklearn.svm.classes.SVC))",0
7705,"sklearn.pipeline.Pipeline(imputation=mylib.preprocessing_openml14.ConditionalImputer,one_hot_encoder=sklearn.preprocessing.data.OneHotEncoder,variance-thresholding=sklearn.feature_selection.variance_threshold.VarianceThreshold,standardization=sklearn.preprocessing.data.MinMaxScaler,classifier=sklearn.svm.classes.SVC)",0
7707,"sklearn.pipeline.Pipeline(imputation=openmlstudy14.preprocessing.ConditionalImputer,hotencoding=sklearn.preprocessing.data.OneHotEncoder,scaling=sklearn.preprocessing.data.StandardScaler,variencethreshold=sklearn.feature_selection.variance_threshold.VarianceThreshold,classifier=sklearn.svm.classes.SVC)",67677
7708,sklearn.svm.classes.SVC,0
7709,"sklearn.model_selection._search.RandomizedSearchCV(estimator=sklearn.pipeline.Pipeline(imputation=openmlstudy14.preprocessing.ConditionalImputer,hotencoding=sklearn.preprocessing.data.OneHotEncoder,scaling=sklearn.preprocessing.data.StandardScaler,variencethreshold=sklearn.feature_selection.variance_threshold.VarianceThreshold,classifier=sklearn.svm.classes.SVC))",0
7733,"sklearn.model_selection._search.RandomizedSearchCV(estimator=sklearn.pipeline.Pipeline(imputation=mylib.preprocessing_openml14.ConditionalImputer,one_hot_encoder=sklearn.preprocessing.data.OneHotEncoder,variance-thresholding=sklearn.feature_selection.variance_threshold.VarianceThreshold,standardization=sklearn.preprocessing.data.MaxAbsScaler,classifier=sklearn.svm.classes.SVC))",0
7734,"sklearn.pipeline.Pipeline(imputation=mylib.preprocessing_openml14.ConditionalImputer,one_hot_encoder=sklearn.preprocessing.data.OneHotEncoder,variance-thresholding=sklearn.feature_selection.variance_threshold.VarianceThreshold,standardization=sklearn.preprocessing.data.MaxAbsScaler,classifier=sklearn.svm.classes.SVC)",0
7747,"sklearn.model_selection._search.RandomizedSearchCV(estimator=sklearn.pipeline.Pipeline(imputation=mylib.preprocessing_openml14.ConditionalImputer,one_hot_encoder=sklearn.preprocessing.data.OneHotEncoder,variance-thresholding=sklearn.feature_selection.variance_threshold.VarianceThreshold,classifier=sklearn.svm.classes.SVC))",0
7748,"sklearn.pipeline.Pipeline(imputation=mylib.preprocessing_openml14.ConditionalImputer,one_hot_encoder=sklearn.preprocessing.data.OneHotEncoder,variance-thresholding=sklearn.feature_selection.variance_threshold.VarianceThreshold,classifier=sklearn.svm.classes.SVC)",0
7756,"sklearn.model_selection._search.RandomizedSearchCV(estimator=sklearn.pipeline.Pipeline(imputation=mylib.preprocessing_openml14.ConditionalImputer,one-hot-encoder=sklearn.preprocessing.data.OneHotEncoder,variance-thresholding=sklearn.feature_selection.variance_threshold.VarianceThreshold,feature-scaling=sklearn.preprocessing.data.StandardScaler,classifier=sklearn.svm.classes.SVC))",291
7757,"sklearn.pipeline.Pipeline(imputation=mylib.preprocessing_openml14.ConditionalImputer,one-hot-encoder=sklearn.preprocessing.data.OneHotEncoder,variance-thresholding=sklearn.feature_selection.variance_threshold.VarianceThreshold,feature-scaling=sklearn.preprocessing.data.StandardScaler,classifier=sklearn.svm.classes.SVC)",0
7815,"sklearn.pipeline.Pipeline(Imputer=sklearn.preprocessing.imputation.Imputer,scaler=sklearn.preprocessing.data.MinMaxScaler,estimator=sklearn.svm.classes.SVC)",1
7819,"sklearn.pipeline.Pipeline(imputation=openmlcontrib.preprocessing.imputation.ConditionalImputer,hotencoding=sklearn.preprocessing.data.OneHotEncoder,scaling=sklearn.preprocessing.data.StandardScaler,variencethreshold=sklearn.feature_selection.variance_threshold.VarianceThreshold,classifier=sklearn.svm.classes.SVC)",199
7861,sklearn.pipeline.Pipeline(Classifier=sklearn.svm.classes.SVC),22
7870,"sklearn.pipeline.Pipeline(MinMaxScaler=sklearn.preprocessing.data.MinMaxScaler,Classifier=sklearn.svm.classes.SVC)",3
7873,"sklearn.model_selection._search.GridSearchCV(estimator=sklearn.pipeline.Pipeline(preprocessing=sklearn.preprocessing.data.StandardScaler,dimension_reduction=sklearn.decomposition.pca.PCA,classifier=sklearn.svm.classes.SVC))",1
7874,"sklearn.pipeline.Pipeline(preprocessing=sklearn.preprocessing.data.StandardScaler,dimension_reduction=sklearn.decomposition.pca.PCA,classifier=sklearn.svm.classes.SVC)",18
7875,"sklearn.pipeline.Pipeline(preprocessing=sklearn.preprocessing.data.Normalizer,dimension_reduction=sklearn.decomposition.pca.PCA,classifier=sklearn.svm.classes.SVC)",2
7877,"sklearn.pipeline.Pipeline(pca=sklearn.decomposition.pca.PCA,clf=sklearn.svm.classes.SVC)",7
7887,"sklearn.pipeline.Pipeline(StandardScaler=sklearn.preprocessing.data.StandardScaler,Classifier=sklearn.svm.classes.SVC)",3
7901,"sklearn.pipeline.Pipeline(preprocessing=sklearn.preprocessing.data.RobustScaler,dimension_reduction=sklearn.decomposition.pca.PCA,classifier=sklearn.svm.classes.SVC)",0
7907,"sklearn.pipeline.Pipeline(Scaler=sklearn.preprocessing.data.StandardScaler,Classifier=sklearn.svm.classes.SVC)",4
7924,"sklearn.model_selection._search.RandomizedSearchCV(estimator=sklearn.pipeline.Pipeline(scaler=sklearn.preprocessing.data.RobustScaler,svm=sklearn.svm.classes.SVC))",1
7925,"sklearn.pipeline.Pipeline(scaler=sklearn.preprocessing.data.RobustScaler,svm=sklearn.svm.classes.SVC)",1
7933,"sklearn.pipeline.Pipeline(scaler=sklearn.preprocessing.data.StandardScaler,pca=sklearn.decomposition.pca.PCA,svm=sklearn.svm.classes.SVC)",5
7934,"sklearn.pipeline.Pipeline(scaler=sklearn.preprocessing.data.MinMaxScaler,svm=sklearn.svm.classes.SVC)",7
7935,"sklearn.pipeline.Pipeline(scaler=sklearn.preprocessing.data.StandardScaler,svm=sklearn.svm.classes.SVC)",2
7936,"sklearn.pipeline.Pipeline(StandardScaler=sklearn.preprocessing.data.StandardScaler,PCA=sklearn.decomposition.pca.PCA,svm=sklearn.svm.classes.SVC)",1
7971,"sklearn.pipeline.Pipeline(transformer=sklearn.preprocessing.data.StandardScaler,estimator=sklearn.svm.classes.SVC)",0
7977,"sklearn.pipeline.Pipeline(transformer=sklearn.preprocessing.data.StandardScaler,reduction=sklearn.decomposition.pca.PCA,estimator=sklearn.svm.classes.SVC)",0
7988,"sklearn.model_selection._search.GridSearchCV(estimator=sklearn.pipeline.Pipeline(scaler=sklearn.preprocessing.data.MinMaxScaler,svm=sklearn.svm.classes.SVC))",1
7999,"sklearn.pipeline.Pipeline(preprocessing=sklearn.preprocessing.data.StandardScaler,classifier=sklearn.svm.classes.SVC)",0
8008,"sklearn.pipeline.Pipeline(standardscaler=sklearn.preprocessing.data.StandardScaler,svc=sklearn.svm.classes.SVC)",13
8012,sklearn.pipeline.Pipeline(svc=sklearn.svm.classes.SVC),1
8026,"sklearn.pipeline.Pipeline(feature_select=sklearn.feature_selection.from_model.SelectFromModel(estimator=sklearn.ensemble.forest.RandomForestClassifier),classifier=sklearn.svm.classes.SVC)",0
8033,"sklearn.pipeline.Pipeline(sclaer=sklearn.preprocessing.data.StandardScaler,feature_select=sklearn.feature_selection.from_model.SelectFromModel(estimator=sklearn.ensemble.forest.RandomForestClassifier),classifier=sklearn.svm.classes.SVC)",1
8038,sklearn.model_selection._search.GridSearchCV(estimator=sklearn.svm.classes.SVC),4
8044,"sklearn.pipeline.Pipeline(scaler=sklearn.preprocessing.data.MinMaxScaler,svm=sklearn.svm.classes.SVC)",4
8048,"sklearn.pipeline.Pipeline(Scaler=sklearn.preprocessing.data.StandardScaler,PCA=sklearn.decomposition.pca.PCA,Classifier=sklearn.svm.classes.SVC)",4
8059,"sklearn.pipeline.Pipeline(PCA=sklearn.decomposition.pca.PCA,Classifier=sklearn.svm.classes.SVC)",2
8060,"sklearn.pipeline.Pipeline(Imputer=sklearn.preprocessing.imputation.Imputer,PCA=sklearn.decomposition.pca.PCA,Classifier=sklearn.svm.classes.SVC)",1
8065,"sklearn.pipeline.Pipeline(Scaler=sklearn.preprocessing.data.RobustScaler,Classifier=sklearn.svm.classes.SVC)",2
8081,"sklearn.pipeline.Pipeline(Scaler=sklearn.preprocessing.data.StandardScaler,Decomposition=sklearn.decomposition.pca.PCA,Classifier=sklearn.svm.classes.SVC)",7
8084,sklearn.pipeline.Pipeline(Classifier3=sklearn.svm.classes.SVC),0
8112,"sklearn.pipeline.Pipeline(standardscaler=sklearn.preprocessing.data.StandardScaler,pca=sklearn.decomposition.pca.PCA,svc=sklearn.svm.classes.SVC)",3
8117,"sklearn.pipeline.Pipeline(scaler=sklearn.preprocessing.data.StandardScaler,svc=sklearn.svm.classes.SVC)",1
8118,"sklearn.pipeline.Pipeline(scaler=sklearn.preprocessing.data.MinMaxScaler,svc=sklearn.svm.classes.SVC)",1
8136,"sklearn.pipeline.Pipeline(feature_reduce=sklearn.decomposition.pca.PCA,classifier=sklearn.svm.classes.SVC)",2
8139,"sklearn.pipeline.Pipeline(preprocessing=sklearn.preprocessing.data.MinMaxScaler,dimensionality_reduction=sklearn.decomposition.pca.PCA,classifier=sklearn.svm.classes.SVC)",2
8144,"imblearn.pipeline.Pipeline(SMOTE=imblearn.over_sampling.smote.SMOTE,Scaler=sklearn.preprocessing.data.StandardScaler,PCA=sklearn.decomposition.pca.PCA,Classifier=sklearn.svm.classes.SVC)",3
8146,"sklearn.pipeline.Pipeline(reduce_dim=sklearn.decomposition.pca.PCA,clf=sklearn.svm.classes.SVC)",2
8163,"sklearn.pipeline.Pipeline(preprocessing=sklearn.preprocessing.data.StandardScaler,pca=sklearn.decomposition.pca.PCA,classifier=sklearn.svm.classes.SVC)",1
8180,sklearn.pipeline.Pipeline(svm=sklearn.svm.classes.SVC),1
8181,"sklearn.pipeline.Pipeline(scaler=sklearn.preprocessing.data.StandardScaler,svm=sklearn.svm.classes.SVC)",2
8186,sklearn.model_selection._search.RandomizedSearchCV(estimator=sklearn.svm.classes.SVC),1
8191,"sklearn.pipeline.Pipeline(Scaler=sklearn.preprocessing.data.MinMaxScaler,PCA=sklearn.decomposition.pca.PCA,svc=sklearn.svm.classes.SVC)",3
8192,"sklearn.pipeline.Pipeline(standardscaler=sklearn.preprocessing.data.StandardScaler,svc=sklearn.svm.classes.SVC)",2
8194,"sklearn.model_selection._search.GridSearchCV(estimator=sklearn.pipeline.Pipeline(scaler=sklearn.preprocessing.data.StandardScaler,svm=sklearn.svm.classes.SVC))",1
8212,"sklearn.pipeline.Pipeline(Scaler=sklearn.preprocessing.data.MinMaxScaler,PCA=sklearn.decomposition.pca.PCA,Classifier=sklearn.svm.classes.SVC)",3
8226,"imblearn.pipeline.Pipeline(ADASYN=imblearn.over_sampling.adasyn.ADASYN,Scaler=sklearn.preprocessing.data.StandardScaler,PCA=sklearn.decomposition.pca.PCA,Classifier=sklearn.svm.classes.SVC)",1
8230,"imblearn.pipeline.Pipeline(ADASYN=imblearn.over_sampling.adasyn.ADASYN,Scaler=sklearn.preprocessing.data.StandardScaler,Classifier=sklearn.svm.classes.SVC)",4
8246,"sklearn.pipeline.Pipeline(Imputer=sklearn.preprocessing.imputation.Imputer,Scaler=sklearn.preprocessing.data.StandardScaler,Classifier=sklearn.svm.classes.SVC)",1
8257,"sklearn.pipeline.Pipeline(Decomposition=sklearn.decomposition.pca.PCA,Classifier=sklearn.svm.classes.SVC)",9
8258,sklearn.pipeline.Pipeline(Classifier=sklearn.svm.classes.SVC),1
8267,"imblearn.pipeline.Pipeline(scaler=sklearn.preprocessing.data.StandardScaler,pac=sklearn.decomposition.pca.PCA,oversample=imblearn.over_sampling.adasyn.ADASYN,classifier=sklearn.svm.classes.SVC)",1
8272,"imblearn.pipeline.Pipeline(ADASYN=imblearn.over_sampling.adasyn.ADASYN,Scaler=sklearn.preprocessing.data.RobustScaler,Classifier=sklearn.svm.classes.SVC)",4
8278,"sklearn.pipeline.Pipeline(reduce_dim=sklearn.decomposition.pca.PCA,logistic_reg=sklearn.svm.classes.SVC)",1
8317,"sklearn.pipeline.Pipeline(imputation=hyperimp.utils.preprocessing.ConditionalImputer,hotencoding=sklearn.preprocessing.data.OneHotEncoder,scaling=sklearn.preprocessing.data.StandardScaler,variencethreshold=sklearn.feature_selection.variance_threshold.VarianceThreshold,clf=sklearn.svm.classes.SVC)",75415
8330,"sklearn.pipeline.Pipeline(imputation=openmlstudy14.preprocessing.ConditionalImputer,hotencoding=sklearn.preprocessing.data.OneHotEncoder,scaling=sklearn.preprocessing.data.StandardScaler,variencethreshold=sklearn.feature_selection.variance_threshold.VarianceThreshold,classifier=sklearn.svm.classes.SVC)",13316
8353,"sklearn.pipeline.Pipeline(imputation=hyperimp.utils.preprocessing.ConditionalImputer2,hotencoding=sklearn.preprocessing.data.OneHotEncoder,scaling=sklearn.preprocessing.data.StandardScaler,variencethreshold=sklearn.feature_selection.variance_threshold.VarianceThreshold,clf=sklearn.svm.classes.SVC)",62764
8399,"sklearn.model_selection._search.RandomizedSearchCV(estimator=sklearn.pipeline.Pipeline(imputation=hyperimp.utils.preprocessing.ConditionalImputer,hotencoding=sklearn.preprocessing.data.OneHotEncoder,scaling=sklearn.preprocessing.data.StandardScaler,variencethreshold=sklearn.feature_selection.variance_threshold.VarianceThreshold,clf=sklearn.svm.classes.SVC))",3540
8507,sklearn.svm.classes.SVC,6
8560,"sklearn.model_selection._search.RandomizedSearchCV(estimator=sklearn.pipeline.Pipeline(imputation=mylib.preprocessing_openml14.ConditionalImputer,one-hot-encoder=sklearn.preprocessing.data.OneHotEncoder,variance-thresholding=sklearn.feature_selection.variance_threshold.VarianceThreshold,feature-scaling=sklearn.preprocessing.data.StandardScaler,classifier=sklearn.svm.classes.SVC))",0
8561,"sklearn.pipeline.Pipeline(imputation=mylib.preprocessing_openml14.ConditionalImputer,one-hot-encoder=sklearn.preprocessing.data.OneHotEncoder,variance-thresholding=sklearn.feature_selection.variance_threshold.VarianceThreshold,feature-scaling=sklearn.preprocessing.data.StandardScaler,classifier=sklearn.svm.classes.SVC)",0
8562,sklearn.svm.classes.SVC,0
8586,sklearn.svm.classes.SVC,0
8594,"sklearn.pipeline.Pipeline(imputation=sklearn.preprocessing.imputation.Imputer,onehot=sklearn.preprocessing.data.OneHotEncoder,classifier=sklearn.svm.classes.SVC)",0
8662,"openmldefaults.search.default_search.DefaultSearchCV(estimator=sklearn.pipeline.Pipeline(imputation=openmlstudy14.preprocessing.ConditionalImputer,hotencoding=sklearn.preprocessing.data.OneHotEncoder,scaling=sklearn.preprocessing.data.StandardScaler,variencethreshold=sklearn.feature_selection.variance_threshold.VarianceThreshold,classifier=sklearn.svm.classes.SVC))",0
8663,"sklearn.pipeline.Pipeline(imputation=openmlstudy14.preprocessing.ConditionalImputer,hotencoding=sklearn.preprocessing.data.OneHotEncoder,scaling=sklearn.preprocessing.data.StandardScaler,variencethreshold=sklearn.feature_selection.variance_threshold.VarianceThreshold,classifier=sklearn.svm.classes.SVC)",0
8665,"sklearn.model_selection._search.RandomizedSearchCV(estimator=sklearn.pipeline.Pipeline(imputation=openmlstudy14.preprocessing.ConditionalImputer,hotencoding=sklearn.preprocessing.data.OneHotEncoder,scaling=sklearn.preprocessing.data.StandardScaler,variencethreshold=sklearn.feature_selection.variance_threshold.VarianceThreshold,classifier=sklearn.svm.classes.SVC))",0
8700,sklearn.svm.classes.SVC,0
8701,"sklearn.pipeline.Pipeline(imputer=sklearn.preprocessing.imputation.Imputer,estimator=sklearn.svm.classes.SVC)",0
8702,"sklearn.pipeline.Pipeline(imputer=sklearn.preprocessing.imputation.Imputer,scaler=sklearn.preprocessing.data.StandardScaler,estimator=sklearn.svm.classes.SVC)",0
8704,"sklearn.pipeline.Pipeline(imputer=sklearn.preprocessing.imputation.Imputer,Categorial=sklearn.preprocessing.data.OneHotEncoder,scaler=sklearn.preprocessing.data.StandardScaler,estimator=sklearn.svm.classes.SVC)",0
8709,"sklearn.pipeline.Pipeline(imputer=sklearn.preprocessing.imputation.Imputer,Categorial=sklearn.preprocessing.data.OneHotEncoder,scaler=sklearn.preprocessing.data.StandardScaler,estimator=sklearn.svm.classes.SVC)",0
8711,"sklearn.pipeline.Pipeline(imputer=sklearn.preprocessing.imputation.Imputer,scaler=sklearn.preprocessing.data.StandardScaler,estimator=sklearn.svm.classes.SVC)",0
8729,"sklearn.pipeline.Pipeline(imputer=sklearn.preprocessing.imputation.Imputer,Categorial=sklearn.preprocessing.data.OneHotEncoder,estimator=sklearn.svm.classes.SVC)",0
8731,"sklearn.pipeline.Pipeline(imputer=sklearn.preprocessing.imputation.Imputer,estimator=sklearn.svm.classes.SVC)",0
8746,"skopt.searchcv.BayesSearchCV(estimator=sklearn.pipeline.Pipeline(imputation=openmlstudy14.preprocessing.ConditionalImputer,hotencoding=sklearn.preprocessing.data.OneHotEncoder,scaling=sklearn.preprocessing.data.StandardScaler,variencethreshold=sklearn.feature_selection.variance_threshold.VarianceThreshold,classifier=sklearn.svm.classes.SVC))",0
8785,sklearn.svm.classes.SVC,0
8814,"sklearn.pipeline.Pipeline(columntransformer=sklearn.compose._column_transformer.ColumnTransformer(numeric=sklearn.pipeline.Pipeline(imputer=sklearn.preprocessing.imputation.Imputer,standardscaler=sklearn.preprocessing.data.StandardScaler),nominal=sklearn.pipeline.Pipeline(simpleimputer=sklearn.impute.SimpleImputer,onehotencoder=sklearn.preprocessing._encoders.OneHotEncoder)),svc=sklearn.svm.classes.SVC)",0
8817,"sklearn.pipeline.Pipeline(columntransformer=sklearn.compose._column_transformer.ColumnTransformer(numeric=sklearn.pipeline.Pipeline(imputer=sklearn.preprocessing.imputation.Imputer,standardscaler=sklearn.preprocessing.data.StandardScaler),nominal=sklearn.pipeline.Pipeline(simpleimputer=sklearn.impute.SimpleImputer,onehotencoder=sklearn.preprocessing._encoders.OneHotEncoder)),variancethreshold=sklearn.feature_selection.variance_threshold.VarianceThreshold,svc=sklearn.svm.classes.SVC)",247434
8818,"sklearn.pipeline.Pipeline(imputation=hyperimp.utils.preprocessing.ConditionalImputer2,hotencoding=sklearn.preprocessing.data.OneHotEncoder,scaling=sklearn.preprocessing.data.StandardScaler,variencethreshold=sklearn.feature_selection.variance_threshold.VarianceThreshold,clf=sklearn.svm.classes.SVC)",0
8823,"sklearn.model_selection._search.RandomizedSearchCV(estimator=sklearn.pipeline.Pipeline(columntransformer=sklearn.compose._column_transformer.ColumnTransformer(numeric=sklearn.pipeline.Pipeline(imputer=sklearn.preprocessing.imputation.Imputer,standardscaler=sklearn.preprocessing.data.StandardScaler),nominal=sklearn.pipeline.Pipeline(simpleimputer=sklearn.impute.SimpleImputer,onehotencoder=sklearn.preprocessing._encoders.OneHotEncoder)),variancethreshold=sklearn.feature_selection.variance_threshold.VarianceThreshold,svc=sklearn.svm.classes.SVC))",0
8872,"sklearn.pipeline.Pipeline(imputer=sklearn.preprocessing.imputation.Imputer,estimator=sklearn.svm.classes.SVC)",1
8873,sklearn.svm.classes.SVC,0
8880,"sklearn.pipeline.Pipeline(imputer=sklearn.impute.SimpleImputer,estimator=sklearn.svm.classes.SVC)",223
8909,"sklearn.pipeline.Pipeline(imputer=sklearn.preprocessing.imputation.Imputer,Categorial=sklearn.preprocessing._encoders.OneHotEncoder,estimator=sklearn.svm.classes.SVC)",0
8911,sklearn.svm.classes.SVC,0
8912,"sklearn.pipeline.Pipeline(imputer=sklearn.preprocessing.imputation.Imputer,Categorial=sklearn.preprocessing.data.OneHotEncoder,estimator=sklearn.svm.classes.SVC)",0
8913,sklearn.svm.classes.SVC,0
8914,"sklearn.pipeline.Pipeline(imputer=sklearn.preprocessing.imputation.Imputer,estimator=sklearn.svm.classes.SVC)",0
8915,"sklearn.pipeline.Pipeline(imputer=sklearn.preprocessing.imputation.Imputer,scaler=sklearn.preprocessing.data.StandardScaler,estimator=sklearn.svm.classes.SVC)",0
8916,"sklearn.pipeline.Pipeline(imputer=sklearn.preprocessing.imputation.Imputer,Categorial=sklearn.preprocessing.data.OneHotEncoder,scaler=sklearn.preprocessing.data.StandardScaler,estimator=sklearn.svm.classes.SVC)",0
8939,"sklearn.pipeline.Pipeline(imputer=sklearn.impute.SimpleImputer,estimator=scripts.machineLearningAlgorithms.WithoutOutliersClassifier(classifier=sklearn.svm.classes.SVC,outlierCLF=sklearn.ensemble.iforest.IsolationForest))",37
8940,"scripts.machineLearningAlgorithms.WithoutOutliersClassifier(classifier=sklearn.svm.classes.SVC,outlierCLF=sklearn.ensemble.iforest.IsolationForest)",0
9587,"sklearn.pipeline.Pipeline(simpleimputer=sklearn.impute.SimpleImputer,standardscaler=sklearn.preprocessing.data.StandardScaler,variancethreshold=sklearn.feature_selection.variance_threshold.VarianceThreshold,svc=sklearn.svm.classes.SVC)",0
9589,"sklearn.pipeline.Pipeline(imputer=sklearn.impute.SimpleImputer,hotencoding=sklearn.preprocessing._encoders.OneHotEncoder,scaling=sklearn.preprocessing.data.StandardScaler,variencethreshold=sklearn.feature_selection.variance_threshold.VarianceThreshold,classifier=sklearn.svm.classes.SVC)",0
9598,sklearn.svm.classes.SVC,1
9660,sklearn.svm.classes.SVC,1
9661,"sklearn.model_selection._search.GridSearchCV(estimator=sklearn.pipeline.Pipeline(scaler=sklearn.preprocessing.data.MinMaxScaler,svm=sklearn.svm.classes.SVC))",1
9662,"sklearn.pipeline.Pipeline(scaler=sklearn.preprocessing.data.MinMaxScaler,svm=sklearn.svm.classes.SVC)",0
9664,sklearn.model_selection._search.RandomizedSearchCV(estimator=sklearn.svm.classes.SVC),1
9665,sklearn.svm.classes.SVC,0
9672,"sklearn.pipeline.Pipeline(kbest=sklearn.feature_selection.univariate_selection.SelectKBest,scaler=sklearn.preprocessing.data.StandardScaler,classifier=sklearn.svm.classes.SVC)",1
9676,"sklearn.model_selection._search.GridSearchCV(estimator=sklearn.pipeline.Pipeline(scaler=sklearn.preprocessing.data.MinMaxScaler,imputer=sklearn.impute.SimpleImputer,svm=sklearn.svm.classes.SVC))",1
9677,"sklearn.pipeline.Pipeline(scaler=sklearn.preprocessing.data.MinMaxScaler,imputer=sklearn.impute.SimpleImputer,svm=sklearn.svm.classes.SVC)",0
9684,"sklearn.pipeline.Pipeline(col_trans1=sklearn.compose._column_transformer.ColumnTransformer(norm1=sklearn.impute.SimpleImputer,scaler=sklearn.preprocessing.data.StandardScaler),svc=sklearn.svm.classes.SVC)",1
10754,sklearn.svm.classes.SVC,0
11040,"sklearn.pipeline.Pipeline(imputer=sklearn.preprocessing.imputation.Imputer,Categorial=sklearn.preprocessing.data.OneHotEncoder,scaler=sklearn.preprocessing.data.StandardScaler,estimator=sklearn.svm.classes.SVC)",0
11042,sklearn.svm.classes.SVC,0
11043,"sklearn.pipeline.Pipeline(imputer=sklearn.preprocessing.imputation.Imputer,scaler=sklearn.preprocessing.data.StandardScaler,estimator=sklearn.svm.classes.SVC)",0
13389,sklearn.svm.classes.SVC,55
16345,"sklearn.pipeline.Pipeline(simpleimputer=sklearn.impute._base.SimpleImputer,standardscaler=sklearn.preprocessing.data.StandardScaler,svc=sklearn.svm.classes.SVC)",76281
16347,"sklearn.pipeline.Pipeline(simpleimputer=sklearn.impute._base.SimpleImputer,onehotencoder=sklearn.preprocessing._encoders.OneHotEncoder,svc=sklearn.svm.classes.SVC)",12377
16353,"sklearn.pipeline.Pipeline(simpleimputer=sklearn.impute._base.SimpleImputer,columntransformer=sklearn.compose._column_transformer.ColumnTransformer(num=sklearn.pipeline.Pipeline(scaler=sklearn.preprocessing.data.StandardScaler),cat=sklearn.pipeline.Pipeline(onehot=sklearn.preprocessing._encoders.OneHotEncoder)),svc=sklearn.svm.classes.SVC)",2
16357,"sklearn.pipeline.Pipeline(simpleimputer=sklearn.impute._base.SimpleImputer,standardscaler=sklearn.preprocessing.data.StandardScaler,svc=sklearn.svm.classes.SVC)",167
16360,sklearn.svm.classes.SVC,17317
16361,"sklearn.pipeline.Pipeline(simpleimputer=sklearn.impute._base.SimpleImputer,columntransformer=sklearn.compose._column_transformer.ColumnTransformer(num=sklearn.pipeline.Pipeline(scaler=sklearn.preprocessing.data.StandardScaler),cat=sklearn.pipeline.Pipeline(onehot=sklearn.preprocessing._encoders.OneHotEncoder)),svc=sklearn.svm.classes.SVC)",1
16366,"sklearn.pipeline.Pipeline(simpleimputer=sklearn.impute._base.SimpleImputer,onehotencoder=sklearn.preprocessing._encoders.OneHotEncoder,svc=sklearn.svm.classes.SVC)",967
16367,"sklearn.pipeline.Pipeline(columntransformer=sklearn.compose._column_transformer.ColumnTransformer(num=sklearn.pipeline.Pipeline(simpleimputer=sklearn.impute._base.SimpleImputer,standardscaler=sklearn.preprocessing.data.StandardScaler),cat=sklearn.pipeline.Pipeline(onehotencoder=sklearn.preprocessing._encoders.OneHotEncoder)),svc=sklearn.svm.classes.SVC)",1
16371,"sklearn.pipeline.Pipeline(simpleimputer=sklearn.impute._base.SimpleImputer,columntransformer=sklearn.compose._column_transformer.ColumnTransformer(num=sklearn.pipeline.Pipeline(standardscaler=sklearn.preprocessing.data.StandardScaler),cat=sklearn.pipeline.Pipeline(onehotencoder=sklearn.preprocessing._encoders.OneHotEncoder)),svc=sklearn.svm.classes.SVC)",16
16374,"sklearn.pipeline.Pipeline(simpleimputer=sklearn.impute._base.SimpleImputer,columntransformer=sklearn.compose._column_transformer.ColumnTransformer(num=sklearn.pipeline.Pipeline(standardscaler=sklearn.preprocessing.data.StandardScaler),cat=sklearn.pipeline.Pipeline(onehotencoder=sklearn.preprocessing._encoders.OneHotEncoder)),svc=sklearn.svm.classes.SVC)",6877
16378,"sklearn.pipeline.Pipeline(columntransformer=sklearn.compose._column_transformer.ColumnTransformer(num=sklearn.pipeline.Pipeline(standardscaler=sklearn.preprocessing.data.StandardScaler),cat=sklearn.pipeline.Pipeline(onehotencoder=sklearn.preprocessing._encoders.OneHotEncoder)),svc=sklearn.svm.classes.SVC)",7
16379,"sklearn.pipeline.Pipeline(standardscaler=sklearn.preprocessing.data.StandardScaler,svc=sklearn.svm.classes.SVC)",6
17274,sklearn.pipeline.Pipeline(svc=sklearn.svm.classes.SVC),5
17275,"sklearn.pipeline.Pipeline(columntransformer=sklearn.compose._column_transformer.ColumnTransformer(standardscaler=sklearn.preprocessing.data.StandardScaler,onehotencoder=sklearn.preprocessing._encoders.OneHotEncoder),svc=sklearn.svm.classes.SVC)",4
17280,"sklearn.pipeline.Pipeline(columntransformer=sklearn.compose._column_transformer.ColumnTransformer(num=sklearn.pipeline.Pipeline(standardscaler=sklearn.preprocessing.data.StandardScaler),cat=sklearn.pipeline.Pipeline(onehotencoder=sklearn.preprocessing._encoders.OneHotEncoder)),svc=sklearn.svm.classes.SVC)",2
17286,sklearn.svm.classes.SVC,0
17296,sklearn.svm.classes.SVC,0
17297,sklearn.svm.classes.SVC,219
17312,"sklearn.pipeline.Pipeline(columntransformer=sklearn.compose._column_transformer.ColumnTransformer(numeric=sklearn.pipeline.Pipeline(imputer=sklearn.preprocessing.imputation.Imputer,standardscaler=sklearn.preprocessing.data.StandardScaler),nominal=sklearn.pipeline.Pipeline(simpleimputer=sklearn.impute._base.SimpleImputer,onehotencoder=sklearn.preprocessing._encoders.OneHotEncoder)),variancethreshold=sklearn.feature_selection.variance_threshold.VarianceThreshold,svc=sklearn.svm.classes.SVC)",161
17336,sklearn.svm.classes.SVC,1
17337,"sklearn.pipeline.Pipeline(simpleimputer=sklearn.impute._base.SimpleImputer,columntransformer=sklearn.compose._column_transformer.ColumnTransformer(num=sklearn.pipeline.Pipeline(standardscaler=sklearn.preprocessing.data.StandardScaler),cat=sklearn.pipeline.Pipeline(onehotencoder=sklearn.preprocessing._encoders.OneHotEncoder)),svc=sklearn.svm.classes.SVC)",2
17344,sklearn.pipeline.Pipeline(svc=sklearn.svm.classes.SVC),2
17345,sklearn.svm.classes.SVC,0
17351,"sklearn.pipeline.Pipeline(imputation=sklearn.impute._base.SimpleImputer,variancethreshold=sklearn.feature_selection._variance_threshold.VarianceThreshold,classifier=sklearn.svm._classes.SVC)",0
17354,sklearn.svm._classes.SVC,0
17355,"sklearn.pipeline.Pipeline(imputation=sklearn.impute._base.SimpleImputer,classifier=sklearn.svm._classes.SVC)",0
17393,"sklearn.pipeline.Pipeline(columntransformer=sklearn.compose._column_transformer.ColumnTransformer(num=sklearn.pipeline.Pipeline(standardscaler=sklearn.preprocessing.data.StandardScaler),cat=sklearn.pipeline.Pipeline(onehotencoder=sklearn.preprocessing._encoders.OneHotEncoder)),svc=sklearn.svm.classes.SVC)",0
17399,sklearn.svm.classes.SVC,0
17400,"sklearn.pipeline.Pipeline(standardscaler=sklearn.preprocessing.data.StandardScaler,svc=sklearn.svm.classes.SVC)",0
17444,"sklearn.pipeline.Pipeline(columntransformer=sklearn.compose._column_transformer.ColumnTransformer(numeric=sklearn.pipeline.Pipeline(imputer=sklearn.preprocessing.imputation.Imputer,standardscaler=sklearn.preprocessing.data.StandardScaler),nominal=sklearn.pipeline.Pipeline(simpleimputer=sklearn.impute._base.SimpleImputer,onehotencoder=sklearn.preprocessing._encoders.OneHotEncoder)),variancethreshold=sklearn.feature_selection.variance_threshold.VarianceThreshold,svc=sklearn.svm.classes.SVC)",62
17445,sklearn.svm.classes.SVC,0
17447,"sklearn.pipeline.Pipeline(simpleimputer=sklearn.impute._base.SimpleImputer,standardscaler=sklearn.preprocessing.data.StandardScaler,svc=sklearn.svm.classes.SVC)",6
17449,"sklearn.pipeline.Pipeline(simpleimputer=sklearn.impute._base.SimpleImputer,onehotencoder=sklearn.preprocessing._encoders.OneHotEncoder,svc=sklearn.svm.classes.SVC)",1
17494,"sklearn.pipeline.Pipeline(simpleimputer=sklearn.impute._base.SimpleImputer,standardscaler=sklearn.preprocessing.data.StandardScaler,svc=sklearn.svm.classes.SVC)",558
17495,sklearn.svm.classes.SVC,0
17610,sklearn.svm._classes.SVC,1
17611,"sklearn.pipeline.Pipeline(step1=sklearn.impute._base.SimpleImputer,step2=sklearn.svm._classes.SVC)",1
17632,"sklearn.pipeline.Pipeline(standardscaler=sklearn.preprocessing._data.StandardScaler,svc=sklearn.svm._classes.SVC)",3
17634,"sklearn.calibration.CalibratedClassifierCV(base_estimator=sklearn.pipeline.Pipeline(standardscaler=sklearn.preprocessing._data.StandardScaler,svc=sklearn.svm._classes.SVC))",1
17635,"sklearn.pipeline.Pipeline(standardscaler=sklearn.preprocessing._data.StandardScaler,svc=sklearn.svm._classes.SVC)",21
17637,sklearn.svm._classes.SVC,0
17638,"sklearn.calibration.CalibratedClassifierCV(base_estimator=sklearn.pipeline.Pipeline(standardscaler=sklearn.preprocessing._data.StandardScaler,svc=sklearn.svm._classes.SVC))",21
17639,"sklearn.pipeline.Pipeline(simpleimputer=sklearn.impute._base.SimpleImputer,standardscaler=sklearn.preprocessing._data.StandardScaler,svc=sklearn.svm._classes.SVC)",1
17640,"sklearn.pipeline.Pipeline(simpleimputer=sklearn.impute._base.SimpleImputer,standardscaler=sklearn.preprocessing._data.StandardScaler,svc=sklearn.svm._classes.SVC)",66
17642,"sklearn.calibration.CalibratedClassifierCV(base_estimator=sklearn.pipeline.Pipeline(simpleimputer=sklearn.impute._base.SimpleImputer,standardscaler=sklearn.preprocessing._data.StandardScaler,svc=sklearn.svm._classes.SVC))",66
17690,sklearn.svm.classes.SVC,0
17706,sklearn.pipeline.Pipeline(step_0=sklearn.svm._classes.SVC),68
17707,sklearn.svm._classes.SVC,1
17712,"sklearn.pipeline.Pipeline(step_0=automl.components.feature_preprocessing.multi_column_label_encoder.MultiColumnLabelEncoderComponent,step_1=sklearn.svm._classes.SVC)",36
17713,"sklearn.pipeline.Pipeline(step_0=automl.components.feature_preprocessing.one_hot_encoding.OneHotEncoderComponent,step_1=sklearn.svm._classes.SVC)",39
17733,"sklearn.pipeline.Pipeline(step_0=sklearn.decomposition._factor_analysis.FactorAnalysis,step_1=sklearn.svm._classes.SVC)",32
17764,"sklearn.pipeline.Pipeline(step_0=sklearn.preprocessing._data.QuantileTransformer,step_1=sklearn.svm._classes.SVC)",18
17772,"sklearn.pipeline.Pipeline(step_0=sklearn.preprocessing._data.Normalizer,step_1=sklearn.svm._classes.SVC)",18
17773,"sklearn.pipeline.Pipeline(step_0=sklearn.decomposition._truncated_svd.TruncatedSVD,step_1=sklearn.svm._classes.SVC)",34
17782,"sklearn.pipeline.Pipeline(step_0=sklearn.decomposition._pca.PCA,step_1=sklearn.svm._classes.SVC)",24
17788,"sklearn.pipeline.Pipeline(step_0=sklearn.preprocessing._data.StandardScaler,step_1=sklearn.svm._classes.SVC)",13
17807,"sklearn.pipeline.Pipeline(step_0=sklearn.preprocessing._data.MinMaxScaler,step_1=sklearn.svm._classes.SVC)",9
17815,"sklearn.pipeline.Pipeline(step_0=sklearn.preprocessing._data.PolynomialFeatures,step_1=sklearn.svm._classes.SVC)",9
17819,"sklearn.pipeline.Pipeline(step_0=sklearn.preprocessing._discretization.KBinsDiscretizer,step_1=sklearn.svm._classes.SVC)",16
17835,"sklearn.pipeline.Pipeline(step_0=sklearn.preprocessing._data.MaxAbsScaler,step_1=sklearn.svm._classes.SVC)",13
17838,"sklearn.pipeline.Pipeline(step_0=sklearn.decomposition._kernel_pca.KernelPCA,step_1=sklearn.svm._classes.SVC)",8
17842,"sklearn.pipeline.Pipeline(step_0=sklearn.cluster._agglomerative.FeatureAgglomeration,step_1=sklearn.svm._classes.SVC)",16
17848,"sklearn.pipeline.Pipeline(step_0=automl.components.data_preprocessing.imputation.ImputationComponent,step_1=sklearn.svm._classes.SVC)",15
17849,"sklearn.pipeline.Pipeline(step_0=sklearn.feature_selection._univariate_selection.GenericUnivariateSelect,step_1=sklearn.svm._classes.SVC)",5
17851,"sklearn.pipeline.Pipeline(step_0=sklearn.decomposition._fastica.FastICA,step_1=sklearn.svm._classes.SVC)",13
17859,"sklearn.pipeline.Pipeline(step_0=sklearn.impute._knn.KNNImputer,step_1=sklearn.svm._classes.SVC)",22
17860,"sklearn.pipeline.Pipeline(step_0=sklearn.feature_selection._variance_threshold.VarianceThreshold,step_1=sklearn.svm._classes.SVC)",7
17862,"sklearn.pipeline.Pipeline(step_0=sklearn.feature_selection._univariate_selection.SelectPercentile,step_1=sklearn.svm._classes.SVC)",5
17866,"sklearn.pipeline.Pipeline(step_0=sklearn.preprocessing._data.RobustScaler,step_1=sklearn.svm._classes.SVC)",24
17997,"sklearn.pipeline.Pipeline(step_0=automl.components.feature_preprocessing.multi_column_label_encoder.MultiColumnLabelEncoderComponent,step_1=sklearn.decomposition._pca.PCA,step_2=sklearn.svm._classes.SVC)",9
18001,"sklearn.pipeline.Pipeline(step_0=automl.components.feature_preprocessing.one_hot_encoding.OneHotEncoderComponent,step_1=sklearn.decomposition._fastica.FastICA,step_2=sklearn.svm._classes.SVC)",5
18005,"sklearn.pipeline.Pipeline(step_0=automl.components.feature_preprocessing.multi_column_label_encoder.MultiColumnLabelEncoderComponent,step_1=sklearn.preprocessing._data.StandardScaler,step_2=sklearn.svm._classes.SVC)",5
18009,"sklearn.pipeline.Pipeline(step_0=automl.components.feature_preprocessing.one_hot_encoding.OneHotEncoderComponent,step_1=sklearn.feature_selection._univariate_selection.SelectPercentile,step_2=sklearn.svm._classes.SVC)",5
18042,"sklearn.pipeline.Pipeline(step_0=automl.components.feature_preprocessing.one_hot_encoding.OneHotEncoderComponent,step_1=sklearn.cluster._agglomerative.FeatureAgglomeration,step_2=sklearn.svm._classes.SVC)",7
18045,"sklearn.pipeline.Pipeline(step_0=automl.components.feature_preprocessing.multi_column_label_encoder.MultiColumnLabelEncoderComponent,step_1=sklearn.decomposition._truncated_svd.TruncatedSVD,step_2=sklearn.svm._classes.SVC)",6
18047,"sklearn.pipeline.Pipeline(step_0=automl.components.feature_preprocessing.one_hot_encoding.OneHotEncoderComponent,step_1=sklearn.preprocessing._data.MaxAbsScaler,step_2=sklearn.svm._classes.SVC)",5
18049,"sklearn.pipeline.Pipeline(step_0=automl.components.feature_preprocessing.multi_column_label_encoder.MultiColumnLabelEncoderComponent,step_1=sklearn.preprocessing._data.MinMaxScaler,step_2=sklearn.svm._classes.SVC)",2
18050,"sklearn.pipeline.Pipeline(step_0=automl.components.feature_preprocessing.multi_column_label_encoder.MultiColumnLabelEncoderComponent,step_1=sklearn.cluster._agglomerative.FeatureAgglomeration,step_2=sklearn.svm._classes.SVC)",4
18058,"sklearn.pipeline.Pipeline(step_0=automl.components.feature_preprocessing.multi_column_label_encoder.MultiColumnLabelEncoderComponent,step_1=sklearn.preprocessing._data.Binarizer,step_2=sklearn.svm._classes.SVC)",3
18060,"sklearn.pipeline.Pipeline(step_0=automl.components.feature_preprocessing.multi_column_label_encoder.MultiColumnLabelEncoderComponent,step_1=sklearn.preprocessing._data.QuantileTransformer,step_2=sklearn.svm._classes.SVC)",1
18077,"sklearn.pipeline.Pipeline(step_0=automl.components.feature_preprocessing.one_hot_encoding.OneHotEncoderComponent,step_1=automl.components.data_preprocessing.imputation.ImputationComponent,step_2=sklearn.svm._classes.SVC)",5
18078,"sklearn.pipeline.Pipeline(step_0=automl.components.data_preprocessing.imputation.ImputationComponent,step_1=automl.components.feature_preprocessing.one_hot_encoding.OneHotEncoderComponent,step_2=sklearn.svm._classes.SVC)",7
18079,"sklearn.pipeline.Pipeline(step_0=automl.components.feature_preprocessing.one_hot_encoding.OneHotEncoderComponent,step_1=sklearn.impute._knn.KNNImputer,step_2=sklearn.svm._classes.SVC)",5
18080,"sklearn.pipeline.Pipeline(step_0=automl.components.feature_preprocessing.one_hot_encoding.OneHotEncoderComponent,step_1=automl.components.feature_preprocessing.multi_column_label_encoder.MultiColumnLabelEncoderComponent,step_2=sklearn.svm._classes.SVC)",3
18081,"sklearn.pipeline.Pipeline(step_0=automl.components.feature_preprocessing.one_hot_encoding.OneHotEncoderComponent,step_1=sklearn.feature_selection._variance_threshold.VarianceThreshold,step_2=sklearn.svm._classes.SVC)",4
18082,"sklearn.pipeline.Pipeline(step_0=automl.components.feature_preprocessing.one_hot_encoding.OneHotEncoderComponent,step_1=sklearn.preprocessing._data.StandardScaler,step_2=sklearn.svm._classes.SVC)",3
18098,"sklearn.pipeline.Pipeline(step_0=automl.components.feature_preprocessing.one_hot_encoding.OneHotEncoderComponent,step_1=sklearn.preprocessing._data.Normalizer,step_2=sklearn.svm._classes.SVC)",3
18118,"sklearn.pipeline.Pipeline(step_0=automl.components.feature_preprocessing.one_hot_encoding.OneHotEncoderComponent,step_1=sklearn.preprocessing._data.Binarizer,step_2=sklearn.svm._classes.SVC)",9
18121,"sklearn.pipeline.Pipeline(step_0=automl.components.feature_preprocessing.multi_column_label_encoder.MultiColumnLabelEncoderComponent,step_1=sklearn.feature_selection._univariate_selection.SelectPercentile,step_2=sklearn.svm._classes.SVC)",3
18122,"sklearn.pipeline.Pipeline(step_0=automl.components.feature_preprocessing.multi_column_label_encoder.MultiColumnLabelEncoderComponent,step_1=sklearn.feature_selection._univariate_selection.GenericUnivariateSelect,step_2=sklearn.svm._classes.SVC)",1
18126,"sklearn.pipeline.Pipeline(step_0=automl.components.feature_preprocessing.one_hot_encoding.OneHotEncoderComponent,step_1=sklearn.preprocessing._discretization.KBinsDiscretizer,step_2=sklearn.svm._classes.SVC)",4
18131,"sklearn.pipeline.Pipeline(step_0=automl.components.feature_preprocessing.multi_column_label_encoder.MultiColumnLabelEncoderComponent,step_1=sklearn.decomposition._fastica.FastICA,step_2=sklearn.svm._classes.SVC)",8
18133,"sklearn.pipeline.Pipeline(step_0=automl.components.feature_preprocessing.one_hot_encoding.OneHotEncoderComponent,step_1=sklearn.decomposition._factor_analysis.FactorAnalysis,step_2=sklearn.svm._classes.SVC)",4
18138,"sklearn.pipeline.Pipeline(step_0=automl.components.feature_preprocessing.one_hot_encoding.OneHotEncoderComponent,step_1=sklearn.preprocessing._data.MinMaxScaler,step_2=sklearn.svm._classes.SVC)",2
18153,"sklearn.pipeline.Pipeline(step_0=automl.components.feature_preprocessing.multi_column_label_encoder.MultiColumnLabelEncoderComponent,step_1=automl.components.data_preprocessing.imputation.ImputationComponent,step_2=sklearn.svm._classes.SVC)",3
18156,"sklearn.pipeline.Pipeline(step_0=automl.components.feature_preprocessing.multi_column_label_encoder.MultiColumnLabelEncoderComponent,step_1=sklearn.feature_selection._variance_threshold.VarianceThreshold,step_2=sklearn.svm._classes.SVC)",3
18157,"sklearn.pipeline.Pipeline(step_0=automl.components.feature_preprocessing.multi_column_label_encoder.MultiColumnLabelEncoderComponent,step_1=automl.components.feature_preprocessing.one_hot_encoding.OneHotEncoderComponent,step_2=sklearn.svm._classes.SVC)",3
18158,"sklearn.pipeline.Pipeline(step_0=automl.components.feature_preprocessing.multi_column_label_encoder.MultiColumnLabelEncoderComponent,step_1=sklearn.impute._knn.KNNImputer,step_2=sklearn.svm._classes.SVC)",6
18159,"sklearn.pipeline.Pipeline(step_0=automl.components.feature_preprocessing.multi_column_label_encoder.MultiColumnLabelEncoderComponent,step_1=sklearn.preprocessing._data.RobustScaler,step_2=sklearn.svm._classes.SVC)",5
18164,"sklearn.pipeline.Pipeline(step_0=automl.components.feature_preprocessing.multi_column_label_encoder.MultiColumnLabelEncoderComponent,step_1=sklearn.decomposition._factor_analysis.FactorAnalysis,step_2=sklearn.svm._classes.SVC)",12
18188,"sklearn.pipeline.Pipeline(step_0=automl.components.feature_preprocessing.multi_column_label_encoder.MultiColumnLabelEncoderComponent,step_1=sklearn.decomposition._kernel_pca.KernelPCA,step_2=sklearn.svm._classes.SVC)",5
18196,"sklearn.pipeline.Pipeline(step_0=automl.components.feature_preprocessing.multi_column_label_encoder.MultiColumnLabelEncoderComponent,step_1=sklearn.preprocessing._data.MaxAbsScaler,step_2=sklearn.svm._classes.SVC)",6
18213,"sklearn.pipeline.Pipeline(step_0=automl.components.feature_preprocessing.one_hot_encoding.OneHotEncoderComponent,step_1=sklearn.decomposition._kernel_pca.KernelPCA,step_2=sklearn.svm._classes.SVC)",1
18236,"sklearn.pipeline.Pipeline(step_0=automl.components.feature_preprocessing.multi_column_label_encoder.MultiColumnLabelEncoderComponent,step_1=sklearn.preprocessing._data.Normalizer,step_2=sklearn.svm._classes.SVC)",3
18244,"sklearn.pipeline.Pipeline(step_0=automl.components.feature_preprocessing.one_hot_encoding.OneHotEncoderComponent,step_1=sklearn.preprocessing._data.QuantileTransformer,step_2=sklearn.svm._classes.SVC)",6
18252,"sklearn.pipeline.Pipeline(step_0=automl.components.feature_preprocessing.multi_column_label_encoder.MultiColumnLabelEncoderComponent,step_1=sklearn.preprocessing._discretization.KBinsDiscretizer,step_2=sklearn.svm._classes.SVC)",2
18281,"sklearn.pipeline.Pipeline(step_0=automl.components.feature_preprocessing.one_hot_encoding.OneHotEncoderComponent,step_1=sklearn.feature_selection._univariate_selection.GenericUnivariateSelect,step_2=sklearn.svm._classes.SVC)",1
18298,"sklearn.pipeline.Pipeline(simpleimputer=sklearn.impute._base.SimpleImputer,columntransformer=sklearn.compose._column_transformer.ColumnTransformer(num=sklearn.pipeline.Pipeline(standardscaler=sklearn.preprocessing.data.StandardScaler),cat=sklearn.pipeline.Pipeline(onehotencoder=sklearn.preprocessing._encoders.OneHotEncoder)),svc=sklearn.svm.classes.SVC)",228
18305,"sklearn.pipeline.Pipeline(step_0=sklearn.preprocessing._data.Binarizer,step_1=sklearn.svm._classes.SVC)",1
18374,"sklearn.pipeline.Pipeline(step_0=automl.components.feature_preprocessing.multi_column_label_encoder.MultiColumnLabelEncoderComponent,step_1=sklearn.preprocessing._data.PolynomialFeatures,step_2=sklearn.svm._classes.SVC)",3
18388,"sklearn.pipeline.Pipeline(simpleimputer=sklearn.impute._base.SimpleImputer,onehotencoder=sklearn.preprocessing._encoders.OneHotEncoder,svc=sklearn.svm.classes.SVC)",29
18434,"sklearn.pipeline.Pipeline(step_0=automl.components.feature_preprocessing.one_hot_encoding.OneHotEncoderComponent,step_1=sklearn.preprocessing._data.RobustScaler,step_2=sklearn.svm._classes.SVC)",2
18444,"sklearn.pipeline.Pipeline(step_0=automl.components.feature_preprocessing.one_hot_encoding.OneHotEncoderComponent,step_1=sklearn.decomposition._pca.PCA,step_2=sklearn.svm._classes.SVC)",1
18447,"sklearn.pipeline.Pipeline(step_0=sklearn.feature_selection._univariate_selection.SelectKBest,step_1=sklearn.svm._classes.SVC)",1
18451,"sklearn.pipeline.Pipeline(step_0=sklearn.impute._base.MissingIndicator,step_1=sklearn.svm._classes.SVC)",3
18456,"sklearn.pipeline.Pipeline(step_0=sklearn.impute._base.MissingIndicator,step_1=automl.components.feature_preprocessing.one_hot_encoding.OneHotEncoderComponent,step_2=sklearn.svm._classes.SVC)",3
18457,"sklearn.pipeline.Pipeline(step_0=sklearn.impute._base.MissingIndicator,step_1=automl.components.feature_preprocessing.multi_column_label_encoder.MultiColumnLabelEncoderComponent,step_2=sklearn.svm._classes.SVC)",3
18459,"sklearn.pipeline.Pipeline(step_0=sklearn.impute._base.MissingIndicator,step_1=sklearn.decomposition._fastica.FastICA,step_2=sklearn.svm._classes.SVC)",12
18465,"sklearn.pipeline.Pipeline(step_0=sklearn.impute._base.MissingIndicator,step_1=sklearn.preprocessing._discretization.KBinsDiscretizer,step_2=sklearn.svm._classes.SVC)",7
18471,"sklearn.pipeline.Pipeline(step_0=sklearn.impute._base.MissingIndicator,step_1=sklearn.preprocessing._data.Normalizer,step_2=sklearn.svm._classes.SVC)",8
18490,"sklearn.pipeline.Pipeline(step_0=sklearn.impute._base.MissingIndicator,step_1=sklearn.decomposition._factor_analysis.FactorAnalysis,step_2=sklearn.svm._classes.SVC)",9
18495,"sklearn.pipeline.Pipeline(step_0=sklearn.impute._base.MissingIndicator,step_1=sklearn.decomposition._pca.PCA,step_2=sklearn.svm._classes.SVC)",2
18496,"sklearn.pipeline.Pipeline(step_0=sklearn.impute._base.MissingIndicator,step_1=sklearn.feature_selection._univariate_selection.SelectKBest,step_2=sklearn.svm._classes.SVC)",5
18521,"sklearn.pipeline.Pipeline(step_0=sklearn.impute._base.MissingIndicator,step_1=sklearn.feature_selection._variance_threshold.VarianceThreshold,step_2=sklearn.svm._classes.SVC)",4
18529,"sklearn.pipeline.Pipeline(step_0=sklearn.impute._base.MissingIndicator,step_1=sklearn.preprocessing._data.StandardScaler,step_2=sklearn.svm._classes.SVC)",3
18532,"sklearn.pipeline.Pipeline(step_0=sklearn.impute._base.MissingIndicator,step_1=sklearn.impute._knn.KNNImputer,step_2=sklearn.svm._classes.SVC)",20
18533,"sklearn.pipeline.Pipeline(step_0=sklearn.impute._base.MissingIndicator,step_1=sklearn.preprocessing._data.RobustScaler,step_2=sklearn.svm._classes.SVC)",24
18534,"sklearn.pipeline.Pipeline(step_0=sklearn.impute._base.MissingIndicator,step_1=sklearn.preprocessing._data.QuantileTransformer,step_2=sklearn.svm._classes.SVC)",4
18535,"sklearn.pipeline.Pipeline(step_0=sklearn.impute._base.MissingIndicator,step_1=sklearn.preprocessing._data.MaxAbsScaler,step_2=sklearn.svm._classes.SVC)",4
18536,"sklearn.pipeline.Pipeline(step_0=sklearn.impute._base.MissingIndicator,step_1=sklearn.preprocessing._data.MinMaxScaler,step_2=sklearn.svm._classes.SVC)",4
18550,"sklearn.pipeline.Pipeline(step_0=sklearn.impute._base.MissingIndicator,step_1=sklearn.preprocessing._data.PolynomialFeatures,step_2=sklearn.svm._classes.SVC)",1
18552,"sklearn.pipeline.Pipeline(step_0=sklearn.impute._base.MissingIndicator,step_1=sklearn.decomposition._kernel_pca.KernelPCA,step_2=sklearn.svm._classes.SVC)",2
18568,"sklearn.pipeline.Pipeline(step_0=automl.components.feature_preprocessing.one_hot_encoding.OneHotEncoderComponent,step_1=sklearn.impute._base.MissingIndicator,step_2=sklearn.svm._classes.SVC)",1
18709,"sklearn.pipeline.Pipeline(columntransformer=sklearn.compose._column_transformer.ColumnTransformer(num=sklearn.pipeline.Pipeline(standardscaler=sklearn.preprocessing._data.StandardScaler),cat=sklearn.pipeline.Pipeline(onehotencoder=sklearn.preprocessing._encoders.OneHotEncoder)),svc=sklearn.svm._classes.SVC)",0
18715,sklearn.svm._classes.SVC,0
18716,"sklearn.pipeline.Pipeline(standardscaler=sklearn.preprocessing._data.StandardScaler,svc=sklearn.svm._classes.SVC)",0
18720,"sklearn.pipeline.Pipeline(columntransformer=sklearn.compose._column_transformer.ColumnTransformer(num=sklearn.preprocessing._data.StandardScaler,cat=sklearn.preprocessing._encoders.OneHotEncoder),svc=sklearn.svm._classes.SVC)",0
18724,sklearn.svm._classes.SVC,0
18730,sklearn.svm._classes.SVC,0
18735,"sklearn.pipeline.Pipeline(standardscaler=sklearn.preprocessing.data.StandardScaler,svc=sklearn.svm.classes.SVC)",2
18737,sklearn.svm.classes.SVC,0
18738,"sklearn.pipeline.Pipeline(standardscaler=sklearn.preprocessing.data.StandardScaler,svc=sklearn.svm.classes.SVC)",3
18740,sklearn.svm.classes.SVC,0
18791,"sklearn.pipeline.Pipeline(imputation=openmlstudy14.preprocessing.ConditionalImputer,hotencoding=sklearn.compose._column_transformer.ColumnTransformer(enc=sklearn.preprocessing._encoders.OneHotEncoder),scaling=sklearn.preprocessing._data.StandardScaler,variencethreshold=sklearn.feature_selection._variance_threshold.VarianceThreshold,classifier=sklearn.svm._classes.SVC)",1
18797,sklearn.svm._classes.SVC,0
18804,"sklearn.pipeline.Pipeline(imputation=openmlstudy14.preprocessing.ConditionalImputer,hotencoding=sklearn.preprocessing.data.OneHotEncoder,scaling=sklearn.preprocessing.data.StandardScaler,variencethreshold=sklearn.feature_selection.variance_threshold.VarianceThreshold,classifier=sklearn.svm.classes.SVC)",0
18809,sklearn.svm.classes.SVC,0
18862,sklearn.svm.classes.SVC,39
18899,"sklearn.pipeline.Pipeline(standardscaler=sklearn.preprocessing.data.StandardScaler,svc=sklearn.svm.classes.SVC)",16
18900,sklearn.svm.classes.SVC,0
18968,"sklearn.pipeline.Pipeline(columntransformer=sklearn.compose._column_transformer.ColumnTransformer(numeric=sklearn.pipeline.Pipeline(imputer=sklearn.preprocessing.imputation.Imputer,standardscaler=sklearn.preprocessing.data.StandardScaler),nominal=sklearn.pipeline.Pipeline(simpleimputer=sklearn.impute.SimpleImputer,onehotencoder=sklearn.preprocessing._encoders.OneHotEncoder)),variancethreshold=sklearn.feature_selection.variance_threshold.VarianceThreshold,svc=sklearn.svm.classes.SVC)",8
18969,sklearn.svm.classes.SVC,0
18984,"sklearn.pipeline.Pipeline(imputer=sklearn.impute.SimpleImputer,estimator=sklearn.svm.classes.SVC)",2
18986,sklearn.svm.classes.SVC,0
19000,sklearn.svm._classes.SVC,1
19007,"sklearn.pipeline.Pipeline(StandardScaler=sklearn.preprocessing._data.StandardScaler,svc=sklearn.svm._classes.SVC)",4
19008,"sklearn.pipeline.Pipeline(MinMaxScaler=sklearn.preprocessing._data.MinMaxScaler,svc=sklearn.svm._classes.SVC)",2
19015,"sklearn.pipeline.Pipeline(ColumnTansformer=sklearn.compose._column_transformer.ColumnTransformer(OneHotEncoder=sklearn.preprocessing._encoders.OneHotEncoder),MaxAbsScaler=sklearn.preprocessing._data.MaxAbsScaler,svc=sklearn.svm._classes.SVC)",1
19047,"sklearn.pipeline.Pipeline(standardscaler=sklearn.preprocessing._data.StandardScaler,svc=sklearn.svm._classes.SVC)",3
19049,sklearn.svm._classes.SVC,0
19165,"sklearn.pipeline.Pipeline(numerical=sklearn.pipeline.Pipeline(Imputer=sklearn.impute._base.SimpleImputer,scaler=sklearn.preprocessing._data.StandardScaler),model=sklearn.svm._classes.SVC)",304
19166,sklearn.svm._classes.SVC,4
19197,sklearn.svm._classes.SVC,3
19321,"sklearn.pipeline.Pipeline(Preprocessing=sklearn.compose._column_transformer.ColumnTransformer(categorical=sklearn.preprocessing._encoders.OneHotEncoder,continuous=sklearn.impute._base.SimpleImputer),reduce_dim=sklearn.feature_selection._from_model.SelectFromModel(estimator=sklearn.ensemble._forest.RandomForestClassifier),clf=sklearn.svm._classes.SVC)",0
19322,sklearn.svm._classes.SVC,0
19364,"sklearn.pipeline.Pipeline(imputer=sklearn.impute._base.SimpleImputer,estimator=sklearn.svm._classes.SVC)",16
19365,sklearn.svm._classes.SVC,0
19430,"sklearn.pipeline.Pipeline(imputer=sklearn.impute._base.SimpleImputer,estimator=sklearn.svm._classes.SVC)",1
19431,sklearn.svm._classes.SVC,0
19470,"sklearn.pipeline.Pipeline(Preprocessing=sklearn.compose._column_transformer.ColumnTransformer(categorical=sklearn.pipeline.Pipeline(onehotencoder=sklearn.preprocessing._encoders.OneHotEncoder,simpleimputer=sklearn.impute._base.SimpleImputer),numeric=sklearn.pipeline.Pipeline(standardscaler=sklearn.preprocessing._data.StandardScaler,knnimputer=sklearn.impute._knn.KNNImputer)),Classifier=sklearn.svm._classes.SVC)",1
19492,"sklearn.pipeline.Pipeline(Preprocessing=sklearn.compose._column_transformer.ColumnTransformer(categorical=sklearn.pipeline.Pipeline(onehotencoder=sklearn.preprocessing._encoders.OneHotEncoder,simpleimputer=sklearn.impute._base.SimpleImputer),numeric=sklearn.pipeline.Pipeline(variancethreshold=sklearn.feature_selection._variance_threshold.VarianceThreshold,standardscaler=sklearn.preprocessing._data.StandardScaler,knnimputer=sklearn.impute._knn.KNNImputer)),BayesinClassifier=sklearn.svm._classes.SVC)",1
19493,sklearn.svm._classes.SVC,0
25111,"sklearn.pipeline.Pipeline(scaler=sklearn.preprocessing._data.StandardScaler,classifier=sklearn.svm._classes.SVC)",1
25112,sklearn.svm._classes.SVC,10
25116,"sklearn.pipeline.Pipeline(preprocessing=sklearn.compose._column_transformer.ColumnTransformer(num=sklearn.preprocessing._data.StandardScaler),classifier=sklearn.svm._classes.SVC)",1
25118,sklearn.pipeline.Pipeline(classifier=sklearn.svm._classes.SVC),1
