Flow ID,Flow Name,Flow Parameters,Flow Associated Tasks
3413,sklearn.svm.classes.SVC,No parameters available,No tasks available
3440,sklearn.svm.classes.SVC,No parameters available,No tasks available
3453,sklearn.svm.classes.SVC,No parameters available,No tasks available
4835,sklearn.svm.classes.SVC,No parameters available,No tasks available
5499,sklearn.svm.classes.SVC,No parameters available,No tasks available
5656,"sklearn.pipeline.Pipeline(feature_select=sklearn.feature_selection.from_model.SelectFromModel(estimator=sklearn.ensemble.forest.RandomForestClassifier),classifier=sklearn.svm.classes.SVC)",No parameters available,No tasks available
5659,"sklearn.pipeline.Pipeline(steps__scaling=sklearn.preprocessing.data.StandardScaler,steps__selector=sklearn.feature_selection.univariate_selection.GenericUnivariateSelect,steps__classifier=sklearn.svm.classes.SVC)",No parameters available,No tasks available
5662,"sklearn.pipeline.Pipeline(scaling=sklearn.preprocessing.data.StandardScaler,selector=sklearn.feature_selection.univariate_selection.GenericUnivariateSelect,classifier=sklearn.svm.classes.SVC)",No parameters available,No tasks available
5744,"sklearn.pipeline.Pipeline(standardscaler=sklearn.preprocessing.data.StandardScaler,selectfrommodel=sklearn.feature_selection.from_model.SelectFromModel(estimator=sklearn.ensemble.forest.ExtraTreesClassifier),svc=sklearn.svm.classes.SVC)",No parameters available,No tasks available
5745,"sklearn.pipeline.Pipeline(standardscaler=sklearn.preprocessing.data.StandardScaler,selectfrommodel=sklearn.feature_selection.from_model.SelectFromModel(estimator=sklearn.svm.classes.LinearSVC),svc=sklearn.svm.classes.SVC)",No parameters available,No tasks available
5746,"sklearn.pipeline.Pipeline(selectfrommodel=sklearn.feature_selection.from_model.SelectFromModel(estimator=sklearn.svm.classes.LinearSVC),svc=sklearn.svm.classes.SVC)",No parameters available,No tasks available
5780,"sklearn.model_selection._search.GridSearchCV(estimator=sklearn.pipeline.Pipeline(Imputer=sklearn.preprocessing.imputation.Imputer,select=sklearn.feature_selection.univariate_selection.SelectPercentile,scaler=sklearn.preprocessing.data.MinMaxScaler,Classifier=sklearn.svm.classes.SVC))",No parameters available,No tasks available
5781,"sklearn.pipeline.Pipeline(Imputer=sklearn.preprocessing.imputation.Imputer,select=sklearn.feature_selection.univariate_selection.SelectPercentile,scaler=sklearn.preprocessing.data.MinMaxScaler,Classifier=sklearn.svm.classes.SVC)",No parameters available,No tasks available
5800,"sklearn.pipeline.Pipeline(Imputer=sklearn.preprocessing.imputation.Imputer,OneHotEncoder=sklearn.preprocessing.data.OneHotEncoder,Feature_Removal=sklearn.feature_selection.univariate_selection.SelectKBest,Classifier=sklearn.svm.classes.SVC)",No parameters available,No tasks available
5811,"sklearn.model_selection._search.GridSearchCV(estimator=sklearn.pipeline.Pipeline(steps__OneHotEncoder=sklearn.preprocessing.data.OneHotEncoder,steps__scaler=sklearn.preprocessing.data.StandardScaler,steps__select=sklearn.feature_selection.univariate_selection.SelectPercentile,steps__model=sklearn.svm.classes.SVC))",No parameters available,No tasks available
5812,"sklearn.pipeline.Pipeline(steps__OneHotEncoder=sklearn.preprocessing.data.OneHotEncoder,steps__scaler=sklearn.preprocessing.data.StandardScaler,steps__select=sklearn.feature_selection.univariate_selection.SelectPercentile,steps__model=sklearn.svm.classes.SVC)",No parameters available,No tasks available
5828,"sklearn.pipeline.Pipeline(OneHotEncoder=sklearn.preprocessing.data.OneHotEncoder,Feature_Removal=sklearn.feature_selection.univariate_selection.SelectKBest,Classifier=sklearn.svm.classes.SVC)",No parameters available,No tasks available
5840,"sklearn.pipeline.Pipeline(steps__Imputer=sklearn.preprocessing.imputation.Imputer,steps__preprocessing=sklearn.preprocessing.data.StandardScaler,steps__features=sklearn.feature_selection.univariate_selection.SelectPercentile,steps__classifier=sklearn.svm.classes.SVC)",No parameters available,No tasks available
5875,"sklearn.pipeline.Pipeline(Imputer=openml.utils.preprocessing.ConditionalImputer,OneHotEncoder=sklearn.preprocessing.data.OneHotEncoder,VarianceThreshold=sklearn.feature_selection.variance_threshold.VarianceThreshold,Estimator=sklearn.model_selection._search.RandomizedSearchCV(estimator=sklearn.svm.classes.SVC))",No parameters available,No tasks available
5876,sklearn.model_selection._search.RandomizedSearchCV(estimator=sklearn.svm.classes.SVC),No parameters available,No tasks available
5877,sklearn.svm.classes.SVC,No parameters available,No tasks available
5983,"sklearn.pipeline.Pipeline(dualimputer=helper.dual_imputer.DualImputer,standardscaler=sklearn.preprocessing.data.StandardScaler,svc=sklearn.svm.classes.SVC)",No parameters available,No tasks available
6009,sklearn.pipeline.Pipeline(svc=sklearn.svm.classes.SVC),No parameters available,No tasks available
6010,"sklearn.pipeline.Pipeline(dualimputer=helper.dual_imputer.DualImputer,svc=sklearn.svm.classes.SVC)",No parameters available,No tasks available
6041,"sklearn.pipeline.Pipeline(dualimputer=helper.dual_imputer.DualImputer,kernelpca=sklearn.decomposition.kernel_pca.KernelPCA,svc=sklearn.svm.classes.SVC)",No parameters available,No tasks available
6043,"sklearn.pipeline.Pipeline(dualimputer=helper.dual_imputer.DualImputer,variancethreshold=sklearn.feature_selection.variance_threshold.VarianceThreshold,svc=sklearn.svm.classes.SVC)",No parameters available,No tasks available
6097,"sklearn.pipeline.Pipeline(nystroem=sklearn.kernel_approximation.Nystroem,svc=sklearn.svm.classes.SVC)",No parameters available,No tasks available
6246,"sklearn.pipeline.Pipeline(dualimputer=extra.dual_imputer.DualImputer,standardscaler=sklearn.preprocessing.data.StandardScaler,svc=sklearn.svm.classes.SVC)",No parameters available,No tasks available
6264,"sklearn.pipeline.Pipeline(dualimputer=extra.dual_imputer.DualImputer,svc=sklearn.svm.classes.SVC)",No parameters available,No tasks available
6269,"sklearn.pipeline.Pipeline(standardscaler=sklearn.preprocessing.data.StandardScaler,svc=sklearn.svm.classes.SVC)",No parameters available,No tasks available
6589,"sklearn.pipeline.Pipeline(dualimputer=extra.dual_imputer.DualImputer,standardscaler=sklearn.preprocessing.data.StandardScaler,svc=sklearn.svm.classes.SVC)",No parameters available,No tasks available
6600,"sklearn.pipeline.Pipeline(dualimputer=extra.dual_imputer.DualImputer,svc=sklearn.svm.classes.SVC)",No parameters available,No tasks available
6952,"sklearn.pipeline.Pipeline(imputation=openmlstudy14.preprocessing.ConditionalImputer,hotencoding=sklearn.preprocessing.data.OneHotEncoder,variencethreshold=sklearn.feature_selection.variance_threshold.VarianceThreshold,classifier=sklearn.svm.classes.SVC)",No parameters available,No tasks available
6953,sklearn.svm.classes.SVC,No parameters available,No tasks available
6954,"sklearn.pipeline.Pipeline(imputation=openmlstudy14.preprocessing.ConditionalImputer,hotencoding=sklearn.preprocessing.data.OneHotEncoder,variencethreshold=sklearn.feature_selection.variance_threshold.VarianceThreshold,classifier=sklearn.svm.classes.SVC)",No parameters available,No tasks available
6957,sklearn.svm.classes.SVC,No parameters available,No tasks available
6994,sklearn.model_selection._search.GridSearchCV(estimator=sklearn.svm.classes.SVC),No parameters available,No tasks available
6995,sklearn.svm.classes.SVC,No parameters available,No tasks available
7010,optimus_ml.optimizer.model_optimizer.ModelOptimizer(estimator=sklearn.svm.classes.SVC),No parameters available,No tasks available
7091,optimus_ml.optimizer.model_optimizer.ModelOptimizer(estimator=sklearn.svm.classes.SVC),No parameters available,No tasks available
7103,"sklearn.pipeline.Pipeline(imputation=openmlstudy14.preprocessing.ConditionalImputer,hotencoding=sklearn.preprocessing.data.OneHotEncoder,variencethreshold=sklearn.feature_selection.variance_threshold.VarianceThreshold,classifier=sklearn.svm.classes.SVC)",No parameters available,No tasks available
7107,sklearn.svm.classes.SVC,No parameters available,No tasks available
7120,"sklearn.model_selection._search.RandomizedSearchCV(estimator=sklearn.pipeline.Pipeline(imputation=openmlstudy14.preprocessing.ConditionalImputer,hotencoding=sklearn.preprocessing.data.OneHotEncoder,variencethreshold=sklearn.feature_selection.variance_threshold.VarianceThreshold,classifier=sklearn.svm.classes.SVC))",No parameters available,No tasks available
7121,"sklearn.model_selection._search.RandomizedSearchCV(estimator=sklearn.pipeline.Pipeline(imputation=openmlstudy14.preprocessing.ConditionalImputer,hotencoding=sklearn.preprocessing.data.OneHotEncoder,variencethreshold=sklearn.feature_selection.variance_threshold.VarianceThreshold,classifier=sklearn.svm.classes.SVC))",No parameters available,No tasks available
7194,sklearn.svm.classes.SVC,No parameters available,No tasks available
7199,sklearn.model_selection._search.RandomizedSearchCV(estimator=sklearn.svm.classes.SVC),No parameters available,No tasks available
7202,"sklearn.pipeline.Pipeline(imputer=Preprocessing.preprocessingOpenML14.ConditionalImputer,one_hot_encoder=sklearn.preprocessing.data.OneHotEncoder,standardization=sklearn.preprocessing.data.StandardScaler,variance-thresholding=sklearn.feature_selection.variance_threshold.VarianceThreshold,estimator=sklearn.svm.classes.SVC)",No parameters available,No tasks available
7207,sklearn.svm.classes.SVC,No parameters available,No tasks available
7208,"sklearn.model_selection._search.RandomizedSearchCV(estimator=sklearn.pipeline.Pipeline(imputer=Preprocessing.preprocessingOpenML14.ConditionalImputer,one_hot_encoder=sklearn.preprocessing.data.OneHotEncoder,standardization=sklearn.preprocessing.data.StandardScaler,variance-thresholding=sklearn.feature_selection.variance_threshold.VarianceThreshold,estimator=sklearn.svm.classes.SVC))",No parameters available,No tasks available
7215,"sklearn.pipeline.Pipeline(imputer=sklearn.preprocessing.imputation.Imputer,estimator=sklearn.svm.classes.SVC)",No parameters available,No tasks available
7220,"sklearn.model_selection._search.RandomizedSearchCV(estimator=sklearn.pipeline.Pipeline(imputer=Preprocessing.preprocessingOpenML14.ConditionalImputer,one_hot_encoder=sklearn.preprocessing.data.OneHotEncoder,standardization=sklearn.preprocessing.data.StandardScaler,variance-thresholding=Preprocessing.preprocessingOpenML14.MemoryEfficientVarianceThreshold,estimator=sklearn.svm.classes.SVC))",No parameters available,No tasks available
7221,"sklearn.pipeline.Pipeline(imputer=Preprocessing.preprocessingOpenML14.ConditionalImputer,one_hot_encoder=sklearn.preprocessing.data.OneHotEncoder,standardization=sklearn.preprocessing.data.StandardScaler,variance-thresholding=Preprocessing.preprocessingOpenML14.MemoryEfficientVarianceThreshold,estimator=sklearn.svm.classes.SVC)",No parameters available,No tasks available
7362,TESTbd1cdc339dsklearn.svm.classes.SVC,No parameters available,No tasks available
7519,TEST1d4eae7525sklearn.svm.classes.SVC,No parameters available,No tasks available
7527,TEST83af9daba4sklearn.svm.classes.SVC,No parameters available,No tasks available
7557,TESTfb6541bc26sklearn.svm.classes.SVC,No parameters available,No tasks available
7566,TESTac56914152sklearn.svm.classes.SVC,No parameters available,No tasks available
7610,"sklearn.model_selection._search.RandomizedSearchCV(estimator=sklearn.pipeline.Pipeline(imputation=Preprocessing.preprocessingOpenML14.ConditionalImputer,one_hot_encoder=sklearn.preprocessing.data.OneHotEncoder,variance-thresholding=sklearn.feature_selection.variance_threshold.VarianceThreshold,standardization=sklearn.preprocessing.data.StandardScaler,classifier=sklearn.svm.classes.SVC))",No parameters available,No tasks available
7611,"sklearn.pipeline.Pipeline(imputation=Preprocessing.preprocessingOpenML14.ConditionalImputer,one_hot_encoder=sklearn.preprocessing.data.OneHotEncoder,variance-thresholding=sklearn.feature_selection.variance_threshold.VarianceThreshold,standardization=sklearn.preprocessing.data.StandardScaler,classifier=sklearn.svm.classes.SVC)",No parameters available,No tasks available
7628,"sklearn.model_selection._search.RandomizedSearchCV(estimator=sklearn.pipeline.Pipeline(imputation=Preprocessing.preprocessingOpenML14.ConditionalImputer,one_hot_encoder=sklearn.preprocessing.data.OneHotEncoder,variance-thresholding=sklearn.feature_selection.variance_threshold.VarianceThreshold,standardization=sklearn.preprocessing.data.StandardScaler,classifier=sklearn.svm.classes.SVC))",No parameters available,No tasks available
7629,"sklearn.pipeline.Pipeline(imputation=Preprocessing.preprocessingOpenML14.ConditionalImputer,one_hot_encoder=sklearn.preprocessing.data.OneHotEncoder,variance-thresholding=sklearn.feature_selection.variance_threshold.VarianceThreshold,standardization=sklearn.preprocessing.data.StandardScaler,classifier=sklearn.svm.classes.SVC)",No parameters available,No tasks available
7630,sklearn.svm.classes.SVC,No parameters available,No tasks available
7638,"sklearn.model_selection._search.RandomizedSearchCV(estimator=sklearn.pipeline.Pipeline(imputation=mylib.preprocessing_openml14.ConditionalImputer,one_hot_encoder=sklearn.preprocessing.data.OneHotEncoder,variance-thresholding=sklearn.feature_selection.variance_threshold.VarianceThreshold,standardization=sklearn.preprocessing.data.StandardScaler,classifier=sklearn.svm.classes.SVC))",No parameters available,No tasks available
7639,"sklearn.pipeline.Pipeline(imputation=mylib.preprocessing_openml14.ConditionalImputer,one_hot_encoder=sklearn.preprocessing.data.OneHotEncoder,variance-thresholding=sklearn.feature_selection.variance_threshold.VarianceThreshold,standardization=sklearn.preprocessing.data.StandardScaler,classifier=sklearn.svm.classes.SVC)",No parameters available,No tasks available
7648,"sklearn.model_selection._search.RandomizedSearchCV(estimator=sklearn.pipeline.Pipeline(imputation=mylib.preprocessing_openml14.ConditionalImputer,one_hot_encoder=sklearn.preprocessing.data.OneHotEncoder,variance-thresholding=sklearn.feature_selection.variance_threshold.VarianceThreshold,standardization=sklearn.preprocessing.data.StandardScaler,classifier=sklearn.svm.classes.SVC))",No parameters available,No tasks available
7649,"sklearn.pipeline.Pipeline(imputation=mylib.preprocessing_openml14.ConditionalImputer,one_hot_encoder=sklearn.preprocessing.data.OneHotEncoder,variance-thresholding=sklearn.feature_selection.variance_threshold.VarianceThreshold,standardization=sklearn.preprocessing.data.StandardScaler,classifier=sklearn.svm.classes.SVC)",No parameters available,No tasks available
7650,sklearn.svm.classes.SVC,No parameters available,No tasks available
7704,"sklearn.model_selection._search.RandomizedSearchCV(estimator=sklearn.pipeline.Pipeline(imputation=mylib.preprocessing_openml14.ConditionalImputer,one_hot_encoder=sklearn.preprocessing.data.OneHotEncoder,variance-thresholding=sklearn.feature_selection.variance_threshold.VarianceThreshold,standardization=sklearn.preprocessing.data.MinMaxScaler,classifier=sklearn.svm.classes.SVC))",No parameters available,No tasks available
7705,"sklearn.pipeline.Pipeline(imputation=mylib.preprocessing_openml14.ConditionalImputer,one_hot_encoder=sklearn.preprocessing.data.OneHotEncoder,variance-thresholding=sklearn.feature_selection.variance_threshold.VarianceThreshold,standardization=sklearn.preprocessing.data.MinMaxScaler,classifier=sklearn.svm.classes.SVC)",No parameters available,No tasks available
7707,"sklearn.pipeline.Pipeline(imputation=openmlstudy14.preprocessing.ConditionalImputer,hotencoding=sklearn.preprocessing.data.OneHotEncoder,scaling=sklearn.preprocessing.data.StandardScaler,variencethreshold=sklearn.feature_selection.variance_threshold.VarianceThreshold,classifier=sklearn.svm.classes.SVC)",No parameters available,No tasks available
7708,sklearn.svm.classes.SVC,No parameters available,No tasks available
7709,"sklearn.model_selection._search.RandomizedSearchCV(estimator=sklearn.pipeline.Pipeline(imputation=openmlstudy14.preprocessing.ConditionalImputer,hotencoding=sklearn.preprocessing.data.OneHotEncoder,scaling=sklearn.preprocessing.data.StandardScaler,variencethreshold=sklearn.feature_selection.variance_threshold.VarianceThreshold,classifier=sklearn.svm.classes.SVC))",No parameters available,No tasks available
7733,"sklearn.model_selection._search.RandomizedSearchCV(estimator=sklearn.pipeline.Pipeline(imputation=mylib.preprocessing_openml14.ConditionalImputer,one_hot_encoder=sklearn.preprocessing.data.OneHotEncoder,variance-thresholding=sklearn.feature_selection.variance_threshold.VarianceThreshold,standardization=sklearn.preprocessing.data.MaxAbsScaler,classifier=sklearn.svm.classes.SVC))",No parameters available,No tasks available
7734,"sklearn.pipeline.Pipeline(imputation=mylib.preprocessing_openml14.ConditionalImputer,one_hot_encoder=sklearn.preprocessing.data.OneHotEncoder,variance-thresholding=sklearn.feature_selection.variance_threshold.VarianceThreshold,standardization=sklearn.preprocessing.data.MaxAbsScaler,classifier=sklearn.svm.classes.SVC)",No parameters available,No tasks available
7747,"sklearn.model_selection._search.RandomizedSearchCV(estimator=sklearn.pipeline.Pipeline(imputation=mylib.preprocessing_openml14.ConditionalImputer,one_hot_encoder=sklearn.preprocessing.data.OneHotEncoder,variance-thresholding=sklearn.feature_selection.variance_threshold.VarianceThreshold,classifier=sklearn.svm.classes.SVC))",No parameters available,No tasks available
7748,"sklearn.pipeline.Pipeline(imputation=mylib.preprocessing_openml14.ConditionalImputer,one_hot_encoder=sklearn.preprocessing.data.OneHotEncoder,variance-thresholding=sklearn.feature_selection.variance_threshold.VarianceThreshold,classifier=sklearn.svm.classes.SVC)",No parameters available,No tasks available
7756,"sklearn.model_selection._search.RandomizedSearchCV(estimator=sklearn.pipeline.Pipeline(imputation=mylib.preprocessing_openml14.ConditionalImputer,one-hot-encoder=sklearn.preprocessing.data.OneHotEncoder,variance-thresholding=sklearn.feature_selection.variance_threshold.VarianceThreshold,feature-scaling=sklearn.preprocessing.data.StandardScaler,classifier=sklearn.svm.classes.SVC))",No parameters available,No tasks available
7757,"sklearn.pipeline.Pipeline(imputation=mylib.preprocessing_openml14.ConditionalImputer,one-hot-encoder=sklearn.preprocessing.data.OneHotEncoder,variance-thresholding=sklearn.feature_selection.variance_threshold.VarianceThreshold,feature-scaling=sklearn.preprocessing.data.StandardScaler,classifier=sklearn.svm.classes.SVC)",No parameters available,No tasks available
7815,"sklearn.pipeline.Pipeline(Imputer=sklearn.preprocessing.imputation.Imputer,scaler=sklearn.preprocessing.data.MinMaxScaler,estimator=sklearn.svm.classes.SVC)",No parameters available,No tasks available
7819,"sklearn.pipeline.Pipeline(imputation=openmlcontrib.preprocessing.imputation.ConditionalImputer,hotencoding=sklearn.preprocessing.data.OneHotEncoder,scaling=sklearn.preprocessing.data.StandardScaler,variencethreshold=sklearn.feature_selection.variance_threshold.VarianceThreshold,classifier=sklearn.svm.classes.SVC)",No parameters available,No tasks available
7861,sklearn.pipeline.Pipeline(Classifier=sklearn.svm.classes.SVC),No parameters available,No tasks available
7870,"sklearn.pipeline.Pipeline(MinMaxScaler=sklearn.preprocessing.data.MinMaxScaler,Classifier=sklearn.svm.classes.SVC)",No parameters available,No tasks available
7873,"sklearn.model_selection._search.GridSearchCV(estimator=sklearn.pipeline.Pipeline(preprocessing=sklearn.preprocessing.data.StandardScaler,dimension_reduction=sklearn.decomposition.pca.PCA,classifier=sklearn.svm.classes.SVC))",No parameters available,No tasks available
7874,"sklearn.pipeline.Pipeline(preprocessing=sklearn.preprocessing.data.StandardScaler,dimension_reduction=sklearn.decomposition.pca.PCA,classifier=sklearn.svm.classes.SVC)",No parameters available,No tasks available
7875,"sklearn.pipeline.Pipeline(preprocessing=sklearn.preprocessing.data.Normalizer,dimension_reduction=sklearn.decomposition.pca.PCA,classifier=sklearn.svm.classes.SVC)",No parameters available,No tasks available
7877,"sklearn.pipeline.Pipeline(pca=sklearn.decomposition.pca.PCA,clf=sklearn.svm.classes.SVC)",No parameters available,No tasks available
7887,"sklearn.pipeline.Pipeline(StandardScaler=sklearn.preprocessing.data.StandardScaler,Classifier=sklearn.svm.classes.SVC)",No parameters available,No tasks available
7901,"sklearn.pipeline.Pipeline(preprocessing=sklearn.preprocessing.data.RobustScaler,dimension_reduction=sklearn.decomposition.pca.PCA,classifier=sklearn.svm.classes.SVC)",No parameters available,No tasks available
7907,"sklearn.pipeline.Pipeline(Scaler=sklearn.preprocessing.data.StandardScaler,Classifier=sklearn.svm.classes.SVC)",No parameters available,No tasks available
7924,"sklearn.model_selection._search.RandomizedSearchCV(estimator=sklearn.pipeline.Pipeline(scaler=sklearn.preprocessing.data.RobustScaler,svm=sklearn.svm.classes.SVC))",No parameters available,No tasks available
7925,"sklearn.pipeline.Pipeline(scaler=sklearn.preprocessing.data.RobustScaler,svm=sklearn.svm.classes.SVC)",No parameters available,No tasks available
7933,"sklearn.pipeline.Pipeline(scaler=sklearn.preprocessing.data.StandardScaler,pca=sklearn.decomposition.pca.PCA,svm=sklearn.svm.classes.SVC)",No parameters available,No tasks available
7934,"sklearn.pipeline.Pipeline(scaler=sklearn.preprocessing.data.MinMaxScaler,svm=sklearn.svm.classes.SVC)",No parameters available,No tasks available
7935,"sklearn.pipeline.Pipeline(scaler=sklearn.preprocessing.data.StandardScaler,svm=sklearn.svm.classes.SVC)",No parameters available,No tasks available
7936,"sklearn.pipeline.Pipeline(StandardScaler=sklearn.preprocessing.data.StandardScaler,PCA=sklearn.decomposition.pca.PCA,svm=sklearn.svm.classes.SVC)",No parameters available,No tasks available
7971,"sklearn.pipeline.Pipeline(transformer=sklearn.preprocessing.data.StandardScaler,estimator=sklearn.svm.classes.SVC)",No parameters available,No tasks available
7977,"sklearn.pipeline.Pipeline(transformer=sklearn.preprocessing.data.StandardScaler,reduction=sklearn.decomposition.pca.PCA,estimator=sklearn.svm.classes.SVC)",No parameters available,No tasks available
7988,"sklearn.model_selection._search.GridSearchCV(estimator=sklearn.pipeline.Pipeline(scaler=sklearn.preprocessing.data.MinMaxScaler,svm=sklearn.svm.classes.SVC))",No parameters available,No tasks available
7999,"sklearn.pipeline.Pipeline(preprocessing=sklearn.preprocessing.data.StandardScaler,classifier=sklearn.svm.classes.SVC)",No parameters available,No tasks available
8008,"sklearn.pipeline.Pipeline(standardscaler=sklearn.preprocessing.data.StandardScaler,svc=sklearn.svm.classes.SVC)",No parameters available,No tasks available
8012,sklearn.pipeline.Pipeline(svc=sklearn.svm.classes.SVC),No parameters available,No tasks available
8026,"sklearn.pipeline.Pipeline(feature_select=sklearn.feature_selection.from_model.SelectFromModel(estimator=sklearn.ensemble.forest.RandomForestClassifier),classifier=sklearn.svm.classes.SVC)",No parameters available,No tasks available
8033,"sklearn.pipeline.Pipeline(sclaer=sklearn.preprocessing.data.StandardScaler,feature_select=sklearn.feature_selection.from_model.SelectFromModel(estimator=sklearn.ensemble.forest.RandomForestClassifier),classifier=sklearn.svm.classes.SVC)",No parameters available,No tasks available
8038,sklearn.model_selection._search.GridSearchCV(estimator=sklearn.svm.classes.SVC),No parameters available,No tasks available
8044,"sklearn.pipeline.Pipeline(scaler=sklearn.preprocessing.data.MinMaxScaler,svm=sklearn.svm.classes.SVC)",No parameters available,No tasks available
8048,"sklearn.pipeline.Pipeline(Scaler=sklearn.preprocessing.data.StandardScaler,PCA=sklearn.decomposition.pca.PCA,Classifier=sklearn.svm.classes.SVC)",No parameters available,No tasks available
8059,"sklearn.pipeline.Pipeline(PCA=sklearn.decomposition.pca.PCA,Classifier=sklearn.svm.classes.SVC)",No parameters available,No tasks available
8060,"sklearn.pipeline.Pipeline(Imputer=sklearn.preprocessing.imputation.Imputer,PCA=sklearn.decomposition.pca.PCA,Classifier=sklearn.svm.classes.SVC)",No parameters available,No tasks available
8065,"sklearn.pipeline.Pipeline(Scaler=sklearn.preprocessing.data.RobustScaler,Classifier=sklearn.svm.classes.SVC)",No parameters available,No tasks available
8081,"sklearn.pipeline.Pipeline(Scaler=sklearn.preprocessing.data.StandardScaler,Decomposition=sklearn.decomposition.pca.PCA,Classifier=sklearn.svm.classes.SVC)",No parameters available,No tasks available
8084,sklearn.pipeline.Pipeline(Classifier3=sklearn.svm.classes.SVC),No parameters available,No tasks available
8112,"sklearn.pipeline.Pipeline(standardscaler=sklearn.preprocessing.data.StandardScaler,pca=sklearn.decomposition.pca.PCA,svc=sklearn.svm.classes.SVC)",No parameters available,No tasks available
8117,"sklearn.pipeline.Pipeline(scaler=sklearn.preprocessing.data.StandardScaler,svc=sklearn.svm.classes.SVC)",No parameters available,No tasks available
8118,"sklearn.pipeline.Pipeline(scaler=sklearn.preprocessing.data.MinMaxScaler,svc=sklearn.svm.classes.SVC)",No parameters available,No tasks available
8136,"sklearn.pipeline.Pipeline(feature_reduce=sklearn.decomposition.pca.PCA,classifier=sklearn.svm.classes.SVC)",No parameters available,No tasks available
8139,"sklearn.pipeline.Pipeline(preprocessing=sklearn.preprocessing.data.MinMaxScaler,dimensionality_reduction=sklearn.decomposition.pca.PCA,classifier=sklearn.svm.classes.SVC)",No parameters available,No tasks available
8144,"imblearn.pipeline.Pipeline(SMOTE=imblearn.over_sampling.smote.SMOTE,Scaler=sklearn.preprocessing.data.StandardScaler,PCA=sklearn.decomposition.pca.PCA,Classifier=sklearn.svm.classes.SVC)",No parameters available,No tasks available
8146,"sklearn.pipeline.Pipeline(reduce_dim=sklearn.decomposition.pca.PCA,clf=sklearn.svm.classes.SVC)",No parameters available,No tasks available
8163,"sklearn.pipeline.Pipeline(preprocessing=sklearn.preprocessing.data.StandardScaler,pca=sklearn.decomposition.pca.PCA,classifier=sklearn.svm.classes.SVC)",No parameters available,No tasks available
8180,sklearn.pipeline.Pipeline(svm=sklearn.svm.classes.SVC),No parameters available,No tasks available
8181,"sklearn.pipeline.Pipeline(scaler=sklearn.preprocessing.data.StandardScaler,svm=sklearn.svm.classes.SVC)",No parameters available,No tasks available
8186,sklearn.model_selection._search.RandomizedSearchCV(estimator=sklearn.svm.classes.SVC),No parameters available,No tasks available
8191,"sklearn.pipeline.Pipeline(Scaler=sklearn.preprocessing.data.MinMaxScaler,PCA=sklearn.decomposition.pca.PCA,svc=sklearn.svm.classes.SVC)",No parameters available,No tasks available
8192,"sklearn.pipeline.Pipeline(standardscaler=sklearn.preprocessing.data.StandardScaler,svc=sklearn.svm.classes.SVC)",No parameters available,No tasks available
8194,"sklearn.model_selection._search.GridSearchCV(estimator=sklearn.pipeline.Pipeline(scaler=sklearn.preprocessing.data.StandardScaler,svm=sklearn.svm.classes.SVC))",No parameters available,No tasks available
8212,"sklearn.pipeline.Pipeline(Scaler=sklearn.preprocessing.data.MinMaxScaler,PCA=sklearn.decomposition.pca.PCA,Classifier=sklearn.svm.classes.SVC)",No parameters available,No tasks available
8226,"imblearn.pipeline.Pipeline(ADASYN=imblearn.over_sampling.adasyn.ADASYN,Scaler=sklearn.preprocessing.data.StandardScaler,PCA=sklearn.decomposition.pca.PCA,Classifier=sklearn.svm.classes.SVC)",No parameters available,No tasks available
8230,"imblearn.pipeline.Pipeline(ADASYN=imblearn.over_sampling.adasyn.ADASYN,Scaler=sklearn.preprocessing.data.StandardScaler,Classifier=sklearn.svm.classes.SVC)",No parameters available,No tasks available
8246,"sklearn.pipeline.Pipeline(Imputer=sklearn.preprocessing.imputation.Imputer,Scaler=sklearn.preprocessing.data.StandardScaler,Classifier=sklearn.svm.classes.SVC)",No parameters available,No tasks available
8257,"sklearn.pipeline.Pipeline(Decomposition=sklearn.decomposition.pca.PCA,Classifier=sklearn.svm.classes.SVC)",No parameters available,No tasks available
8258,sklearn.pipeline.Pipeline(Classifier=sklearn.svm.classes.SVC),No parameters available,No tasks available
8267,"imblearn.pipeline.Pipeline(scaler=sklearn.preprocessing.data.StandardScaler,pac=sklearn.decomposition.pca.PCA,oversample=imblearn.over_sampling.adasyn.ADASYN,classifier=sklearn.svm.classes.SVC)",No parameters available,No tasks available
8272,"imblearn.pipeline.Pipeline(ADASYN=imblearn.over_sampling.adasyn.ADASYN,Scaler=sklearn.preprocessing.data.RobustScaler,Classifier=sklearn.svm.classes.SVC)",No parameters available,No tasks available
8278,"sklearn.pipeline.Pipeline(reduce_dim=sklearn.decomposition.pca.PCA,logistic_reg=sklearn.svm.classes.SVC)",No parameters available,No tasks available
8317,"sklearn.pipeline.Pipeline(imputation=hyperimp.utils.preprocessing.ConditionalImputer,hotencoding=sklearn.preprocessing.data.OneHotEncoder,scaling=sklearn.preprocessing.data.StandardScaler,variencethreshold=sklearn.feature_selection.variance_threshold.VarianceThreshold,clf=sklearn.svm.classes.SVC)",No parameters available,No tasks available
8330,"sklearn.pipeline.Pipeline(imputation=openmlstudy14.preprocessing.ConditionalImputer,hotencoding=sklearn.preprocessing.data.OneHotEncoder,scaling=sklearn.preprocessing.data.StandardScaler,variencethreshold=sklearn.feature_selection.variance_threshold.VarianceThreshold,classifier=sklearn.svm.classes.SVC)",No parameters available,No tasks available
8353,"sklearn.pipeline.Pipeline(imputation=hyperimp.utils.preprocessing.ConditionalImputer2,hotencoding=sklearn.preprocessing.data.OneHotEncoder,scaling=sklearn.preprocessing.data.StandardScaler,variencethreshold=sklearn.feature_selection.variance_threshold.VarianceThreshold,clf=sklearn.svm.classes.SVC)",No parameters available,No tasks available
8399,"sklearn.model_selection._search.RandomizedSearchCV(estimator=sklearn.pipeline.Pipeline(imputation=hyperimp.utils.preprocessing.ConditionalImputer,hotencoding=sklearn.preprocessing.data.OneHotEncoder,scaling=sklearn.preprocessing.data.StandardScaler,variencethreshold=sklearn.feature_selection.variance_threshold.VarianceThreshold,clf=sklearn.svm.classes.SVC))",No parameters available,No tasks available
8507,sklearn.svm.classes.SVC,No parameters available,No tasks available
8560,"sklearn.model_selection._search.RandomizedSearchCV(estimator=sklearn.pipeline.Pipeline(imputation=mylib.preprocessing_openml14.ConditionalImputer,one-hot-encoder=sklearn.preprocessing.data.OneHotEncoder,variance-thresholding=sklearn.feature_selection.variance_threshold.VarianceThreshold,feature-scaling=sklearn.preprocessing.data.StandardScaler,classifier=sklearn.svm.classes.SVC))",No parameters available,No tasks available
8561,"sklearn.pipeline.Pipeline(imputation=mylib.preprocessing_openml14.ConditionalImputer,one-hot-encoder=sklearn.preprocessing.data.OneHotEncoder,variance-thresholding=sklearn.feature_selection.variance_threshold.VarianceThreshold,feature-scaling=sklearn.preprocessing.data.StandardScaler,classifier=sklearn.svm.classes.SVC)",No parameters available,No tasks available
8562,sklearn.svm.classes.SVC,No parameters available,No tasks available
8586,sklearn.svm.classes.SVC,No parameters available,No tasks available
8594,"sklearn.pipeline.Pipeline(imputation=sklearn.preprocessing.imputation.Imputer,onehot=sklearn.preprocessing.data.OneHotEncoder,classifier=sklearn.svm.classes.SVC)",No parameters available,No tasks available
8662,"openmldefaults.search.default_search.DefaultSearchCV(estimator=sklearn.pipeline.Pipeline(imputation=openmlstudy14.preprocessing.ConditionalImputer,hotencoding=sklearn.preprocessing.data.OneHotEncoder,scaling=sklearn.preprocessing.data.StandardScaler,variencethreshold=sklearn.feature_selection.variance_threshold.VarianceThreshold,classifier=sklearn.svm.classes.SVC))",No parameters available,No tasks available
8663,"sklearn.pipeline.Pipeline(imputation=openmlstudy14.preprocessing.ConditionalImputer,hotencoding=sklearn.preprocessing.data.OneHotEncoder,scaling=sklearn.preprocessing.data.StandardScaler,variencethreshold=sklearn.feature_selection.variance_threshold.VarianceThreshold,classifier=sklearn.svm.classes.SVC)",No parameters available,No tasks available
8665,"sklearn.model_selection._search.RandomizedSearchCV(estimator=sklearn.pipeline.Pipeline(imputation=openmlstudy14.preprocessing.ConditionalImputer,hotencoding=sklearn.preprocessing.data.OneHotEncoder,scaling=sklearn.preprocessing.data.StandardScaler,variencethreshold=sklearn.feature_selection.variance_threshold.VarianceThreshold,classifier=sklearn.svm.classes.SVC))",No parameters available,No tasks available
8700,sklearn.svm.classes.SVC,No parameters available,No tasks available
8701,"sklearn.pipeline.Pipeline(imputer=sklearn.preprocessing.imputation.Imputer,estimator=sklearn.svm.classes.SVC)",No parameters available,No tasks available
8702,"sklearn.pipeline.Pipeline(imputer=sklearn.preprocessing.imputation.Imputer,scaler=sklearn.preprocessing.data.StandardScaler,estimator=sklearn.svm.classes.SVC)",No parameters available,No tasks available
8704,"sklearn.pipeline.Pipeline(imputer=sklearn.preprocessing.imputation.Imputer,Categorial=sklearn.preprocessing.data.OneHotEncoder,scaler=sklearn.preprocessing.data.StandardScaler,estimator=sklearn.svm.classes.SVC)",No parameters available,No tasks available
8709,"sklearn.pipeline.Pipeline(imputer=sklearn.preprocessing.imputation.Imputer,Categorial=sklearn.preprocessing.data.OneHotEncoder,scaler=sklearn.preprocessing.data.StandardScaler,estimator=sklearn.svm.classes.SVC)",No parameters available,No tasks available
8711,"sklearn.pipeline.Pipeline(imputer=sklearn.preprocessing.imputation.Imputer,scaler=sklearn.preprocessing.data.StandardScaler,estimator=sklearn.svm.classes.SVC)",No parameters available,No tasks available
8729,"sklearn.pipeline.Pipeline(imputer=sklearn.preprocessing.imputation.Imputer,Categorial=sklearn.preprocessing.data.OneHotEncoder,estimator=sklearn.svm.classes.SVC)",No parameters available,No tasks available
8731,"sklearn.pipeline.Pipeline(imputer=sklearn.preprocessing.imputation.Imputer,estimator=sklearn.svm.classes.SVC)",No parameters available,No tasks available
8746,"skopt.searchcv.BayesSearchCV(estimator=sklearn.pipeline.Pipeline(imputation=openmlstudy14.preprocessing.ConditionalImputer,hotencoding=sklearn.preprocessing.data.OneHotEncoder,scaling=sklearn.preprocessing.data.StandardScaler,variencethreshold=sklearn.feature_selection.variance_threshold.VarianceThreshold,classifier=sklearn.svm.classes.SVC))",No parameters available,No tasks available
8785,sklearn.svm.classes.SVC,No parameters available,No tasks available
8814,"sklearn.pipeline.Pipeline(columntransformer=sklearn.compose._column_transformer.ColumnTransformer(numeric=sklearn.pipeline.Pipeline(imputer=sklearn.preprocessing.imputation.Imputer,standardscaler=sklearn.preprocessing.data.StandardScaler),nominal=sklearn.pipeline.Pipeline(simpleimputer=sklearn.impute.SimpleImputer,onehotencoder=sklearn.preprocessing._encoders.OneHotEncoder)),svc=sklearn.svm.classes.SVC)",No parameters available,No tasks available
8817,"sklearn.pipeline.Pipeline(columntransformer=sklearn.compose._column_transformer.ColumnTransformer(numeric=sklearn.pipeline.Pipeline(imputer=sklearn.preprocessing.imputation.Imputer,standardscaler=sklearn.preprocessing.data.StandardScaler),nominal=sklearn.pipeline.Pipeline(simpleimputer=sklearn.impute.SimpleImputer,onehotencoder=sklearn.preprocessing._encoders.OneHotEncoder)),variancethreshold=sklearn.feature_selection.variance_threshold.VarianceThreshold,svc=sklearn.svm.classes.SVC)",No parameters available,No tasks available
8818,"sklearn.pipeline.Pipeline(imputation=hyperimp.utils.preprocessing.ConditionalImputer2,hotencoding=sklearn.preprocessing.data.OneHotEncoder,scaling=sklearn.preprocessing.data.StandardScaler,variencethreshold=sklearn.feature_selection.variance_threshold.VarianceThreshold,clf=sklearn.svm.classes.SVC)",No parameters available,No tasks available
8823,"sklearn.model_selection._search.RandomizedSearchCV(estimator=sklearn.pipeline.Pipeline(columntransformer=sklearn.compose._column_transformer.ColumnTransformer(numeric=sklearn.pipeline.Pipeline(imputer=sklearn.preprocessing.imputation.Imputer,standardscaler=sklearn.preprocessing.data.StandardScaler),nominal=sklearn.pipeline.Pipeline(simpleimputer=sklearn.impute.SimpleImputer,onehotencoder=sklearn.preprocessing._encoders.OneHotEncoder)),variancethreshold=sklearn.feature_selection.variance_threshold.VarianceThreshold,svc=sklearn.svm.classes.SVC))",No parameters available,No tasks available
8872,"sklearn.pipeline.Pipeline(imputer=sklearn.preprocessing.imputation.Imputer,estimator=sklearn.svm.classes.SVC)",No parameters available,No tasks available
8873,sklearn.svm.classes.SVC,No parameters available,No tasks available
8880,"sklearn.pipeline.Pipeline(imputer=sklearn.impute.SimpleImputer,estimator=sklearn.svm.classes.SVC)",No parameters available,No tasks available
8909,"sklearn.pipeline.Pipeline(imputer=sklearn.preprocessing.imputation.Imputer,Categorial=sklearn.preprocessing._encoders.OneHotEncoder,estimator=sklearn.svm.classes.SVC)",No parameters available,No tasks available
8911,sklearn.svm.classes.SVC,No parameters available,No tasks available
8912,"sklearn.pipeline.Pipeline(imputer=sklearn.preprocessing.imputation.Imputer,Categorial=sklearn.preprocessing.data.OneHotEncoder,estimator=sklearn.svm.classes.SVC)",No parameters available,No tasks available
8913,sklearn.svm.classes.SVC,No parameters available,No tasks available
8914,"sklearn.pipeline.Pipeline(imputer=sklearn.preprocessing.imputation.Imputer,estimator=sklearn.svm.classes.SVC)",No parameters available,No tasks available
8915,"sklearn.pipeline.Pipeline(imputer=sklearn.preprocessing.imputation.Imputer,scaler=sklearn.preprocessing.data.StandardScaler,estimator=sklearn.svm.classes.SVC)",No parameters available,No tasks available
8916,"sklearn.pipeline.Pipeline(imputer=sklearn.preprocessing.imputation.Imputer,Categorial=sklearn.preprocessing.data.OneHotEncoder,scaler=sklearn.preprocessing.data.StandardScaler,estimator=sklearn.svm.classes.SVC)",No parameters available,No tasks available
8939,"sklearn.pipeline.Pipeline(imputer=sklearn.impute.SimpleImputer,estimator=scripts.machineLearningAlgorithms.WithoutOutliersClassifier(classifier=sklearn.svm.classes.SVC,outlierCLF=sklearn.ensemble.iforest.IsolationForest))",No parameters available,No tasks available
8940,"scripts.machineLearningAlgorithms.WithoutOutliersClassifier(classifier=sklearn.svm.classes.SVC,outlierCLF=sklearn.ensemble.iforest.IsolationForest)",No parameters available,No tasks available
9587,"sklearn.pipeline.Pipeline(simpleimputer=sklearn.impute.SimpleImputer,standardscaler=sklearn.preprocessing.data.StandardScaler,variancethreshold=sklearn.feature_selection.variance_threshold.VarianceThreshold,svc=sklearn.svm.classes.SVC)",No parameters available,No tasks available
9589,"sklearn.pipeline.Pipeline(imputer=sklearn.impute.SimpleImputer,hotencoding=sklearn.preprocessing._encoders.OneHotEncoder,scaling=sklearn.preprocessing.data.StandardScaler,variencethreshold=sklearn.feature_selection.variance_threshold.VarianceThreshold,classifier=sklearn.svm.classes.SVC)",No parameters available,No tasks available
9598,sklearn.svm.classes.SVC,No parameters available,No tasks available
9660,sklearn.svm.classes.SVC,No parameters available,No tasks available
9661,"sklearn.model_selection._search.GridSearchCV(estimator=sklearn.pipeline.Pipeline(scaler=sklearn.preprocessing.data.MinMaxScaler,svm=sklearn.svm.classes.SVC))",No parameters available,No tasks available
9662,"sklearn.pipeline.Pipeline(scaler=sklearn.preprocessing.data.MinMaxScaler,svm=sklearn.svm.classes.SVC)",No parameters available,No tasks available
9664,sklearn.model_selection._search.RandomizedSearchCV(estimator=sklearn.svm.classes.SVC),No parameters available,No tasks available
9665,sklearn.svm.classes.SVC,No parameters available,No tasks available
9672,"sklearn.pipeline.Pipeline(kbest=sklearn.feature_selection.univariate_selection.SelectKBest,scaler=sklearn.preprocessing.data.StandardScaler,classifier=sklearn.svm.classes.SVC)",No parameters available,No tasks available
9676,"sklearn.model_selection._search.GridSearchCV(estimator=sklearn.pipeline.Pipeline(scaler=sklearn.preprocessing.data.MinMaxScaler,imputer=sklearn.impute.SimpleImputer,svm=sklearn.svm.classes.SVC))",No parameters available,No tasks available
9677,"sklearn.pipeline.Pipeline(scaler=sklearn.preprocessing.data.MinMaxScaler,imputer=sklearn.impute.SimpleImputer,svm=sklearn.svm.classes.SVC)",No parameters available,No tasks available
9684,"sklearn.pipeline.Pipeline(col_trans1=sklearn.compose._column_transformer.ColumnTransformer(norm1=sklearn.impute.SimpleImputer,scaler=sklearn.preprocessing.data.StandardScaler),svc=sklearn.svm.classes.SVC)",No parameters available,No tasks available
10754,sklearn.svm.classes.SVC,No parameters available,No tasks available
11040,"sklearn.pipeline.Pipeline(imputer=sklearn.preprocessing.imputation.Imputer,Categorial=sklearn.preprocessing.data.OneHotEncoder,scaler=sklearn.preprocessing.data.StandardScaler,estimator=sklearn.svm.classes.SVC)",No parameters available,No tasks available
11042,sklearn.svm.classes.SVC,No parameters available,No tasks available
11043,"sklearn.pipeline.Pipeline(imputer=sklearn.preprocessing.imputation.Imputer,scaler=sklearn.preprocessing.data.StandardScaler,estimator=sklearn.svm.classes.SVC)",No parameters available,No tasks available
13389,sklearn.svm.classes.SVC,No parameters available,No tasks available
16345,"sklearn.pipeline.Pipeline(simpleimputer=sklearn.impute._base.SimpleImputer,standardscaler=sklearn.preprocessing.data.StandardScaler,svc=sklearn.svm.classes.SVC)",No parameters available,No tasks available
16347,"sklearn.pipeline.Pipeline(simpleimputer=sklearn.impute._base.SimpleImputer,onehotencoder=sklearn.preprocessing._encoders.OneHotEncoder,svc=sklearn.svm.classes.SVC)",No parameters available,No tasks available
16353,"sklearn.pipeline.Pipeline(simpleimputer=sklearn.impute._base.SimpleImputer,columntransformer=sklearn.compose._column_transformer.ColumnTransformer(num=sklearn.pipeline.Pipeline(scaler=sklearn.preprocessing.data.StandardScaler),cat=sklearn.pipeline.Pipeline(onehot=sklearn.preprocessing._encoders.OneHotEncoder)),svc=sklearn.svm.classes.SVC)",No parameters available,No tasks available
16357,"sklearn.pipeline.Pipeline(simpleimputer=sklearn.impute._base.SimpleImputer,standardscaler=sklearn.preprocessing.data.StandardScaler,svc=sklearn.svm.classes.SVC)",No parameters available,No tasks available
16360,sklearn.svm.classes.SVC,No parameters available,No tasks available
16361,"sklearn.pipeline.Pipeline(simpleimputer=sklearn.impute._base.SimpleImputer,columntransformer=sklearn.compose._column_transformer.ColumnTransformer(num=sklearn.pipeline.Pipeline(scaler=sklearn.preprocessing.data.StandardScaler),cat=sklearn.pipeline.Pipeline(onehot=sklearn.preprocessing._encoders.OneHotEncoder)),svc=sklearn.svm.classes.SVC)",No parameters available,No tasks available
16366,"sklearn.pipeline.Pipeline(simpleimputer=sklearn.impute._base.SimpleImputer,onehotencoder=sklearn.preprocessing._encoders.OneHotEncoder,svc=sklearn.svm.classes.SVC)",No parameters available,No tasks available
16367,"sklearn.pipeline.Pipeline(columntransformer=sklearn.compose._column_transformer.ColumnTransformer(num=sklearn.pipeline.Pipeline(simpleimputer=sklearn.impute._base.SimpleImputer,standardscaler=sklearn.preprocessing.data.StandardScaler),cat=sklearn.pipeline.Pipeline(onehotencoder=sklearn.preprocessing._encoders.OneHotEncoder)),svc=sklearn.svm.classes.SVC)",No parameters available,No tasks available
16371,"sklearn.pipeline.Pipeline(simpleimputer=sklearn.impute._base.SimpleImputer,columntransformer=sklearn.compose._column_transformer.ColumnTransformer(num=sklearn.pipeline.Pipeline(standardscaler=sklearn.preprocessing.data.StandardScaler),cat=sklearn.pipeline.Pipeline(onehotencoder=sklearn.preprocessing._encoders.OneHotEncoder)),svc=sklearn.svm.classes.SVC)",No parameters available,No tasks available
16374,"sklearn.pipeline.Pipeline(simpleimputer=sklearn.impute._base.SimpleImputer,columntransformer=sklearn.compose._column_transformer.ColumnTransformer(num=sklearn.pipeline.Pipeline(standardscaler=sklearn.preprocessing.data.StandardScaler),cat=sklearn.pipeline.Pipeline(onehotencoder=sklearn.preprocessing._encoders.OneHotEncoder)),svc=sklearn.svm.classes.SVC)",No parameters available,No tasks available
16378,"sklearn.pipeline.Pipeline(columntransformer=sklearn.compose._column_transformer.ColumnTransformer(num=sklearn.pipeline.Pipeline(standardscaler=sklearn.preprocessing.data.StandardScaler),cat=sklearn.pipeline.Pipeline(onehotencoder=sklearn.preprocessing._encoders.OneHotEncoder)),svc=sklearn.svm.classes.SVC)",No parameters available,No tasks available
16379,"sklearn.pipeline.Pipeline(standardscaler=sklearn.preprocessing.data.StandardScaler,svc=sklearn.svm.classes.SVC)",No parameters available,No tasks available
17274,sklearn.pipeline.Pipeline(svc=sklearn.svm.classes.SVC),No parameters available,No tasks available
17275,"sklearn.pipeline.Pipeline(columntransformer=sklearn.compose._column_transformer.ColumnTransformer(standardscaler=sklearn.preprocessing.data.StandardScaler,onehotencoder=sklearn.preprocessing._encoders.OneHotEncoder),svc=sklearn.svm.classes.SVC)",No parameters available,No tasks available
17280,"sklearn.pipeline.Pipeline(columntransformer=sklearn.compose._column_transformer.ColumnTransformer(num=sklearn.pipeline.Pipeline(standardscaler=sklearn.preprocessing.data.StandardScaler),cat=sklearn.pipeline.Pipeline(onehotencoder=sklearn.preprocessing._encoders.OneHotEncoder)),svc=sklearn.svm.classes.SVC)",No parameters available,No tasks available
17286,sklearn.svm.classes.SVC,No parameters available,No tasks available
17296,sklearn.svm.classes.SVC,No parameters available,No tasks available
17297,sklearn.svm.classes.SVC,No parameters available,No tasks available
17312,"sklearn.pipeline.Pipeline(columntransformer=sklearn.compose._column_transformer.ColumnTransformer(numeric=sklearn.pipeline.Pipeline(imputer=sklearn.preprocessing.imputation.Imputer,standardscaler=sklearn.preprocessing.data.StandardScaler),nominal=sklearn.pipeline.Pipeline(simpleimputer=sklearn.impute._base.SimpleImputer,onehotencoder=sklearn.preprocessing._encoders.OneHotEncoder)),variancethreshold=sklearn.feature_selection.variance_threshold.VarianceThreshold,svc=sklearn.svm.classes.SVC)",No parameters available,No tasks available
17336,sklearn.svm.classes.SVC,No parameters available,No tasks available
17337,"sklearn.pipeline.Pipeline(simpleimputer=sklearn.impute._base.SimpleImputer,columntransformer=sklearn.compose._column_transformer.ColumnTransformer(num=sklearn.pipeline.Pipeline(standardscaler=sklearn.preprocessing.data.StandardScaler),cat=sklearn.pipeline.Pipeline(onehotencoder=sklearn.preprocessing._encoders.OneHotEncoder)),svc=sklearn.svm.classes.SVC)",No parameters available,No tasks available
17344,sklearn.pipeline.Pipeline(svc=sklearn.svm.classes.SVC),No parameters available,No tasks available
17345,sklearn.svm.classes.SVC,No parameters available,No tasks available
17351,"sklearn.pipeline.Pipeline(imputation=sklearn.impute._base.SimpleImputer,variancethreshold=sklearn.feature_selection._variance_threshold.VarianceThreshold,classifier=sklearn.svm._classes.SVC)",No parameters available,No tasks available
17354,sklearn.svm._classes.SVC,No parameters available,No tasks available
17355,"sklearn.pipeline.Pipeline(imputation=sklearn.impute._base.SimpleImputer,classifier=sklearn.svm._classes.SVC)",No parameters available,No tasks available
17393,"sklearn.pipeline.Pipeline(columntransformer=sklearn.compose._column_transformer.ColumnTransformer(num=sklearn.pipeline.Pipeline(standardscaler=sklearn.preprocessing.data.StandardScaler),cat=sklearn.pipeline.Pipeline(onehotencoder=sklearn.preprocessing._encoders.OneHotEncoder)),svc=sklearn.svm.classes.SVC)",No parameters available,No tasks available
17399,sklearn.svm.classes.SVC,No parameters available,No tasks available
17400,"sklearn.pipeline.Pipeline(standardscaler=sklearn.preprocessing.data.StandardScaler,svc=sklearn.svm.classes.SVC)",No parameters available,No tasks available
17444,"sklearn.pipeline.Pipeline(columntransformer=sklearn.compose._column_transformer.ColumnTransformer(numeric=sklearn.pipeline.Pipeline(imputer=sklearn.preprocessing.imputation.Imputer,standardscaler=sklearn.preprocessing.data.StandardScaler),nominal=sklearn.pipeline.Pipeline(simpleimputer=sklearn.impute._base.SimpleImputer,onehotencoder=sklearn.preprocessing._encoders.OneHotEncoder)),variancethreshold=sklearn.feature_selection.variance_threshold.VarianceThreshold,svc=sklearn.svm.classes.SVC)",No parameters available,No tasks available
17445,sklearn.svm.classes.SVC,No parameters available,No tasks available
17447,"sklearn.pipeline.Pipeline(simpleimputer=sklearn.impute._base.SimpleImputer,standardscaler=sklearn.preprocessing.data.StandardScaler,svc=sklearn.svm.classes.SVC)",No parameters available,No tasks available
17449,"sklearn.pipeline.Pipeline(simpleimputer=sklearn.impute._base.SimpleImputer,onehotencoder=sklearn.preprocessing._encoders.OneHotEncoder,svc=sklearn.svm.classes.SVC)",No parameters available,No tasks available
17494,"sklearn.pipeline.Pipeline(simpleimputer=sklearn.impute._base.SimpleImputer,standardscaler=sklearn.preprocessing.data.StandardScaler,svc=sklearn.svm.classes.SVC)",No parameters available,No tasks available
17495,sklearn.svm.classes.SVC,No parameters available,No tasks available
17610,sklearn.svm._classes.SVC,No parameters available,No tasks available
17611,"sklearn.pipeline.Pipeline(step1=sklearn.impute._base.SimpleImputer,step2=sklearn.svm._classes.SVC)",No parameters available,No tasks available
17632,"sklearn.pipeline.Pipeline(standardscaler=sklearn.preprocessing._data.StandardScaler,svc=sklearn.svm._classes.SVC)",No parameters available,No tasks available
17634,"sklearn.calibration.CalibratedClassifierCV(base_estimator=sklearn.pipeline.Pipeline(standardscaler=sklearn.preprocessing._data.StandardScaler,svc=sklearn.svm._classes.SVC))",No parameters available,No tasks available
17635,"sklearn.pipeline.Pipeline(standardscaler=sklearn.preprocessing._data.StandardScaler,svc=sklearn.svm._classes.SVC)",No parameters available,No tasks available
17637,sklearn.svm._classes.SVC,No parameters available,No tasks available
17638,"sklearn.calibration.CalibratedClassifierCV(base_estimator=sklearn.pipeline.Pipeline(standardscaler=sklearn.preprocessing._data.StandardScaler,svc=sklearn.svm._classes.SVC))",No parameters available,No tasks available
17639,"sklearn.pipeline.Pipeline(simpleimputer=sklearn.impute._base.SimpleImputer,standardscaler=sklearn.preprocessing._data.StandardScaler,svc=sklearn.svm._classes.SVC)",No parameters available,No tasks available
17640,"sklearn.pipeline.Pipeline(simpleimputer=sklearn.impute._base.SimpleImputer,standardscaler=sklearn.preprocessing._data.StandardScaler,svc=sklearn.svm._classes.SVC)",No parameters available,No tasks available
17642,"sklearn.calibration.CalibratedClassifierCV(base_estimator=sklearn.pipeline.Pipeline(simpleimputer=sklearn.impute._base.SimpleImputer,standardscaler=sklearn.preprocessing._data.StandardScaler,svc=sklearn.svm._classes.SVC))",No parameters available,No tasks available
17690,sklearn.svm.classes.SVC,No parameters available,No tasks available
17706,sklearn.pipeline.Pipeline(step_0=sklearn.svm._classes.SVC),No parameters available,No tasks available
17707,sklearn.svm._classes.SVC,No parameters available,No tasks available
17712,"sklearn.pipeline.Pipeline(step_0=automl.components.feature_preprocessing.multi_column_label_encoder.MultiColumnLabelEncoderComponent,step_1=sklearn.svm._classes.SVC)",No parameters available,No tasks available
17713,"sklearn.pipeline.Pipeline(step_0=automl.components.feature_preprocessing.one_hot_encoding.OneHotEncoderComponent,step_1=sklearn.svm._classes.SVC)",No parameters available,No tasks available
17733,"sklearn.pipeline.Pipeline(step_0=sklearn.decomposition._factor_analysis.FactorAnalysis,step_1=sklearn.svm._classes.SVC)",No parameters available,No tasks available
17764,"sklearn.pipeline.Pipeline(step_0=sklearn.preprocessing._data.QuantileTransformer,step_1=sklearn.svm._classes.SVC)",No parameters available,No tasks available
17772,"sklearn.pipeline.Pipeline(step_0=sklearn.preprocessing._data.Normalizer,step_1=sklearn.svm._classes.SVC)",No parameters available,No tasks available
17773,"sklearn.pipeline.Pipeline(step_0=sklearn.decomposition._truncated_svd.TruncatedSVD,step_1=sklearn.svm._classes.SVC)",No parameters available,No tasks available
17782,"sklearn.pipeline.Pipeline(step_0=sklearn.decomposition._pca.PCA,step_1=sklearn.svm._classes.SVC)",No parameters available,No tasks available
17788,"sklearn.pipeline.Pipeline(step_0=sklearn.preprocessing._data.StandardScaler,step_1=sklearn.svm._classes.SVC)",No parameters available,No tasks available
17807,"sklearn.pipeline.Pipeline(step_0=sklearn.preprocessing._data.MinMaxScaler,step_1=sklearn.svm._classes.SVC)",No parameters available,No tasks available
17815,"sklearn.pipeline.Pipeline(step_0=sklearn.preprocessing._data.PolynomialFeatures,step_1=sklearn.svm._classes.SVC)",No parameters available,No tasks available
17819,"sklearn.pipeline.Pipeline(step_0=sklearn.preprocessing._discretization.KBinsDiscretizer,step_1=sklearn.svm._classes.SVC)",No parameters available,No tasks available
17835,"sklearn.pipeline.Pipeline(step_0=sklearn.preprocessing._data.MaxAbsScaler,step_1=sklearn.svm._classes.SVC)",No parameters available,No tasks available
17838,"sklearn.pipeline.Pipeline(step_0=sklearn.decomposition._kernel_pca.KernelPCA,step_1=sklearn.svm._classes.SVC)",No parameters available,No tasks available
17842,"sklearn.pipeline.Pipeline(step_0=sklearn.cluster._agglomerative.FeatureAgglomeration,step_1=sklearn.svm._classes.SVC)",No parameters available,No tasks available
17848,"sklearn.pipeline.Pipeline(step_0=automl.components.data_preprocessing.imputation.ImputationComponent,step_1=sklearn.svm._classes.SVC)",No parameters available,No tasks available
17849,"sklearn.pipeline.Pipeline(step_0=sklearn.feature_selection._univariate_selection.GenericUnivariateSelect,step_1=sklearn.svm._classes.SVC)",No parameters available,No tasks available
17851,"sklearn.pipeline.Pipeline(step_0=sklearn.decomposition._fastica.FastICA,step_1=sklearn.svm._classes.SVC)",No parameters available,No tasks available
17859,"sklearn.pipeline.Pipeline(step_0=sklearn.impute._knn.KNNImputer,step_1=sklearn.svm._classes.SVC)",No parameters available,No tasks available
17860,"sklearn.pipeline.Pipeline(step_0=sklearn.feature_selection._variance_threshold.VarianceThreshold,step_1=sklearn.svm._classes.SVC)",No parameters available,No tasks available
17862,"sklearn.pipeline.Pipeline(step_0=sklearn.feature_selection._univariate_selection.SelectPercentile,step_1=sklearn.svm._classes.SVC)",No parameters available,No tasks available
17866,"sklearn.pipeline.Pipeline(step_0=sklearn.preprocessing._data.RobustScaler,step_1=sklearn.svm._classes.SVC)",No parameters available,No tasks available
17997,"sklearn.pipeline.Pipeline(step_0=automl.components.feature_preprocessing.multi_column_label_encoder.MultiColumnLabelEncoderComponent,step_1=sklearn.decomposition._pca.PCA,step_2=sklearn.svm._classes.SVC)",No parameters available,No tasks available
18001,"sklearn.pipeline.Pipeline(step_0=automl.components.feature_preprocessing.one_hot_encoding.OneHotEncoderComponent,step_1=sklearn.decomposition._fastica.FastICA,step_2=sklearn.svm._classes.SVC)",No parameters available,No tasks available
18005,"sklearn.pipeline.Pipeline(step_0=automl.components.feature_preprocessing.multi_column_label_encoder.MultiColumnLabelEncoderComponent,step_1=sklearn.preprocessing._data.StandardScaler,step_2=sklearn.svm._classes.SVC)",No parameters available,No tasks available
18009,"sklearn.pipeline.Pipeline(step_0=automl.components.feature_preprocessing.one_hot_encoding.OneHotEncoderComponent,step_1=sklearn.feature_selection._univariate_selection.SelectPercentile,step_2=sklearn.svm._classes.SVC)",No parameters available,No tasks available
18042,"sklearn.pipeline.Pipeline(step_0=automl.components.feature_preprocessing.one_hot_encoding.OneHotEncoderComponent,step_1=sklearn.cluster._agglomerative.FeatureAgglomeration,step_2=sklearn.svm._classes.SVC)",No parameters available,No tasks available
18045,"sklearn.pipeline.Pipeline(step_0=automl.components.feature_preprocessing.multi_column_label_encoder.MultiColumnLabelEncoderComponent,step_1=sklearn.decomposition._truncated_svd.TruncatedSVD,step_2=sklearn.svm._classes.SVC)",No parameters available,No tasks available
18047,"sklearn.pipeline.Pipeline(step_0=automl.components.feature_preprocessing.one_hot_encoding.OneHotEncoderComponent,step_1=sklearn.preprocessing._data.MaxAbsScaler,step_2=sklearn.svm._classes.SVC)",No parameters available,No tasks available
18049,"sklearn.pipeline.Pipeline(step_0=automl.components.feature_preprocessing.multi_column_label_encoder.MultiColumnLabelEncoderComponent,step_1=sklearn.preprocessing._data.MinMaxScaler,step_2=sklearn.svm._classes.SVC)",No parameters available,No tasks available
18050,"sklearn.pipeline.Pipeline(step_0=automl.components.feature_preprocessing.multi_column_label_encoder.MultiColumnLabelEncoderComponent,step_1=sklearn.cluster._agglomerative.FeatureAgglomeration,step_2=sklearn.svm._classes.SVC)",No parameters available,No tasks available
18058,"sklearn.pipeline.Pipeline(step_0=automl.components.feature_preprocessing.multi_column_label_encoder.MultiColumnLabelEncoderComponent,step_1=sklearn.preprocessing._data.Binarizer,step_2=sklearn.svm._classes.SVC)",No parameters available,No tasks available
18060,"sklearn.pipeline.Pipeline(step_0=automl.components.feature_preprocessing.multi_column_label_encoder.MultiColumnLabelEncoderComponent,step_1=sklearn.preprocessing._data.QuantileTransformer,step_2=sklearn.svm._classes.SVC)",No parameters available,No tasks available
18077,"sklearn.pipeline.Pipeline(step_0=automl.components.feature_preprocessing.one_hot_encoding.OneHotEncoderComponent,step_1=automl.components.data_preprocessing.imputation.ImputationComponent,step_2=sklearn.svm._classes.SVC)",No parameters available,No tasks available
18078,"sklearn.pipeline.Pipeline(step_0=automl.components.data_preprocessing.imputation.ImputationComponent,step_1=automl.components.feature_preprocessing.one_hot_encoding.OneHotEncoderComponent,step_2=sklearn.svm._classes.SVC)",No parameters available,No tasks available
18079,"sklearn.pipeline.Pipeline(step_0=automl.components.feature_preprocessing.one_hot_encoding.OneHotEncoderComponent,step_1=sklearn.impute._knn.KNNImputer,step_2=sklearn.svm._classes.SVC)",No parameters available,No tasks available
18080,"sklearn.pipeline.Pipeline(step_0=automl.components.feature_preprocessing.one_hot_encoding.OneHotEncoderComponent,step_1=automl.components.feature_preprocessing.multi_column_label_encoder.MultiColumnLabelEncoderComponent,step_2=sklearn.svm._classes.SVC)",No parameters available,No tasks available
18081,"sklearn.pipeline.Pipeline(step_0=automl.components.feature_preprocessing.one_hot_encoding.OneHotEncoderComponent,step_1=sklearn.feature_selection._variance_threshold.VarianceThreshold,step_2=sklearn.svm._classes.SVC)",No parameters available,No tasks available
18082,"sklearn.pipeline.Pipeline(step_0=automl.components.feature_preprocessing.one_hot_encoding.OneHotEncoderComponent,step_1=sklearn.preprocessing._data.StandardScaler,step_2=sklearn.svm._classes.SVC)",No parameters available,No tasks available
18098,"sklearn.pipeline.Pipeline(step_0=automl.components.feature_preprocessing.one_hot_encoding.OneHotEncoderComponent,step_1=sklearn.preprocessing._data.Normalizer,step_2=sklearn.svm._classes.SVC)",No parameters available,No tasks available
18118,"sklearn.pipeline.Pipeline(step_0=automl.components.feature_preprocessing.one_hot_encoding.OneHotEncoderComponent,step_1=sklearn.preprocessing._data.Binarizer,step_2=sklearn.svm._classes.SVC)",No parameters available,No tasks available
18121,"sklearn.pipeline.Pipeline(step_0=automl.components.feature_preprocessing.multi_column_label_encoder.MultiColumnLabelEncoderComponent,step_1=sklearn.feature_selection._univariate_selection.SelectPercentile,step_2=sklearn.svm._classes.SVC)",No parameters available,No tasks available
18122,"sklearn.pipeline.Pipeline(step_0=automl.components.feature_preprocessing.multi_column_label_encoder.MultiColumnLabelEncoderComponent,step_1=sklearn.feature_selection._univariate_selection.GenericUnivariateSelect,step_2=sklearn.svm._classes.SVC)",No parameters available,No tasks available
18126,"sklearn.pipeline.Pipeline(step_0=automl.components.feature_preprocessing.one_hot_encoding.OneHotEncoderComponent,step_1=sklearn.preprocessing._discretization.KBinsDiscretizer,step_2=sklearn.svm._classes.SVC)",No parameters available,No tasks available
18131,"sklearn.pipeline.Pipeline(step_0=automl.components.feature_preprocessing.multi_column_label_encoder.MultiColumnLabelEncoderComponent,step_1=sklearn.decomposition._fastica.FastICA,step_2=sklearn.svm._classes.SVC)",No parameters available,No tasks available
18133,"sklearn.pipeline.Pipeline(step_0=automl.components.feature_preprocessing.one_hot_encoding.OneHotEncoderComponent,step_1=sklearn.decomposition._factor_analysis.FactorAnalysis,step_2=sklearn.svm._classes.SVC)",No parameters available,No tasks available
18138,"sklearn.pipeline.Pipeline(step_0=automl.components.feature_preprocessing.one_hot_encoding.OneHotEncoderComponent,step_1=sklearn.preprocessing._data.MinMaxScaler,step_2=sklearn.svm._classes.SVC)",No parameters available,No tasks available
18153,"sklearn.pipeline.Pipeline(step_0=automl.components.feature_preprocessing.multi_column_label_encoder.MultiColumnLabelEncoderComponent,step_1=automl.components.data_preprocessing.imputation.ImputationComponent,step_2=sklearn.svm._classes.SVC)",No parameters available,No tasks available
18156,"sklearn.pipeline.Pipeline(step_0=automl.components.feature_preprocessing.multi_column_label_encoder.MultiColumnLabelEncoderComponent,step_1=sklearn.feature_selection._variance_threshold.VarianceThreshold,step_2=sklearn.svm._classes.SVC)",No parameters available,No tasks available
18157,"sklearn.pipeline.Pipeline(step_0=automl.components.feature_preprocessing.multi_column_label_encoder.MultiColumnLabelEncoderComponent,step_1=automl.components.feature_preprocessing.one_hot_encoding.OneHotEncoderComponent,step_2=sklearn.svm._classes.SVC)",No parameters available,No tasks available
18158,"sklearn.pipeline.Pipeline(step_0=automl.components.feature_preprocessing.multi_column_label_encoder.MultiColumnLabelEncoderComponent,step_1=sklearn.impute._knn.KNNImputer,step_2=sklearn.svm._classes.SVC)",No parameters available,No tasks available
18159,"sklearn.pipeline.Pipeline(step_0=automl.components.feature_preprocessing.multi_column_label_encoder.MultiColumnLabelEncoderComponent,step_1=sklearn.preprocessing._data.RobustScaler,step_2=sklearn.svm._classes.SVC)",No parameters available,No tasks available
18164,"sklearn.pipeline.Pipeline(step_0=automl.components.feature_preprocessing.multi_column_label_encoder.MultiColumnLabelEncoderComponent,step_1=sklearn.decomposition._factor_analysis.FactorAnalysis,step_2=sklearn.svm._classes.SVC)",No parameters available,No tasks available
18188,"sklearn.pipeline.Pipeline(step_0=automl.components.feature_preprocessing.multi_column_label_encoder.MultiColumnLabelEncoderComponent,step_1=sklearn.decomposition._kernel_pca.KernelPCA,step_2=sklearn.svm._classes.SVC)",No parameters available,No tasks available
18196,"sklearn.pipeline.Pipeline(step_0=automl.components.feature_preprocessing.multi_column_label_encoder.MultiColumnLabelEncoderComponent,step_1=sklearn.preprocessing._data.MaxAbsScaler,step_2=sklearn.svm._classes.SVC)",No parameters available,No tasks available
18213,"sklearn.pipeline.Pipeline(step_0=automl.components.feature_preprocessing.one_hot_encoding.OneHotEncoderComponent,step_1=sklearn.decomposition._kernel_pca.KernelPCA,step_2=sklearn.svm._classes.SVC)",No parameters available,No tasks available
18236,"sklearn.pipeline.Pipeline(step_0=automl.components.feature_preprocessing.multi_column_label_encoder.MultiColumnLabelEncoderComponent,step_1=sklearn.preprocessing._data.Normalizer,step_2=sklearn.svm._classes.SVC)",No parameters available,No tasks available
18244,"sklearn.pipeline.Pipeline(step_0=automl.components.feature_preprocessing.one_hot_encoding.OneHotEncoderComponent,step_1=sklearn.preprocessing._data.QuantileTransformer,step_2=sklearn.svm._classes.SVC)",No parameters available,No tasks available
18252,"sklearn.pipeline.Pipeline(step_0=automl.components.feature_preprocessing.multi_column_label_encoder.MultiColumnLabelEncoderComponent,step_1=sklearn.preprocessing._discretization.KBinsDiscretizer,step_2=sklearn.svm._classes.SVC)",No parameters available,No tasks available
18281,"sklearn.pipeline.Pipeline(step_0=automl.components.feature_preprocessing.one_hot_encoding.OneHotEncoderComponent,step_1=sklearn.feature_selection._univariate_selection.GenericUnivariateSelect,step_2=sklearn.svm._classes.SVC)",No parameters available,No tasks available
18298,"sklearn.pipeline.Pipeline(simpleimputer=sklearn.impute._base.SimpleImputer,columntransformer=sklearn.compose._column_transformer.ColumnTransformer(num=sklearn.pipeline.Pipeline(standardscaler=sklearn.preprocessing.data.StandardScaler),cat=sklearn.pipeline.Pipeline(onehotencoder=sklearn.preprocessing._encoders.OneHotEncoder)),svc=sklearn.svm.classes.SVC)",No parameters available,No tasks available
18305,"sklearn.pipeline.Pipeline(step_0=sklearn.preprocessing._data.Binarizer,step_1=sklearn.svm._classes.SVC)",No parameters available,No tasks available
18374,"sklearn.pipeline.Pipeline(step_0=automl.components.feature_preprocessing.multi_column_label_encoder.MultiColumnLabelEncoderComponent,step_1=sklearn.preprocessing._data.PolynomialFeatures,step_2=sklearn.svm._classes.SVC)",No parameters available,No tasks available
18388,"sklearn.pipeline.Pipeline(simpleimputer=sklearn.impute._base.SimpleImputer,onehotencoder=sklearn.preprocessing._encoders.OneHotEncoder,svc=sklearn.svm.classes.SVC)",No parameters available,No tasks available
18434,"sklearn.pipeline.Pipeline(step_0=automl.components.feature_preprocessing.one_hot_encoding.OneHotEncoderComponent,step_1=sklearn.preprocessing._data.RobustScaler,step_2=sklearn.svm._classes.SVC)",No parameters available,No tasks available
18444,"sklearn.pipeline.Pipeline(step_0=automl.components.feature_preprocessing.one_hot_encoding.OneHotEncoderComponent,step_1=sklearn.decomposition._pca.PCA,step_2=sklearn.svm._classes.SVC)",No parameters available,No tasks available
18447,"sklearn.pipeline.Pipeline(step_0=sklearn.feature_selection._univariate_selection.SelectKBest,step_1=sklearn.svm._classes.SVC)",No parameters available,No tasks available
18451,"sklearn.pipeline.Pipeline(step_0=sklearn.impute._base.MissingIndicator,step_1=sklearn.svm._classes.SVC)",No parameters available,No tasks available
18456,"sklearn.pipeline.Pipeline(step_0=sklearn.impute._base.MissingIndicator,step_1=automl.components.feature_preprocessing.one_hot_encoding.OneHotEncoderComponent,step_2=sklearn.svm._classes.SVC)",No parameters available,No tasks available
18457,"sklearn.pipeline.Pipeline(step_0=sklearn.impute._base.MissingIndicator,step_1=automl.components.feature_preprocessing.multi_column_label_encoder.MultiColumnLabelEncoderComponent,step_2=sklearn.svm._classes.SVC)",No parameters available,No tasks available
18459,"sklearn.pipeline.Pipeline(step_0=sklearn.impute._base.MissingIndicator,step_1=sklearn.decomposition._fastica.FastICA,step_2=sklearn.svm._classes.SVC)",No parameters available,No tasks available
18465,"sklearn.pipeline.Pipeline(step_0=sklearn.impute._base.MissingIndicator,step_1=sklearn.preprocessing._discretization.KBinsDiscretizer,step_2=sklearn.svm._classes.SVC)",No parameters available,No tasks available
18471,"sklearn.pipeline.Pipeline(step_0=sklearn.impute._base.MissingIndicator,step_1=sklearn.preprocessing._data.Normalizer,step_2=sklearn.svm._classes.SVC)",No parameters available,No tasks available
18490,"sklearn.pipeline.Pipeline(step_0=sklearn.impute._base.MissingIndicator,step_1=sklearn.decomposition._factor_analysis.FactorAnalysis,step_2=sklearn.svm._classes.SVC)",No parameters available,No tasks available
18495,"sklearn.pipeline.Pipeline(step_0=sklearn.impute._base.MissingIndicator,step_1=sklearn.decomposition._pca.PCA,step_2=sklearn.svm._classes.SVC)",No parameters available,No tasks available
18496,"sklearn.pipeline.Pipeline(step_0=sklearn.impute._base.MissingIndicator,step_1=sklearn.feature_selection._univariate_selection.SelectKBest,step_2=sklearn.svm._classes.SVC)",No parameters available,No tasks available
18521,"sklearn.pipeline.Pipeline(step_0=sklearn.impute._base.MissingIndicator,step_1=sklearn.feature_selection._variance_threshold.VarianceThreshold,step_2=sklearn.svm._classes.SVC)",No parameters available,No tasks available
18529,"sklearn.pipeline.Pipeline(step_0=sklearn.impute._base.MissingIndicator,step_1=sklearn.preprocessing._data.StandardScaler,step_2=sklearn.svm._classes.SVC)",No parameters available,No tasks available
18532,"sklearn.pipeline.Pipeline(step_0=sklearn.impute._base.MissingIndicator,step_1=sklearn.impute._knn.KNNImputer,step_2=sklearn.svm._classes.SVC)",No parameters available,No tasks available
18533,"sklearn.pipeline.Pipeline(step_0=sklearn.impute._base.MissingIndicator,step_1=sklearn.preprocessing._data.RobustScaler,step_2=sklearn.svm._classes.SVC)",No parameters available,No tasks available
18534,"sklearn.pipeline.Pipeline(step_0=sklearn.impute._base.MissingIndicator,step_1=sklearn.preprocessing._data.QuantileTransformer,step_2=sklearn.svm._classes.SVC)",No parameters available,No tasks available
18535,"sklearn.pipeline.Pipeline(step_0=sklearn.impute._base.MissingIndicator,step_1=sklearn.preprocessing._data.MaxAbsScaler,step_2=sklearn.svm._classes.SVC)",No parameters available,No tasks available
18536,"sklearn.pipeline.Pipeline(step_0=sklearn.impute._base.MissingIndicator,step_1=sklearn.preprocessing._data.MinMaxScaler,step_2=sklearn.svm._classes.SVC)",No parameters available,No tasks available
18550,"sklearn.pipeline.Pipeline(step_0=sklearn.impute._base.MissingIndicator,step_1=sklearn.preprocessing._data.PolynomialFeatures,step_2=sklearn.svm._classes.SVC)",No parameters available,No tasks available
18552,"sklearn.pipeline.Pipeline(step_0=sklearn.impute._base.MissingIndicator,step_1=sklearn.decomposition._kernel_pca.KernelPCA,step_2=sklearn.svm._classes.SVC)",No parameters available,No tasks available
18568,"sklearn.pipeline.Pipeline(step_0=automl.components.feature_preprocessing.one_hot_encoding.OneHotEncoderComponent,step_1=sklearn.impute._base.MissingIndicator,step_2=sklearn.svm._classes.SVC)",No parameters available,No tasks available
18709,"sklearn.pipeline.Pipeline(columntransformer=sklearn.compose._column_transformer.ColumnTransformer(num=sklearn.pipeline.Pipeline(standardscaler=sklearn.preprocessing._data.StandardScaler),cat=sklearn.pipeline.Pipeline(onehotencoder=sklearn.preprocessing._encoders.OneHotEncoder)),svc=sklearn.svm._classes.SVC)",No parameters available,No tasks available
18715,sklearn.svm._classes.SVC,No parameters available,No tasks available
18716,"sklearn.pipeline.Pipeline(standardscaler=sklearn.preprocessing._data.StandardScaler,svc=sklearn.svm._classes.SVC)",No parameters available,No tasks available
18720,"sklearn.pipeline.Pipeline(columntransformer=sklearn.compose._column_transformer.ColumnTransformer(num=sklearn.preprocessing._data.StandardScaler,cat=sklearn.preprocessing._encoders.OneHotEncoder),svc=sklearn.svm._classes.SVC)",No parameters available,No tasks available
18724,sklearn.svm._classes.SVC,No parameters available,No tasks available
18730,sklearn.svm._classes.SVC,No parameters available,No tasks available
18735,"sklearn.pipeline.Pipeline(standardscaler=sklearn.preprocessing.data.StandardScaler,svc=sklearn.svm.classes.SVC)",No parameters available,No tasks available
18737,sklearn.svm.classes.SVC,No parameters available,No tasks available
18738,"sklearn.pipeline.Pipeline(standardscaler=sklearn.preprocessing.data.StandardScaler,svc=sklearn.svm.classes.SVC)",No parameters available,No tasks available
18740,sklearn.svm.classes.SVC,No parameters available,No tasks available
18791,"sklearn.pipeline.Pipeline(imputation=openmlstudy14.preprocessing.ConditionalImputer,hotencoding=sklearn.compose._column_transformer.ColumnTransformer(enc=sklearn.preprocessing._encoders.OneHotEncoder),scaling=sklearn.preprocessing._data.StandardScaler,variencethreshold=sklearn.feature_selection._variance_threshold.VarianceThreshold,classifier=sklearn.svm._classes.SVC)",No parameters available,No tasks available
18797,sklearn.svm._classes.SVC,No parameters available,No tasks available
18804,"sklearn.pipeline.Pipeline(imputation=openmlstudy14.preprocessing.ConditionalImputer,hotencoding=sklearn.preprocessing.data.OneHotEncoder,scaling=sklearn.preprocessing.data.StandardScaler,variencethreshold=sklearn.feature_selection.variance_threshold.VarianceThreshold,classifier=sklearn.svm.classes.SVC)",No parameters available,No tasks available
18809,sklearn.svm.classes.SVC,No parameters available,No tasks available
18862,sklearn.svm.classes.SVC,No parameters available,No tasks available
18899,"sklearn.pipeline.Pipeline(standardscaler=sklearn.preprocessing.data.StandardScaler,svc=sklearn.svm.classes.SVC)",No parameters available,No tasks available
18900,sklearn.svm.classes.SVC,No parameters available,No tasks available
18968,"sklearn.pipeline.Pipeline(columntransformer=sklearn.compose._column_transformer.ColumnTransformer(numeric=sklearn.pipeline.Pipeline(imputer=sklearn.preprocessing.imputation.Imputer,standardscaler=sklearn.preprocessing.data.StandardScaler),nominal=sklearn.pipeline.Pipeline(simpleimputer=sklearn.impute.SimpleImputer,onehotencoder=sklearn.preprocessing._encoders.OneHotEncoder)),variancethreshold=sklearn.feature_selection.variance_threshold.VarianceThreshold,svc=sklearn.svm.classes.SVC)",No parameters available,No tasks available
18969,sklearn.svm.classes.SVC,No parameters available,No tasks available
18984,"sklearn.pipeline.Pipeline(imputer=sklearn.impute.SimpleImputer,estimator=sklearn.svm.classes.SVC)",No parameters available,No tasks available
18986,sklearn.svm.classes.SVC,No parameters available,No tasks available
19000,sklearn.svm._classes.SVC,No parameters available,No tasks available
19007,"sklearn.pipeline.Pipeline(StandardScaler=sklearn.preprocessing._data.StandardScaler,svc=sklearn.svm._classes.SVC)",No parameters available,No tasks available
19008,"sklearn.pipeline.Pipeline(MinMaxScaler=sklearn.preprocessing._data.MinMaxScaler,svc=sklearn.svm._classes.SVC)",No parameters available,No tasks available
19015,"sklearn.pipeline.Pipeline(ColumnTansformer=sklearn.compose._column_transformer.ColumnTransformer(OneHotEncoder=sklearn.preprocessing._encoders.OneHotEncoder),MaxAbsScaler=sklearn.preprocessing._data.MaxAbsScaler,svc=sklearn.svm._classes.SVC)",No parameters available,No tasks available
19047,"sklearn.pipeline.Pipeline(standardscaler=sklearn.preprocessing._data.StandardScaler,svc=sklearn.svm._classes.SVC)",No parameters available,No tasks available
19049,sklearn.svm._classes.SVC,No parameters available,No tasks available
19165,"sklearn.pipeline.Pipeline(numerical=sklearn.pipeline.Pipeline(Imputer=sklearn.impute._base.SimpleImputer,scaler=sklearn.preprocessing._data.StandardScaler),model=sklearn.svm._classes.SVC)",No parameters available,No tasks available
19166,sklearn.svm._classes.SVC,No parameters available,No tasks available
19197,sklearn.svm._classes.SVC,No parameters available,No tasks available
19321,"sklearn.pipeline.Pipeline(Preprocessing=sklearn.compose._column_transformer.ColumnTransformer(categorical=sklearn.preprocessing._encoders.OneHotEncoder,continuous=sklearn.impute._base.SimpleImputer),reduce_dim=sklearn.feature_selection._from_model.SelectFromModel(estimator=sklearn.ensemble._forest.RandomForestClassifier),clf=sklearn.svm._classes.SVC)",No parameters available,No tasks available
19322,sklearn.svm._classes.SVC,No parameters available,No tasks available
19364,"sklearn.pipeline.Pipeline(imputer=sklearn.impute._base.SimpleImputer,estimator=sklearn.svm._classes.SVC)",No parameters available,No tasks available
19365,sklearn.svm._classes.SVC,No parameters available,No tasks available
19430,"sklearn.pipeline.Pipeline(imputer=sklearn.impute._base.SimpleImputer,estimator=sklearn.svm._classes.SVC)",No parameters available,No tasks available
19431,sklearn.svm._classes.SVC,No parameters available,No tasks available
19470,"sklearn.pipeline.Pipeline(Preprocessing=sklearn.compose._column_transformer.ColumnTransformer(categorical=sklearn.pipeline.Pipeline(onehotencoder=sklearn.preprocessing._encoders.OneHotEncoder,simpleimputer=sklearn.impute._base.SimpleImputer),numeric=sklearn.pipeline.Pipeline(standardscaler=sklearn.preprocessing._data.StandardScaler,knnimputer=sklearn.impute._knn.KNNImputer)),Classifier=sklearn.svm._classes.SVC)",No parameters available,No tasks available
19492,"sklearn.pipeline.Pipeline(Preprocessing=sklearn.compose._column_transformer.ColumnTransformer(categorical=sklearn.pipeline.Pipeline(onehotencoder=sklearn.preprocessing._encoders.OneHotEncoder,simpleimputer=sklearn.impute._base.SimpleImputer),numeric=sklearn.pipeline.Pipeline(variancethreshold=sklearn.feature_selection._variance_threshold.VarianceThreshold,standardscaler=sklearn.preprocessing._data.StandardScaler,knnimputer=sklearn.impute._knn.KNNImputer)),BayesinClassifier=sklearn.svm._classes.SVC)",No parameters available,No tasks available
19493,sklearn.svm._classes.SVC,No parameters available,No tasks available
25111,"sklearn.pipeline.Pipeline(scaler=sklearn.preprocessing._data.StandardScaler,classifier=sklearn.svm._classes.SVC)",No parameters available,No tasks available
25112,sklearn.svm._classes.SVC,No parameters available,No tasks available
25116,"sklearn.pipeline.Pipeline(preprocessing=sklearn.compose._column_transformer.ColumnTransformer(num=sklearn.preprocessing._data.StandardScaler),classifier=sklearn.svm._classes.SVC)",No parameters available,No tasks available
25118,sklearn.pipeline.Pipeline(classifier=sklearn.svm._classes.SVC),No parameters available,No tasks available
